[Tuesday/February 17/02/2026 20:58:53] /home/yannik/Videos/OBS/2025-12-14 15-48-42.mp4 | length=50.65 | time=0.38333333333333
[Tuesday/February 17/02/2026 20:58:53] /home/yannik/Videos/OBS/2025-11-26 01-01-12.mp4 | length=63.066666666667 | time=0.25
[Tuesday/February 17/02/2026 20:59:16] /home/yannik/Videos/OBS/2025-10-19 01-40-34.mp4 | length=67.616666666667 | time=40.5
[Tuesday/February 17/02/2026 21:04:29] /home/yannik/Videos/OBS/2025-10-18 23-38-41.mkv | length=2.197 | time=2.171
[Tuesday/February 17/02/2026 21:04:35] /home/yannik/Videos/OBS/2025-10-19 01-36-01.mp4 | length=18.083333333333 | time=5.8166666666667
[Tuesday/February 17/02/2026 21:16:38] /mnt/Data/Music_Collection/2 Chainz/2 Chainz & Lil Wayne - Welcome 2 Collegrove (2023)/04. 2 Chainz & Lil Wayne - Presha.mp3 | length=185.05839002268 | time=129.17555626417
[Tuesday/February 17/02/2026 21:17:11] /home/yannik/Videos/OBS/2025-10-19 01-36-01.mp4 | length=18.083333333333 | time=18.066666666667
[Tuesday/February 17/02/2026 21:18:24] /mnt/Data/Music_Collection/2 Chainz/2 Chainz & Lil Wayne - Welcome 2 Collegrove (2023)/03. 2 Chainz & Lil Wayne - Big Diamonds (ft. 21 Savage).mp3 | length=199.59632653061 | time=199.39102251222
[Tuesday/February 17/02/2026 21:18:29] /mnt/Data/Music_Collection/2 Chainz/2 Chainz & Lil Wayne - Welcome 2 Collegrove (2023)/04. 2 Chainz & Lil Wayne - Presha.mp3 | length=185.05839002268 | time=132.78130659943
[Tuesday/February 17/02/2026 21:20:39] /home/yannik/Videos/OBS/2025-11-25 18-31-54.mp4 | length=42.9 | time=7.05
[Tuesday/February 17/02/2026 21:20:59] /mnt/Data/Music_Collection/2 Chainz/2 Chainz & Lil Wayne - Welcome 2 Collegrove (2023)/06. 2 Chainz & Lil Wayne - Scene 2 - Duffle Bag Boys.mp3 | length=29.233766666667 | time=15.886055130386
[Tuesday/February 17/02/2026 21:20:59] /mnt/Data/Music_Collection/2 Chainz/2 Chainz & Lil Wayne - Welcome 2 Collegrove (2023)/07. 2 Chainz & Lil Wayne - Millions From Now.mp3 | length=139.85812222222 | time=7.0861678008738e-07
[Tuesday/February 17/02/2026 21:21:00] /mnt/Data/Music_Collection/2 Chainz/2 Chainz & Lil Wayne - Welcome 2 Collegrove (2023)/09. 2 Chainz & Lil Wayne - Transparency (ft. Usher).mp3 | length=195.09446712018 | time=7.0861678008738e-07
[Tuesday/February 17/02/2026 21:21:00] /mnt/Data/Music_Collection/2 Chainz/2 Chainz & Lil Wayne - Welcome 2 Collegrove (2023)/10. 2 Chainz & Lil Wayne - Significant Other.mp3 | length=263.66689342404 | time=7.0861678008738e-07
[Tuesday/February 17/02/2026 21:21:08] /mnt/Data/Music_Collection/2 Chainz/2 Chainz & Lil Wayne - Welcome 2 Collegrove (2023)/11. 2 Chainz & Lil Wayne - Scene 3 - Ladies Man.mp3 | length=31.543877777778 | time=7.1555705117189
[Tuesday/February 17/02/2026 21:21:11] /mnt/Data/Music_Collection/3rd Bass/Derelicts of Dialect (1991)/01. 3rd Bass - The Merchant Of Grooves.mp3 | length=97.593458333333 | time=2.01429207561
[Tuesday/February 17/02/2026 21:26:49] /home/yannik/Videos/OBS/2025-10-19 01-41-49.mp4 | length=137.48333333333 | time=16.366666666667
[Tuesday/February 17/02/2026 21:26:57] /home/yannik/Videos/OBS/2025-10-19 01-41-49.mp4 | length=137.48333333333 | time=17.85
[Tuesday/February 17/02/2026 21:28:46] /mnt/Data/Music_Collection/2 Chainz/2 Chainz & Lil Wayne - Welcome 2 Collegrove (2023)/08. 2 Chainz & Lil Wayne - Crazy Thick.mp3 | length=176.89474444444 | time=15.59979424932
[Tuesday/February 17/02/2026 21:28:54] /mnt/Data/Music_Collection/2 Chainz/2 Chainz & Lil Wayne - Welcome 2 Collegrove (2023)/08. 2 Chainz & Lil Wayne - Crazy Thick.mp3 | length=176.89474444444 | time=19.958299135202
[Tuesday/February 17/02/2026 21:31:06] /mnt/Data/Music_Collection/2 Chainz/2 Chainz & Lil Wayne - Welcome 2 Collegrove (2023)/08. 2 Chainz & Lil Wayne - Crazy Thick.mp3 | length=176.89474444444 | time=18.152289547016
[Tuesday/February 17/02/2026 21:31:09] /mnt/Data/Music_Collection/2 Chainz/2 Chainz & Lil Wayne - Welcome 2 Collegrove (2023)/21. 2 Chainz & Lil Wayne - Moonlight (ft. Marsha Ambrosius).mp3 | length=228.12519274376 | time=0.49421426223809
[Tuesday/February 17/02/2026 21:31:19] /mnt/Data/Music_Collection/2 Chainz/2 Chainz & Lil Wayne - Welcome 2 Collegrove (2023)/01. 2 Chainz & Lil Wayne - Scene 1 - Welcome 2 Collegrove.mp3 | length=49.155422222222 | time=9.0205829874241
[Tuesday/February 17/02/2026 21:32:19] /mnt/Data/Music_Collection/2 Chainz/2 Chainz & Lil Wayne - Welcome 2 Collegrove (2023)/01. 2 Chainz & Lil Wayne - Scene 1 - Welcome 2 Collegrove.mp3 | length=49.155422222222 | time=20.268202433891
[Tuesday/February 17/02/2026 21:48:29] /home/yannik/Videos/OBS/2025-10-19 01-40-34.mp4 | length=67.616666666667 | time=67.6
[Tuesday/February 17/02/2026 21:48:30] /home/yannik/Videos/OBS/2025-10-19 01-41-49.mp4 | length=137.48333333333 | time=21.433333333333
[Tuesday/February 17/02/2026 21:50:05] /mnt/Data/Music_Collection/2 Chainz/2 Chainz & Lil Wayne - Welcome 2 Collegrove (2023)/03. 2 Chainz & Lil Wayne - Big Diamonds (ft. 21 Savage).mp3 | length=199.59632653061 | time=3.6671633970907
[Tuesday/February 17/02/2026 22:46:18] /mnt/Data/Music_Collection/2 Chainz/2 Chainz & Lil Wayne - Welcome 2 Collegrove (2023)/06. 2 Chainz & Lil Wayne - Scene 2 - Duffle Bag Boys.mp3 | length=29.233766666667 | time=16.037530760308
[Tuesday/February 17/02/2026 22:46:18] /mnt/Data/Music_Collection/2 Chainz/2 Chainz & Lil Wayne - Welcome 2 Collegrove (2023)/05. 2 Chainz & Lil Wayne - Long Story Short.mp3 | length=210.33868888889 | time=0.63635982613832
[Tuesday/February 17/02/2026 22:46:18] /mnt/Data/Music_Collection/2 Chainz/2 Chainz & Lil Wayne - Welcome 2 Collegrove (2023)/04. 2 Chainz & Lil Wayne - Presha.mp3 | length=185.05839002268 | time=111.72414484976
[Tuesday/February 17/02/2026 22:46:18] /mnt/Data/Music_Collection/2 Chainz/2 Chainz & Lil Wayne - Welcome 2 Collegrove (2023)/03. 2 Chainz & Lil Wayne - Big Diamonds (ft. 21 Savage).mp3 | length=199.59632653061 | time=21.759239080841
[Tuesday/February 17/02/2026 22:46:18] /mnt/Data/Music_Collection/2 Chainz/2 Chainz & Lil Wayne - Welcome 2 Collegrove (2023)/02. 2 Chainz & Lil Wayne - G6.mp3 | length=184.57392290249 | time=0.7667520628254
[Tuesday/February 17/02/2026 22:46:18] /mnt/Data/Music_Collection/2 Chainz/2 Chainz & Lil Wayne - Welcome 2 Collegrove (2023)/01. 2 Chainz & Lil Wayne - Scene 1 - Welcome 2 Collegrove.mp3 | length=49.155422222222 | time=23.978809577156
[Tuesday/February 17/02/2026 22:46:51] /mnt/Data/Music_Collection/2 Chainz/2 Chainz & Lil Wayne - Welcome 2 Collegrove (2023)/Cover.jpg | length=0 | time=0
[Wednesday/February 18/02/2026 19:35:31] /run/user/1000/doc/15dad755/Ganz einfach Akustik.mp4 | length=246.53333333333 | time=113.3
[Wednesday/February 18/02/2026 19:55:08] /run/user/1000/doc/51102e8c/1. Home Alone (1990) (Eng Dub).mkv | length=6170.957 | time=4.046
[Wednesday/February 18/02/2026 19:55:08] /run/user/1000/doc/51102e8c/1. Home Alone (1990) (Eng Dub).mkv | length=6170.957 | time=0
[Wednesday/February 18/02/2026 19:55:14] /run/user/1000/doc/9d3c92a0/4. Home Alone 4 - Taking Back the House (2002) (Eng Dub).mkv | length=5037.598 | time=4678.757
[Wednesday/February 18/02/2026 19:56:23] /run/user/1000/doc/308758e6/Wicked (2024) (Eng Dub).mkv | length=9610.622 | time=0.792
[Wednesday/February 18/02/2026 19:57:25] /run/user/1000/doc/9df78f36/300 - Rise of an Empire (2014) (Eng Dub).mkv | length=6156.736 | time=5014.593
[Wednesday/February 18/02/2026 23:02:20] /mnt/Data/OUT$IDERZ/VISUALS/Videos (YT + Socials)/Vertical Videos/IN DA PIPELINE/Dezember Vertical/BOUNCE/#11_Dezember_Vertical_D07-M02-Y26_4K-FLAC.mp4 | length=20.064 | time=3.2833333333333
[Wednesday/February 18/02/2026 23:03:33] /mnt/Data/OUT$IDERZ/VISUALS/Videos (YT + Socials)/Vertical Videos/IN DA PIPELINE/Ganz bestimmt Vertical/EXP/#1_Ganz bestimmt_Vertical_D04-M02-Y26_4K-60FPS-FLAC.mp4 | length=28.032 | time=8.2833333333333
[Wednesday/February 18/02/2026 23:07:03] /mnt/Data/OUT$IDERZ/VISUALS/Videos (YT + Socials)/Vertical Videos/IN DA PIPELINE/Mosaik Vertical/EXPORT/#13_Mosaik_Vertical_D12-M02-Y26_4K-60FPS-FLAC.mp4 | length=19.68 | time=3.1666666666667
[Wednesday/February 18/02/2026 23:08:17] /mnt/Data/OUT$IDERZ/VISUALS/Videos (YT + Socials)/Vertical Videos/IN DA PIPELINE/Regen Vertical/EXP/#3_Regen_Vertical_D05-M02-Y26_4K-60FPS-libx264-FLAC.mp4 | length=51.552 | time=48.083333333333
[Thursday/February 19/02/2026 23:03:21] /mnt/Data/OUT$IDERZ/VISUALS/Videos (YT + Socials)/Vertical Videos/IN DA PIPELINE/### Außenseiter Vertical/1. Wer ich bin/EXP/#2_Wer ich bin_Vertical_D18-M02-Y26_4K-60FPS-FLAC.mp4 | length=12.768 | time=5.5833333333333
[Thursday/February 19/02/2026 23:03:45] /mnt/Data/OUT$IDERZ/VISUALS/Videos (YT + Socials)/Vertical Videos/IN DA PIPELINE/Mosaik Vertical/EXPORT/#13_Mosaik_Vertical_D12-M02-Y26_4K-60FPS-FLAC.mp4 | length=19.68 | time=16.25
[Thursday/February 19/02/2026 23:05:43] /mnt/Data/OUT$IDERZ/VISUALS/Videos (YT + Socials)/Vertical Videos/IN DA PIPELINE/### Außenseiter Vertical/1. Wer ich bin/EXP/#1_Wer ich bin_Vertical_D16-M02-Y26_4K-60FPS-FLAC.mp4 | length=12.768 | time=11.216666666667
[Thursday/February 19/02/2026 23:07:13] /mnt/Data/OUT$IDERZ/VISUALS/Videos (YT + Socials)/Vertical Videos/IN DA PIPELINE/### Außenseiter Vertical/1. Wer ich bin/EXP/#1_Wer ich bin_Vertical_D16-M02-Y26_4K-60FPS-FLAC.mp4 | length=12.768 | time=12.7
[Thursday/February 19/02/2026 23:07:19] /mnt/Data/OUT$IDERZ/VISUALS/Videos (YT + Socials)/Vertical Videos/IN DA PIPELINE/### Außenseiter Vertical/1. Wer ich bin/EXP/#2_Wer ich bin_Vertical_D18-M02-Y26_4K-60FPS-FLAC.mp4 | length=12.768 | time=6.7333333333333
[Thursday/February 19/02/2026 23:18:35] /mnt/Data/OUT$IDERZ/VISUALS/Videos (YT + Socials)/Vertical Videos/IN DA PIPELINE/### Außenseiter Vertical/2. Wart einfach ab/EXP/#1_Wart einfach ab_Vertical_D19-M02-Y26_4K-60FPS-FLAC.mp4 | length=11.136 | time=1.1333333333333
[Thursday/February 19/02/2026 23:21:26] /mnt/Data/OUT$IDERZ/VISUALS/Videos (YT + Socials)/Vertical Videos/IN DA PIPELINE/### Außenseiter Vertical/2. Wart einfach ab/EXP/#2_Wart einfach ab_Vertical_D19-M02-Y26_4K-60FPS-FLAC.mp4 | length=11.808 | time=0.25
[Thursday/February 19/02/2026 23:24:05] /mnt/Data/OUT$IDERZ/VISUALS/Videos (YT + Socials)/Vertical Videos/IN DA PIPELINE/### Außenseiter Vertical/2. Wart einfach ab/EXP/#3_Wart einfach ab_Vertical_D19-M02-Y26_4K-60FPS-FLAC.mp4 | length=11.136 | time=0.95
[Thursday/February 19/02/2026 23:27:08] /mnt/Data/OUT$IDERZ/VISUALS/Videos (YT + Socials)/Vertical Videos/IN DA PIPELINE/### Außenseiter Vertical/2. Wart einfach ab/EXP/#4_Wart einfach ab_Vertical_D19-M02-Y26_4K-60FPS-FLAC.mp4 | length=11.232 | time=0.68333333333333
[Thursday/February 19/02/2026 23:33:10] /mnt/Data/OUT$IDERZ/VISUALS/Videos (YT + Socials)/Vertical Videos/IN DA PIPELINE/### Außenseiter Vertical/2. Wart einfach ab/EXP/#6_Wart einfach ab_Vertical_D19-M02-Y26_4K-60FPS-FLAC.mp4 | length=11.136 | time=0.83333333333333
[Thursday/February 19/02/2026 23:35:42] /mnt/Data/OUT$IDERZ/VISUALS/Videos (YT + Socials)/Vertical Videos/IN DA PIPELINE/### Außenseiter Vertical/2. Wart einfach ab/EXP/#5_Wart einfach ab_Vertical_D19-M02-Y26_4K-60FPS-FLAC.mp4 | length=11.232 | time=1.2833333333333
[Friday/February 20/02/2026 02:15:00] /mnt/Data/Music_Collection/Haftbefehl (6 Untagged)/Russisch Roulette (2014 Deluxe)/CD 1/02. Haftbefehl - 1999 Pt. I.mp3 | length=94.574877777778 | time=7.0861678008738e-07
[Friday/February 20/02/2026 02:15:01] /mnt/Data/Music_Collection/Haftbefehl (6 Untagged)/Russisch Roulette (2014 Deluxe)/CD 1/04. Haftbefehl - Saudi Arabi Money Rich.mp3 | length=168.94839002268 | time=7.0861678008738e-07
[Friday/February 20/02/2026 02:15:01] /mnt/Data/Music_Collection/Haftbefehl (6 Untagged)/Russisch Roulette (2014 Deluxe)/CD 1/05. Haftbefehl - Ich Rolle Mit Meim Besten.mp3 | length=189.61415555556 | time=7.0861678008738e-07
[Friday/February 20/02/2026 02:15:02] /mnt/Data/Music_Collection/Haftbefehl (6 Untagged)/Russisch Roulette (2014 Deluxe)/CD 1/06. Haftbefehl - Engel Im Herz, Teufel Im Kopf.mp3 | length=216.6189569161 | time=7.0861678008738e-07
[Friday/February 20/02/2026 02:15:02] /mnt/Data/Music_Collection/Haftbefehl (6 Untagged)/Russisch Roulette (2014 Deluxe)/CD 1/08. Haftbefehl - 1999 Pt. Ii.mp3 | length=61.718644444444 | time=7.0861678008738e-07
[Friday/February 20/02/2026 02:17:10] /mnt/Data/Music_Collection/Haftbefehl (6 Untagged)/Russisch Roulette (2014 Deluxe)/CD 1/08. Haftbefehl - 1999 Pt. Ii.mp3 | length=61.718644444444 | time=2.1127217970522
[Friday/February 20/02/2026 02:17:30] /mnt/Data/Music_Collection/Haftbefehl (6 Untagged)/Russisch Roulette (2014 Deluxe)/CD 1/09. Haftbefehl - Schmeiß Den Gasherd An.mp3 | length=222.33106666667 | time=11.359318259288
[Friday/February 20/02/2026 02:18:41] /mnt/Data/Music_Collection/Haftbefehl (6 Untagged)/Russisch Roulette (2014 Deluxe)/CD 1/09. Haftbefehl - Schmeiß Den Gasherd An.mp3 | length=222.33106666667 | time=8.5469998339932
[Friday/February 20/02/2026 02:18:43] /mnt/Data/OUT$IDERZ/VISUALS/Videos (YT + Socials)/Vertical Videos/IN DA PIPELINE/### Außenseiter Vertical/1. Wer ich bin/EXP/#3_Wer ich bin_Vertical_D18-M02-Y26_4K-60FPS-FLAC.mp4 | length=12.672 | time=1.7666666666667
[Friday/February 20/02/2026 02:18:43] /mnt/Data/OUT$IDERZ/VISUALS/Videos (YT + Socials)/Vertical Videos/IN DA PIPELINE/### Außenseiter Vertical/1. Wer ich bin/EXP/#1_Wer ich bin_Vertical_D16-M02-Y26_4K-60FPS-FLAC.mp4 | length=12.768 | time=0.016666666666667
[Friday/February 20/02/2026 02:18:43] /mnt/Data/OUT$IDERZ/VISUALS/Videos (YT + Socials)/Vertical Videos/IN DA PIPELINE/### Außenseiter Vertical/1. Wer ich bin/EXP/#2_Wer ich bin_Vertical_D18-M02-Y26_4K-60FPS-FLAC.mp4 | length=12.768 | time=1.616667
[Friday/February 20/02/2026 02:19:03] /mnt/Data/OUT$IDERZ/VISUALS/Videos (YT + Socials)/Vertical Videos/IN DA PIPELINE/### Außenseiter Vertical/1. Wer ich bin/EXP/#3_Wer ich bin_Vertical_D18-M02-Y26_4K-60FPS-FLAC.mp4 | length=12.672 | time=12.672
[Friday/February 20/02/2026 02:20:54] /mnt/Data/OUT$IDERZ/BEATS/OT$Z BEAT$/BEATS IN LIMBO/Polaroid/mr-brik-meep-mp3.mp3 | length=179.232 | time=76.126322879669
[Friday/February 20/02/2026 02:21:10] /mnt/Data/Music_Collection/Haftbefehl (6 Untagged)/Russisch Roulette (2014 Deluxe)/CD 1/08. Haftbefehl - 1999 Pt. II.mp3 | length=61.718644444444 | time=11.662089926386
[Friday/February 20/02/2026 02:21:41] /mnt/Data/Music_Collection/Haftbefehl (6 Untagged)/Russisch Roulette (2014 Deluxe)/CD 1/08. Haftbefehl - 1999 Pt. II.mp3 | length=61.718644444444 | time=17.992820650283
[Friday/February 20/02/2026 02:21:41] /mnt/Data/Music_Collection/Haftbefehl (6 Untagged)/Russisch Roulette (2014 Deluxe)/CD 1/09. Haftbefehl - Schmeiß Den Gasherd An.mp3 | length=222.33106666667 | time=9.5863657692925
[Friday/February 20/02/2026 02:21:41] /mnt/Data/Music_Collection/Haftbefehl (6 Untagged)/Russisch Roulette (2014 Deluxe)/CD 1/10. Haftbefehl - Azzlackz Sterben Jung 2.mp3 | length=209.16535555556 | time=0.37782800013379
[Friday/February 20/02/2026 02:21:42] /mnt/Data/Music_Collection/Haftbefehl (6 Untagged)/Russisch Roulette (2014 Deluxe)/CD 1/11. Haftbefehl - Anna Kournikova.mp3 | length=229.13451247166 | time=0.25517792831066
[Friday/February 20/02/2026 02:21:42] /mnt/Data/Music_Collection/Haftbefehl (6 Untagged)/Russisch Roulette (2014 Deluxe)/CD 1/12. Haftbefehl - Haram Para.mp3 | length=222.37751111111 | time=0.59369896314512
[Friday/February 20/02/2026 02:21:42] /mnt/Data/Music_Collection/Haftbefehl (6 Untagged)/Russisch Roulette (2014 Deluxe)/CD 1/13. Haftbefehl - Seele.mp3 | length=176.61097777778 | time=0.53697243209297
[Friday/February 20/02/2026 02:21:43] /mnt/Data/Music_Collection/Haftbefehl (6 Untagged)/Russisch Roulette (2014 Deluxe)/CD 1/01. Haftbefehl - Ihr Hurensöhne.mp3 | length=180.11718888889 | time=1.0875669654172
[Friday/February 20/02/2026 02:21:43] /mnt/Data/Music_Collection/Haftbefehl (6 Untagged)/Russisch Roulette (2014 Deluxe)/CD 1/02. Haftbefehl - 1999 Pt. I.mp3 | length=94.574877777778 | time=0.074262854866213
[Friday/February 20/02/2026 02:21:45] /mnt/Data/Music_Collection/Haftbefehl (6 Untagged)/Russisch Roulette (2014 Deluxe)/CD 1/03. Haftbefehl - Lass Die Affen Aus'm Zoo.mp3 | length=207.88825555556 | time=1.8502469857188
[Friday/February 20/02/2026 02:22:06] /mnt/Data/Music_Collection/Haftbefehl (6 Untagged)/Russisch Roulette (2014 Deluxe)/CD 1/14. Haftbefehl - 1999 Pt. III.mp3 | length=154.94675736961 | time=21.034663790662
[Friday/February 20/02/2026 02:22:45] /mnt/Data/Music_Collection/Haftbefehl (6 Untagged)/Russisch Roulette (2014 Deluxe)/CD 1/14. Haftbefehl - 1999 Pt. III.mp3 | length=154.94675736961 | time=29.289793602796
[Friday/February 20/02/2026 02:22:49] /mnt/Data/Music_Collection/Haftbefehl (6 Untagged)/Russisch Roulette (2014 Deluxe)/CD 1/03. Haftbefehl - Lass Die Affen Aus'm Zoo.mp3 | length=207.88825555556 | time=5.8389469154218
[Friday/February 20/02/2026 02:25:34] /home/yannik/Videos/OBS/2026-01-12 19-57-03.mp4 | length=825.45 | time=80.616666666667
[Friday/February 20/02/2026 02:25:37] /home/yannik/Videos/OBS/2026-02-02 23-37-45.mp4 | length=1119.15 | time=545.55
[Friday/February 20/02/2026 02:25:37] /home/yannik/Videos/OBS/2026-02-02 23-36-24.mp4 | length=6.1333333333333 | time=2.483333
[Friday/February 20/02/2026 02:25:38] /home/yannik/Videos/OBS/2026-01-05 18-14-58.mp4 | length=420.8 | time=0.3
[Friday/February 20/02/2026 02:25:38] /home/yannik/Videos/OBS/2026-01-05 18-13-10.mp4 | length=82.8 | time=0.1
[Friday/February 20/02/2026 02:26:29] /home/yannik/Videos/OBS/2026-01-03 13-42-26.mp4 | length=428.53333333333 | time=50.983333333333
[Friday/February 20/02/2026 02:30:14] /home/yannik/Videos/OBS/2026-02-02 23-10-19.mp4 | length=1293.8166666667 | time=11.316666666667
[Friday/February 20/02/2026 02:30:24] /mnt/Data/Music_Collection/Haftbefehl (6 Untagged)/Russisch Roulette (2014 Deluxe)/CD 1/03. Haftbefehl - Lass Die Affen Aus'm Zoo.mp3 | length=207.88825555556 | time=15.32746491712
[Friday/February 20/02/2026 02:50:30] /home/yannik/Videos/OBS/2025-12-20 02-28-18.mp4 | length=65.133333333333 | time=8.9333333333333
[Friday/February 20/02/2026 03:13:06] /home/yannik/Videos/OBS/2026-02-02 23-10-19.mp4 | length=1293.8166666667 | time=10.666666666667
[Friday/February 20/02/2026 03:13:08] /home/yannik/Videos/OBS/2026-02-02 23-36-24.mp4 | length=6.1333333333333 | time=1.8333333333333
[Friday/February 20/02/2026 03:13:23] /home/yannik/Videos/OBS/2026-01-12 19-57-03.mp4 | length=825.45 | time=187.5
[Friday/February 20/02/2026 03:16:28] /mnt/Data/Music_Collection/Haftbefehl (6 Untagged)/Russisch Roulette (2014 Deluxe)/CD 1/07. Haftbefehl - Russisch Roulette.mp3 | length=150.83682539683 | time=37.434715575948
[Friday/February 20/02/2026 03:16:47] /home/yannik/Videos/OBS/2026-02-02 23-10-19.mp4 | length=1293.8166666667 | time=29
[Friday/February 20/02/2026 03:16:58] /mnt/Data/Music_Collection/Haftbefehl (6 Untagged)/Russisch Roulette (2014 Deluxe)/CD 1/07. Haftbefehl - Russisch Roulette.mp3 | length=150.83682539683 | time=44.689627975789
[Friday/February 20/02/2026 03:17:12] /mnt/Data/Music_Collection/Haftbefehl (6 Untagged)/Russisch Roulette (2014 Deluxe)/CD 1/07. Haftbefehl - Russisch Roulette.mp3 | length=150.83682539683 | time=55.170849947191
[Friday/February 20/02/2026 03:17:38] /home/yannik/Videos/OBS/2026-01-12 19-57-03.mp4 | length=825.45 | time=212.38333333333
[Friday/February 20/02/2026 04:40:18] /home/yannik/Downloads/Paula Hartmann - Uludağ und Sorgen (feat. Symba) (Official Video).mp3 | length=186.44464583333 | time=34.543696933944
[Friday/February 20/02/2026 04:44:25] /mnt/Data/Music_Collection/Paula Hartmann/kleine Feuer (2024)/14. Paula Hartmann & Symba - Uludağ und Sorgen (Vinyl Bonus).mp3 | length=186.44464583333 | time=2.2394505742766
[Friday/February 20/02/2026 04:44:29] /mnt/Data/Music_Collection/Paula Hartmann/kleine Feuer (2024)/15. Paula Hartmann & makko - nimm mit (Vinyl Bonus).mp3 | length=159.3934 | time=2.6341003142766
[Friday/February 20/02/2026 05:02:54] /run/user/1000/doc/28f06474/ICarly.S06E05.1080p.WEB-DL.AAC2.0.H.264.mp4 | length=1423.381 | time=1417.4994111111
[Friday/February 20/02/2026 19:36:13] /mnt/Data/OUT$IDERZ/VISUALS/Videos (YT + Socials)/Vertical Videos/2026/5. Winter Vertical/EXP/#12_Winter_Vertical_26-01-26_4K-60FPS-libx264-FLAC.mp4 | length=21.984 | time=3.9666666666667
[Friday/February 20/02/2026 22:16:12] /mnt/Data/OUT$IDERZ/VISUALS/Videos (YT + Socials)/Vertical Videos/IN DA PIPELINE/### Außenseiter Vertical/2. Wart einfach ab/EXP/#5_Wart einfach ab_Vertical_D19-M02-Y26_4K-60FPS-FLAC.mp4 | length=11.232 | time=3.65
[Friday/February 20/02/2026 22:21:16] /mnt/Data/OUT$IDERZ/VISUALS/Videos (YT + Socials)/Vertical Videos/IN DA PIPELINE/### Außenseiter Vertical/2. Wart einfach ab/EXP/#5_Wart einfach ab_Vertical_D19-M02-Y26_4K-60FPS-FLAC.mp4 | length=11.232 | time=7.1666666666667
[Friday/February 20/02/2026 22:24:20] /mnt/Data/OUT$IDERZ/VISUALS/Videos (YT + Socials)/Vertical Videos/IN DA PIPELINE/### Außenseiter Vertical/3. Kurt Cobain/EXP/#1_Kurt Cobain_Vertical_D20-M02-Y26_4K-60FPS-FLAC.mp4 | length=15.264 | time=2
[Friday/February 20/02/2026 22:33:45] /mnt/Data/OUT$IDERZ/VISUALS/Videos (YT + Socials)/Vertical Videos/IN DA PIPELINE/### Außenseiter Vertical/3. Kurt Cobain/EXP/#3_Kurt Cobain_Vertical_D20-M02-Y26_4K-60FPS-FLAC.mp4 | length=15.36 | time=6.5166666666667
[Friday/February 20/02/2026 22:33:51] /mnt/Data/OUT$IDERZ/VISUALS/Videos (YT + Socials)/Vertical Videos/IN DA PIPELINE/### Außenseiter Vertical/3. Kurt Cobain/EXP/#3_Kurt Cobain_Vertical_D20-M02-Y26_4K-60FPS-FLAC.mp4 | length=15.36 | time=9.4666666666667
[Friday/February 20/02/2026 22:33:57] /mnt/Data/OUT$IDERZ/VISUALS/Videos (YT + Socials)/Vertical Videos/IN DA PIPELINE/### Außenseiter Vertical/3. Kurt Cobain/EXP/#3_Kurt Cobain_Vertical_D20-M02-Y26_4K-60FPS-FLAC.mp4 | length=15.36 | time=10.15
[Friday/February 20/02/2026 22:34:00] /mnt/Data/OUT$IDERZ/VISUALS/Videos (YT + Socials)/Vertical Videos/IN DA PIPELINE/### Außenseiter Vertical/3. Kurt Cobain/EXP/#1_Kurt Cobain_Vertical_D20-M02-Y26_4K-60FPS-FLAC.mp4 | length=15.264 | time=3.6166666666667
[Friday/February 20/02/2026 22:34:47] /mnt/Data/OUT$IDERZ/VISUALS/Videos (YT + Socials)/Vertical Videos/IN DA PIPELINE/### Außenseiter Vertical/3. Kurt Cobain/EXP/#2_Kurt Cobain_Vertical_D20-M02-Y26_4K-60FPS-FLAC.mp4 | length=15.264 | time=8.0166666666667
[Friday/February 20/02/2026 22:34:53] /mnt/Data/OUT$IDERZ/VISUALS/Videos (YT + Socials)/Vertical Videos/IN DA PIPELINE/### Außenseiter Vertical/3. Kurt Cobain/EXP/#2_Kurt Cobain_Vertical_D20-M02-Y26_4K-60FPS-FLAC.mp4 | length=15.264 | time=10.566666666667
[Friday/February 20/02/2026 22:34:58] /mnt/Data/OUT$IDERZ/VISUALS/Videos (YT + Socials)/Vertical Videos/IN DA PIPELINE/### Außenseiter Vertical/3. Kurt Cobain/EXP/#2_Kurt Cobain_Vertical_D20-M02-Y26_4K-60FPS-FLAC.mp4 | length=15.264 | time=12.05
[Sunday/February 22/02/2026 17:40:43] /home/yannik/Desktop/MOVE/Tina.2025.1080p.BluRay.x265.DD+5.1-Pahe.in.mkv | length=7524.792 | time=2669.75
[Sunday/February 22/02/2026 17:41:50] /home/yannik/Desktop/### Erwin/Erin.Brockovich.2000.German.DL.1080p.BluRay.x264-c0nFuSed/Erin.Brockovich.2000.German.DL.1080p.BluRay.x264.mkv | length=7871.877 | time=7774.446
[Sunday/February 22/02/2026 17:54:51] /media/yannik/YTG_Cinematic_A1/Cinematic/Anime/Anime Series/Sailor Moon (1992-1997) (Jap Dub)/Movies (1993-2021)/8. Sailor Moon Cosmos - Part I (2023) (Jap Dub).mkv | length=4893.096 | time=4.421
[Sunday/February 22/02/2026 17:55:48] /home/yannik/Desktop/MOVE/pahein-special.forces.h265.10bit/Space.Force.S01.720p.NF.WEB-DL.x265.10Bit-Pahe.in/Space.Force.S01E03.Mark.and.Mallory.Go.to.Washington.720p.NF.WEB-DL.x265.10Bit-Pahe.in.mkv | length=1808.244 | time=602.644
[Monday/February 23/02/2026 19:14:36] /media/yannik/YTG_NAS-A1/1. Ich bin live - Youtube Deutschland - Staffel 2 - Folge 01.mp4 | length=3056.9534693878 | time=2458.08
[Monday/February 23/02/2026 19:15:14] /media/yannik/YTG_NAS-A1/1. Ich bin live - Youtube Deutschland - Staffel 2 - Folge 01.mp4 | length=3056.9534693878 | time=2475.96
[Monday/February 23/02/2026 19:26:53] /media/yannik/YTG_NAS-A1/1. Ich bin live - Youtube Deutschland - Staffel 2 - Folge 01.mp4 | length=3056.9534693878 | time=3043.24
[Monday/February 23/02/2026 19:30:35] /media/yannik/YTG_NAS-A1/2. Alles hat seinen Preis - Youtube Deutschland - Staffel 2  - Folge 02.mp4 | length=2537.012244898 | time=54.6
[Monday/February 23/02/2026 20:20:43] /media/yannik/YTG_NAS-A1/2. Alles hat seinen Preis - Youtube Deutschland - Staffel 2  - Folge 02.mp4 | length=2537.012244898 | time=2530.12
[Monday/February 23/02/2026 21:00:16] /media/yannik/YTG_NAS-A1/3. Nach dem Applaus - Youtube Deutschland - Staffel 2  - Folge 03.mp4 | length=3006.7751473923 | time=2257.76
[Monday/February 23/02/2026 21:01:22] /media/yannik/YTG_NAS-A1/3. Nach dem Applaus - Youtube Deutschland - Staffel 2  - Folge 03.mp4 | length=3006.7751473923 | time=2315.88
[Monday/February 23/02/2026 21:22:14] /media/yannik/YTG_NAS-A1/3. Nach dem Applaus - Youtube Deutschland - Staffel 2  - Folge 03.mp4 | length=3006.7751473923 | time=5.16
[Tuesday/February 24/02/2026 23:23:21] /mnt/Data/OUT$IDERZ/VISUALS/Videos (YT + Socials)/Vertical Videos/IN DA PIPELINE/### Außenseiter Vertical/5. So wie ich/EXP/#1_So wie ich_Vertical_D24-M02-Y26_4K-60FPS-FLAC.mp4 | length=26.016 | time=2
[Wednesday/February 25/02/2026 00:17:36] /mnt/Data/OUT$IDERZ/BEATS/OT$Z BEAT$/UNUSED/Unused YUNGVITE Beats/[FREE] FLIEG WEG - KAZONDABEAT x MAKKO TYPE BEAT _ @OTSZ_YUNGVITE.mp3 | length=178.53825555556 | time=21.002361007943
[Wednesday/February 25/02/2026 00:21:08] /mnt/Data/OUT$IDERZ/BEATS/OT$Z BEAT$/BEATS IN LIMBO/Polaroid/mr-brik-meep-mp3.mp3 | length=179.232 | time=77.174910409
[Wednesday/February 25/02/2026 00:26:21] /mnt/Data/OUT$IDERZ/BEATS/OT$Z BEAT$/BEATS IN LIMBO/Polaroid/mr-brik-meep-mp3.mp3 | length=179.232 | time=1.683208141
[Wednesday/February 25/02/2026 00:27:23] /mnt/Data/OUT$IDERZ/BEATS/OT$Z BEAT$/BEATS IN LIMBO/Polaroid --- Meep prod. Mr. Brick/mr-brik-meep-mp3.mp3 | length=179.232 | time=1.8456202446667
[Wednesday/February 25/02/2026 00:27:45] /mnt/Data/OUT$IDERZ/BEATS/OT$Z BEAT$/BEATS IN LIMBO/Daisy/sky-6-dogs-type-beat_7085279.mp3 | length=130.104 | time=1.802870553
[Wednesday/February 25/02/2026 00:28:14] /mnt/Data/OUT$IDERZ/BEATS/OT$Z BEAT$/BEATS IN LIMBO/Daisy --- Sky prod. Mr. Brik/sky-6-dogs-type-beat_7085279.mp3 | length=130.104 | time=0.37343886766667
[Wednesday/February 25/02/2026 02:27:53] /mnt/Data/OUT$IDERZ/BEATS/OT$Z BEAT$/UNUSED BEATS/Unused Beats with License/fly-6-dogs-type-beat_7085134.mp3 | length=164.4 | time=1.4797660656667
[Wednesday/February 25/02/2026 02:31:59] /mnt/Data/OUT$IDERZ/BEATS/OT$Z BEAT$/UNUSED BEATS/Unused Beats with License/1my-heart_TK15358510.mp3 | length=210.25957497166 | time=1.5686642633265
[Wednesday/February 25/02/2026 19:37:35] /run/user/1000/doc/70fc6072/Pay.Back.2013.720p.WEB-DL.x264.650MB-Pahe.in.mkv | length=5099.38 | time=2380.667
[Wednesday/February 25/02/2026 19:38:24] /run/user/1000/doc/70fc6072/Pay.Back.2013.720p.WEB-DL.x264.650MB-Pahe.in.mkv | length=5099.38 | time=2337.875
[Wednesday/February 25/02/2026 19:40:06] /run/user/1000/doc/7cb37b67/L.Odyssee.2016.1080p.BluRay.x264.DD+5.1-Pahe.in.mkv | length=7375.699 | time=6.506
[Wednesday/February 25/02/2026 19:42:04] /run/user/1000/doc/7fb9c0ae/The Secret Agent (2025) (Eng Dub).mkv | length=9666.899 | time=3.378
[Thursday/February 26/02/2026 17:51:27] /run/user/1000/doc/1e32b389/Sailor Moon Cosmos - Part II (2023) (Jap Dub).mkv | length=4929.192 | time=140.724
[Sunday/March 01/03/2026 22:11:05] /mnt/Data/OUT$IDERZ/VISUALS/Videos (YT + Socials)/YT Videos/2026/6. Ja, okay YT/EXP/#1_Ja, okay_YT_D13-M02-Y26_4K-60FPS-FLAC.mp4 | length=126.72 | time=2.2166666666667
[Sunday/March 01/03/2026 22:11:06] /mnt/Data/OUT$IDERZ/VISUALS/Videos (YT + Socials)/YT Videos/2026/6. Ja, okay YT/EXP/#1_Ja, okay_YT_D13-M02-Y26_4K-60FPS-FLAC.mp4 | length=126.72 | time=3.4666666666667
[Sunday/March 01/03/2026 22:11:26] /mnt/Data/OUT$IDERZ/VISUALS/Videos (YT + Socials)/Vertical Videos/2026/6. Ja, okay Vertical/EXP/#1_Ja, okay_Vertical_D14-M02-Y26_4K-60FPS-FLAC.mp4 | length=26.4 | time=4.6833333333333
[Sunday/March 01/03/2026 22:11:59] /mnt/Data/OUT$IDERZ/VISUALS/Videos (YT + Socials)/YT Videos/2026/6. Ja, okay YT/EXP/#1_Ja, okay_YT_D13-M02-Y26_4K-60FPS-FLAC.mp4 | length=126.72 | time=1.2333333333333
[Sunday/March 01/03/2026 22:14:13] /mnt/Data/OUT$IDERZ/VISUALS/Videos (YT + Socials)/Vertical Videos/2026/6. Ja, okay Vertical/EXP/#1_Ja, okay_Vertical_D14-M02-Y26_4K-60FPS-FLAC.mp4 | length=26.4 | time=7.3833333333333
[Monday/March 02/03/2026 13:12:38] /run/user/1000/doc/e40998b9/The Disappearance of Haruhi Suzumiya (2010) (Jap Dub).mkv | length=9707.7 | time=10.844
[Monday/March 02/03/2026 15:56:11] /mnt/Data/OUT$IDERZ/VISUALS/Videos (YT + Socials)/Vertical Videos/2026/6. Ja, okay Vertical/EXP/#1_Ja, okay_Vertical_D14-M02-Y26_4K-60FPS-FLAC.mp4 | length=26.4 | time=0.83333333333333
[Monday/March 02/03/2026 15:56:48] /mnt/Data/OUT$IDERZ/VISUALS/Videos (YT + Socials)/YT Videos/2026/6. Ja, okay YT/EXP/#1_Ja, okay_YT_D01-M03-Y26_4K-60FPS-FLAC.mp4 | length=126.72 | time=126.72
[Monday/March 02/03/2026 16:36:24] /home/yannik/Videos/OBS/2026-03-02 16-35-48.mp4 | length=17.75 | time=17.733333333333
[Monday/March 02/03/2026 18:39:13] /home/yannik/Videos/OBS/2026-03-02 16-36-42.mp4 | length=7293.4333333333 | time=7293.4166666667
[Monday/March 02/03/2026 18:39:16] /home/yannik/Videos/OBS/decrypt-pgp-2025-11-09 15-57-27.mp4 | length=45.333333333333 | time=45.312
[Monday/March 02/03/2026 18:39:44] /home/yannik/Videos/OBS/2026-03-02 16-36-42.mp4 | length=7293.4333333333 | time=7290.1666666667
[Monday/March 02/03/2026 18:57:00] /run/user/1000/doc/2036ca9e/Mixing a Song from Start to Finish (7-Hour Session).mp4 | length=24576.761 | time=21824.867
[Monday/March 02/03/2026 19:00:45] /mnt/Data/OUT$IDERZ/OTHER/DAW OBS RECORDINGS/MARIUS/07-24/2024-07-30 13-28-50.mp4 | length=5191.7 | time=4.05
[Tuesday/March 03/03/2026 23:00:07] /run/user/1000/doc/2036ca9e/Mixing a Song from Start to Finish (7-Hour Session).mp4 | length=24576.761 | time=21826.467
[Tuesday/March 03/03/2026 23:00:54] /home/yannik/Videos/OBS/decrypt-pgp-2025-11-09 15-57-27.mp4 | length=45.333333333333 | time=33.916666666667
[Wednesday/March 04/03/2026 16:40:52] /run/user/1000/doc/5f1b4b0a/Look.Back.2024.1080p.BluRay.x265.DD+5.1-Pahe.in.mkv | length=3439.528 | time=2323.696
[Wednesday/March 04/03/2026 16:41:52] /run/user/1000/doc/97e28dbb/Look Back (2024) (Jap Dub).mkv | length=3439.528 | time=2.92
[Wednesday/March 04/03/2026 16:42:26] /run/user/1000/doc/97e28dbb/Look Back (2024) (Jap Dub).mkv | length=3439.528 | time=930.847
[Wednesday/March 04/03/2026 16:44:33] /run/user/1000/doc/aed92440/Merc.2026.1080p.WEB-DL.x265.6CH-Pahe.in.mkv | length=6223.917 | time=5936.083
[Wednesday/March 04/03/2026 16:45:34] /run/user/1000/doc/b93df55b/Hellraiser.2022.1080p.BluRay.x265.DD+5.1-Pahe.in.mkv | length=7256.166 | time=3112.651
[Wednesday/March 04/03/2026 16:47:24] /run/user/1000/doc/dd687698/3. From Dusk Till Dawn 3 - The Hangmans Daughter (1999) (Eng Dub).mkv | length=5580.586 | time=9.551
[Wednesday/March 04/03/2026 16:47:42] /run/user/1000/doc/c665c3c/From.Dusk.Till.Dawn.3.The.Hangmans.Daughter.1999.1080p.BluRay.x264.DD+5.1-Pahe.in.mkv | length=5649.394 | time=78.829
[Wednesday/March 04/03/2026 16:47:48] /run/user/1000/doc/dd687698/3. From Dusk Till Dawn 3 - The Hangmans Daughter (1999) (Eng Dub).mkv | length=5580.586 | time=68.443
[Wednesday/March 04/03/2026 16:47:55] /run/user/1000/doc/c665c3c/From.Dusk.Till.Dawn.3.The.Hangmans.Daughter.1999.1080p.BluRay.x264.DD+5.1-Pahe.in.mkv | length=5649.394 | time=223.056
[Wednesday/March 04/03/2026 16:47:57] /run/user/1000/doc/dd687698/3. From Dusk Till Dawn 3 - The Hangmans Daughter (1999) (Eng Dub).mkv | length=5580.586 | time=0.959
[Wednesday/March 04/03/2026 21:17:38] /mnt/Data/OUT$IDERZ/VISUALS/Videos (YT + Socials)/Vertical Videos/2026/7. Mosaik Vertical/EXPORT/#13_Mosaik_Vertical_D12-M02-Y26_4K-60FPS-FLAC.mp4 | length=19.68 | time=19.68
[Thursday/March 05/03/2026 10:57:05] /run/user/1000/doc/d3fb91b8/Butty (2025 Shortfilm).mp4 | length=436.741 | time=303.333
[Friday/March 06/03/2026 14:18:14] /run/user/1000/doc/53426ebf/Donkey.Kong.Country.S01E02.The.Big.Chill.Out.480p.WEB-DL.AAC2.0.H.264-alfaHD.mkv | length=1422.022 | time=1.935
[Friday/March 06/03/2026 15:31:39] /run/user/1000/doc/19264e83/08. Ocean Waves (I Can Hear the Sea) (Umi ga Kikoeru) (1993) (Jap, Eng & Ger Dub).mkv | length=4344.704 | time=69.194
[Friday/March 06/03/2026 15:32:16] /run/user/1000/doc/19264e83/08. Ocean Waves (I Can Hear the Sea) (Umi ga Kikoeru) (1993) (Jap, Eng & Ger Dub).mkv | length=4344.704 | time=20.187
[Friday/March 06/03/2026 15:32:23] /run/user/1000/doc/15df4c93/Sausage.Party.Foodtopia.S01E02.Second.Course.1080p.WEB-DL.x265.6CH-Pahe.in.mkv | length=1470.078 | time=6.958
[Friday/March 06/03/2026 15:32:34] /run/user/1000/doc/5d00a609/PLANET SHEEN - Ep. 02-03 - Is This Cute and The Boy Next Dorkus (720p - Web-DL).mp4 | length=1418.5421222222 | time=3.0447
[Friday/March 06/03/2026 15:33:41] /run/user/1000/doc/5d00a609/PLANET SHEEN - Ep. 02-03 - Is This Cute and The Boy Next Dorkus (720p - Web-DL).mp4 | length=1418.5421222222 | time=8.008
[Friday/March 06/03/2026 15:33:41] /run/user/1000/doc/5d00a609/PLANET SHEEN - Ep. 02-03 - Is This Cute and The Boy Next Dorkus (720p - Web-DL).mp4 | length=1418.5421222222 | time=0
[Friday/March 06/03/2026 19:45:19] /run/user/1000/doc/1d86d7b6/1. Ace Ventura - Pet Detective (1994) (Eng Dub).mkv | length=5160.19 | time=8.342
[Friday/March 06/03/2026 19:46:42] /mnt/Data/OUT$IDERZ/VISUALS/Videos (YT + Socials)/Vertical Videos/IN DA PIPELINE/### Außenseiter Vertical/6. Stift und Papier/EXP/#1_Stift und Papier_Vertical_D25-M02-Y26_4K-60FPS-FLAC.mp4 | length=21.792 | time=18.5
[Friday/March 06/03/2026 19:47:59] /run/user/1000/doc/15df4c93/Sausage.Party.Foodtopia.S01E02.Second.Course.1080p.WEB-DL.x265.6CH-Pahe.in.mkv | length=1470.078 | time=76.708
[Friday/March 06/03/2026 19:48:54] /run/user/1000/doc/15df4c93/Sausage.Party.Foodtopia.S01E02.Second.Course.1080p.WEB-DL.x265.6CH-Pahe.in.mkv | length=1470.078 | time=302.125
[Friday/March 06/03/2026 19:49:56] /run/user/1000/doc/19264e83/08. Ocean Waves (I Can Hear the Sea) (Umi ga Kikoeru) (1993) (Jap, Eng & Ger Dub).mkv | length=4344.704 | time=18.227
[Friday/March 06/03/2026 19:51:09] /run/user/1000/doc/53426ebf/Donkey.Kong.Country.S01E02.The.Big.Chill.Out.480p.WEB-DL.AAC2.0.H.264-alfaHD.mkv | length=1422.022 | time=71.071
[Friday/March 06/03/2026 19:51:43] /run/user/1000/doc/1d86d7b6/1. Ace Ventura - Pet Detective (1994) (Eng Dub).mkv | length=5160.19 | time=13.347
[Friday/March 06/03/2026 19:52:54] /run/user/1000/doc/8bf312b2/1. Bring It On (2000) (Eng Dub).mkv | length=5941.536 | time=64.106
[Friday/March 06/03/2026 19:53:25] /run/user/1000/doc/f3acff05/5. Bring It On - Fight to the Finish (2009) (Eng Dub).mkv | length=6134.153 | time=7.382
[Friday/March 06/03/2026 19:53:25] /run/user/1000/doc/f3acff05/5. Bring It On - Fight to the Finish (2009) (Eng Dub).mkv | length=6134.153 | time=0
[Friday/March 06/03/2026 19:53:33] /run/user/1000/doc/2af8f3ab/4. Bring It On - In It to Win It (2007) (Eng Dub) .mkv | length=5408.083 | time=3.754
[Friday/March 06/03/2026 20:33:41] /home/yannik/Videos/2026-01-12 19-57-03.mp4 | length=825.46666666667 | time=664.46666666667
[Friday/March 06/03/2026 20:35:25] /home/yannik/Videos/2026-01-12 19-57-03.mp4 | length=825.46666666667 | time=3.3
[Friday/March 06/03/2026 20:36:56] /run/user/1000/doc/cad83cef/3. Bring It On - All or Nothing (2006) (Eng Dub).mkv | length=5932.041 | time=1.543
[Friday/March 06/03/2026 20:37:01] /run/user/1000/doc/cad83cef/3. Bring It On - All or Nothing (2006) (Eng Dub).mkv | length=5932.041 | time=4.129
[Friday/March 06/03/2026 20:37:09] /run/user/1000/doc/cad83cef/3. Bring It On - All or Nothing (2006) (Eng Dub).mkv | length=5932.041 | time=5.923
[Friday/March 06/03/2026 20:37:17] /run/user/1000/doc/1d86d7b6/1. Ace Ventura - Pet Detective (1994) (Eng Dub).mkv | length=5160.19 | time=7.299
[Friday/March 06/03/2026 20:37:47] /mnt/Data/OUT$IDERZ/VISUALS/Videos (YT + Socials)/Vertical Videos/IN DA PIPELINE/### Außenseiter Vertical/6. Stift und Papier/EXP/#1_Stift und Papier_Vertical_D25-M02-Y26_4K-60FPS-FLAC.mp4 | length=21.792 | time=4.65
[Friday/March 06/03/2026 20:40:34] /mnt/Data/OUT$IDERZ/VISUALS/Videos (YT + Socials)/Vertical Videos/IN DA PIPELINE/### Außenseiter Vertical/6. Stift und Papier/EXP/#1_Stift und Papier_Vertical_D25-M02-Y26_4K-60FPS-FLAC.mp4 | length=21.792 | time=1.7333333333333
[Friday/March 06/03/2026 20:40:37] /home/yannik/Videos/OBS/2026-03-02 16-35-48.mp4 | length=17.75 | time=1.7666666666667
[Friday/March 06/03/2026 20:40:39] /home/yannik/Videos/OBS/2025-07-25 23-01-24.mp4 | length=26.833333333333 | time=18.35
[Friday/March 06/03/2026 20:40:40] /home/yannik/Videos/OBS/2026-03-02 16-35-48.mp4 | length=17.75 | time=0.083333333333333
[Friday/March 06/03/2026 20:40:41] /home/yannik/Videos/OBS/2026-03-02 16-35-19.mp4 | length=3.25 | time=0
[Friday/March 06/03/2026 20:40:41] /home/yannik/Videos/OBS/decrypt-pgp-2025-11-09 15-57-27.mp4 | length=45.333333333333 | time=0.033333333333333
[Friday/March 06/03/2026 20:40:41] /home/yannik/Videos/OBS/2025-06-17 23-55-43.mkv | length=345.728 | time=0.1
[Friday/March 06/03/2026 20:40:42] /home/yannik/Videos/OBS/2025-07-23 21-57-26.mp4 | length=43.516666666667 | time=0.033333333333333
[Friday/March 06/03/2026 20:40:43] /home/yannik/Videos/OBS/2025-07-25 23-01-24.mp4 | length=26.833333333333 | time=1.0166666666667
[Friday/March 06/03/2026 20:40:45] /home/yannik/Videos/OBS/2025-04-08 17-49-49.mkv | length=176.5 | time=1.817
[Friday/March 06/03/2026 20:40:50] /home/yannik/Videos/2026-01-12 19-57-03.mp4 | length=825.46666666667 | time=1.8333333333333
[Friday/March 06/03/2026 20:41:24] /run/user/1000/doc/5b30bb84/Asterix der Gallier (1967) (Fre & Ger Dub).mkv | length=4050.176 | time=5.506
[Friday/March 06/03/2026 20:41:42] /run/user/1000/doc/24fa05f3/Bugs Bunnys 3rd Movie - 1001 Rabbit Tales (1982) (Eng Dub).mkv | length=4420.792 | time=12.262
[Friday/March 06/03/2026 20:41:49] /run/user/1000/doc/8653767/Daffy Ducks Movie Fantastic Island (1983) (Eng Dub).mkv | length=4680.676 | time=5.672
[Friday/March 06/03/2026 20:43:57] /home/yannik/Desktop/Brown Noise for Studying.mp3 | length=28810.0078125 | time=1.23733319161
[Friday/March 06/03/2026 20:44:51] /home/yannik/Desktop/Brown Noise for Studying.mp3 | length=28810.0078125 | time=12.79588725261
[Friday/March 06/03/2026 21:50:24] /mnt/Data/OUT$IDERZ/SONGS/Projects/2021/06-21/garten-15-06-21/BEAT_147/9tails type beat   'astrals' feat. guardin (prod. opal).mp3 | length=164.352 | time=91.964900563943
[Friday/March 06/03/2026 21:56:10] /mnt/Data/OUT$IDERZ/SONGS/Projects/2021/06-21/garten-15-06-21/BOUNCE/2_garten_03_08_23.mp3 | length=163.104 | time=95.133370753001
[Saturday/March 07/03/2026 19:31:29] /run/user/1000/doc/2974ad73/Erin Brockovich (2000) (Eng & Ger Dub).mkv | length=7871.877 | time=11.637
[Saturday/March 07/03/2026 20:27:36] /home/yannik/Downloads/Threads_1984_DVDRip-AVC_.mkv | length=6749.76 | time=3443.08
[Saturday/March 07/03/2026 20:29:35] /home/yannik/Downloads/Threads (1984) (Rus & Eng Dub).mkv | length=6749.76 | time=2898.96
[Saturday/March 07/03/2026 20:30:05] /home/yannik/Downloads/Threads (1984) (Eng Dub).mkv | length=6749.76 | time=13.96
[Saturday/March 07/03/2026 21:29:33] /run/user/1000/doc/2974ad73/Erin Brockovich (2000) (Eng & Ger Dub).mkv | length=7871.877 | time=8.091
[Saturday/March 07/03/2026 21:30:58] /mnt/Data/Music_Collection/6LACK/Since I Have a Lover (2023)/01. 6LACK - cold feet.mp3 | length=154.99755555556 | time=5.80542256161
[Saturday/March 07/03/2026 21:31:02] /run/user/1000/doc/2974ad73/Erin Brockovich (2000) (Eng & Ger Dub).mkv | length=7871.877 | time=23.106
[Saturday/March 07/03/2026 21:31:35] /mnt/Data/Music_Collection/6LACK/Since I Have a Lover (2023)/01. 6LACK - cold feet.mp3 | length=154.99755555556 | time=3.6579554480521
[Saturday/March 07/03/2026 21:35:18] /mnt/Data/OUT$IDERZ/SONGS/Projects/2019/12_11_19_elevator_music/pastel.mp3 | length=109.09090702948 | time=2.76
[Saturday/March 07/03/2026 21:35:21] /mnt/Data/Music_Collection/6LACK/Since I Have a Lover (2023)/01. 6LACK - cold feet.mp3 | length=154.99755555556 | time=27.422890398213
[Saturday/March 07/03/2026 21:36:00] /mnt/Data/OUT$IDERZ/SONGS/Projects/2019/12_11_19_elevator_music/pastel.mp3 | length=109.09090702948 | time=71.888888888889
[Saturday/March 07/03/2026 21:36:04] /mnt/Data/OUT$IDERZ/SONGS/Projects/2019/12_11_19_elevator_music/12_11_19_elevator_music.mp3 | length=109.21794997166 | time=13.395833333333
[Saturday/March 07/03/2026 21:37:08] /mnt/Data/OUT$IDERZ/SONGS/Projects/2019/12_11_19_elevator_music/12_11_19_elevator_music.mp3 | length=109.21794997166 | time=21.902777777778
[Saturday/March 07/03/2026 21:37:09] /mnt/Data/OUT$IDERZ/SONGS/Projects/2019/12_11_19_elevator_music/12_11_19_elevator_music.mp3 | length=109.21794997166 | time=0.26388888888889
[Saturday/March 07/03/2026 21:37:10] /mnt/Data/OUT$IDERZ/SONGS/Projects/2019/12_11_19_elevator_music/pastel.mp3 | length=109.09090702948 | time=0.90972222222222
[Saturday/March 07/03/2026 21:38:38] /mnt/Data/OUT$IDERZ/SONGS/Projects/2025/09-25/Polaroid aka Spiegelreflex/MASTER/BOUNCE/#M16_Polaroid_MASTER_D04-M03-Y2026_150-BPM_48k-24b.wav | length=117.77085416667 | time=1.7152777777778
[Saturday/March 07/03/2026 21:38:49] /mnt/Data/OUT$IDERZ/SONGS/Projects/2025/09-25/Polaroid aka Spiegelreflex/MASTER/BOUNCE/#M15_Polaroid_MASTER_D04-M03-Y2026_150-BPM_48k-24b.wav | length=117.77085416667 | time=10.611111111111
[Saturday/March 07/03/2026 21:39:05] /mnt/Data/OUT$IDERZ/SONGS/Projects/2025/09-25/Polaroid aka Spiegelreflex/MASTER/BOUNCE/#M13_Polaroid_MASTER_D28-M02-Y2026_150-BPM_48k-24b.wav | length=117.77085416667 | time=15.513888888889
[Saturday/March 07/03/2026 21:39:19] /mnt/Data/OUT$IDERZ/SONGS/Projects/2025/09-25/Polaroid aka Spiegelreflex/MASTER/BOUNCE/#M15_Polaroid_MASTER_D04-M03-Y2026_150-BPM_48k-24b.wav | length=117.77085416667 | time=0.86111111111111
[Saturday/March 07/03/2026 21:39:21] /mnt/Data/OUT$IDERZ/SONGS/Projects/2025/09-25/Polaroid aka Spiegelreflex/MASTER/BOUNCE/#M14_Polaroid_MASTER_D03-M03-Y2026_150-BPM_48k-24b.wav | length=117.77085416667 | time=1.7430555555556
[Saturday/March 07/03/2026 21:39:25] /mnt/Data/OUT$IDERZ/SONGS/Projects/2025/09-25/Polaroid aka Spiegelreflex/MASTER/BOUNCE/#M13_Polaroid_MASTER_D28-M02-Y2026_150-BPM_48k-24b.wav | length=117.77085416667 | time=4.3194444444444
[Saturday/March 07/03/2026 21:39:26] /mnt/Data/OUT$IDERZ/SONGS/Projects/2025/09-25/Polaroid aka Spiegelreflex/MASTER/BOUNCE/#M14_Polaroid_MASTER_D03-M03-Y2026_150-BPM_48k-24b.wav | length=117.77085416667 | time=0
[Saturday/March 07/03/2026 21:39:26] /mnt/Data/OUT$IDERZ/SONGS/Projects/2025/09-25/Polaroid aka Spiegelreflex/MASTER/BOUNCE/#M16_Polaroid_MASTER_D04-M03-Y2026_150-BPM_48k-24b.wav | length=117.77085416667 | time=0.090277777777778
[Saturday/March 07/03/2026 21:44:06] /home/yannik/Downloads/Whistle.2025.1080p.WEB-DL.x265.6CH-Pahe.in.mkv | length=6015.016 | time=0
[Saturday/March 07/03/2026 21:44:36] /home/yannik/Downloads/The.Road.2009.1080p.BluRay.x264.DD+5.1-Pahe.in.mkv | length=6680.768 | time=3625.205
[Saturday/March 07/03/2026 21:44:56] /mnt/Data/OUT$IDERZ/SONGS/Projects/2025/09-25/Polaroid aka Spiegelreflex/MASTER/BOUNCE/#M1_Polaroid_MASTER_D28-M10-Y2025_90-BPM_48k-24b.wav | length=117.14583333333 | time=7.7569444444444
[Saturday/March 07/03/2026 21:46:27] /mnt/Data/OUT$IDERZ/SONGS/Projects/2025/09-25/Polaroid aka Spiegelreflex/MASTER/BOUNCE/#M9_Polaroid_MASTER_D21-M02-Y2026_150-BPM_48k-24b.wav | length=117.77085416667 | time=4.7777777777778
[Saturday/March 07/03/2026 21:53:09] /home/yannik/Downloads/The.Running.Man.2025.2160p.UHD.BluRay.x265.HDR.DV.DD+5.1.Atmos-Pahe.in.mkv | length=7984.944 | time=60.852
[Saturday/March 07/03/2026 21:54:11] /mnt/Data/OUT$IDERZ/SONGS/Projects/2025/09-25/Polaroid aka Spiegelreflex/MASTER/BOUNCE/#M17_Polaroid_MASTER_D06-M03-Y2026_150-BPM_48k-24b.wav | length=117.77085416667 | time=35.118055555556
[Saturday/March 07/03/2026 22:01:35] /mnt/Data/OUT$IDERZ/SONGS/Projects/2025/09-25/Polaroid aka Spiegelreflex/MASTER/BOUNCE/#M17_Polaroid_MASTER_D06-M03-Y2026_150-BPM_48k-24b.wav | length=117.77085416667 | time=1.3194444444444
[Saturday/March 07/03/2026 22:04:06] /mnt/Data/OUT$IDERZ/SONGS/Projects/2025/09-25/Polaroid aka Spiegelreflex/MASTER/BOUNCE/#M17_Polaroid_MASTER_D06-M03-Y2026_150-BPM_48k-24b.wav | length=117.77085416667 | time=104.09722222222
[Sunday/March 08/03/2026 18:06:55] /home/yannik/Desktop/STUDENTISCHE HILFSKRAFT/PODCAST/Ep. 10 - Auslandssemester (03.02.26)/Podcast Episode 10/BOUNCE/#2_Podcast Episode 10_D13-M02-Y2026_90-BPM_48k-24b.wav | length=1743.6716666667 | time=1627.3958333333
[Sunday/March 08/03/2026 18:17:22] /home/yannik/Desktop/STUDENTISCHE HILFSKRAFT/PODCAST/Ep. 10 - Auslandssemester (03.02.26)/Podcast Episode 10/BOUNCE/#3_Podcast Episode 10_D08-M03-Y2026_90-BPM_48k-24b.wav | length=1732.8416666667 | time=4.9444444444444
[Monday/March 09/03/2026 23:32:17] /home/yannik/Desktop/STUDENTISCHE HILFSKRAFT/PODCAST/Ep. 10 - Auslandssemester (03.02.26)/FOOTAGE/riverside_melina,_cassandra, cas... magic episode _ feb 03,_studio_von hochschu (2).wav | length=2137.6250113379 | time=357.5
[Tuesday/March 10/03/2026 00:46:52] /home/yannik/Desktop/STUDENTISCHE HILFSKRAFT/PODCAST/Ep. 10 - Auslandssemester (03.02.26)/FOOTAGE/riverside_melina,_cassandra, cas... magic episode _ feb 03,_studio_von hochschu (1).wav | length=2372.9166666667 | time=1858.3819444444
[Tuesday/March 10/03/2026 00:57:50] /home/yannik/Desktop/STUDENTISCHE HILFSKRAFT/PODCAST/Ep. 10 - Auslandssemester (03.02.26)/FOOTAGE/riverside_melina,_cassandra, cas... magic episode _ feb 03,_studio_von hochschu.wav | length=2372.9166666667 | time=1.5
[Tuesday/March 10/03/2026 00:57:53] /home/yannik/Desktop/STUDENTISCHE HILFSKRAFT/PODCAST/Ep. 10 - Auslandssemester (03.02.26)/FOOTAGE/riverside_melina,_cassandra, cas... magic episode _ feb 03,_studio_von hochschu (1).wav | length=2372.9166666667 | time=0.74305555555556
[Tuesday/March 10/03/2026 00:57:54] /home/yannik/Desktop/STUDENTISCHE HILFSKRAFT/PODCAST/Ep. 10 - Auslandssemester (03.02.26)/FOOTAGE/riverside_melina,_cassandra, cas... magic episode _ feb 03,_studio_von hochschu (1).wav | length=2372.9166666667 | time=2.0416666666667
[Tuesday/March 10/03/2026 00:57:56] /home/yannik/Desktop/STUDENTISCHE HILFSKRAFT/PODCAST/Ep. 10 - Auslandssemester (03.02.26)/FOOTAGE/riverside_melina,_cassandra, cas... magic episode _ feb 03,_studio_von hochschu (2).wav | length=2137.6250113379 | time=0.67361111111111
[Tuesday/March 10/03/2026 00:58:15] /home/yannik/Desktop/STUDENTISCHE HILFSKRAFT/PODCAST/Ep. 10 - Auslandssemester (03.02.26)/FOOTAGE/riverside_melina,_cassandra, cas... magic episode _ feb 03,_studio_von hochschu.wav | length=2372.9166666667 | time=2018.2222222222
[Tuesday/March 10/03/2026 00:58:55] /home/yannik/Desktop/STUDENTISCHE HILFSKRAFT/PODCAST/Ep. 10 - Auslandssemester (03.02.26)/FOOTAGE/riverside_melina,_cassandra, cas... magic episode _ feb 03,_studio_von hochschu.wav | length=2372.9166666667 | time=2025.6875
[Tuesday/March 10/03/2026 01:23:16] /home/yannik/Desktop/STUDENTISCHE HILFSKRAFT/PODCAST/Ep. 10 - Auslandssemester (03.02.26)/Podcast Episode 10/BOUNCE/#2_Podcast Episode 10_D13-M02-Y2026_90-BPM_48k-24b.wav | length=1743.6716666667 | time=9.6111111111111
[Tuesday/March 10/03/2026 01:35:56] /home/yannik/Desktop/STUDENTISCHE HILFSKRAFT/PODCAST/Ep. 10 - Auslandssemester (03.02.26)/Podcast Episode 10/BOUNCE/#4_Podcast Episode 10_D10-M03-Y2026_90-BPM_48k-24b.wav | length=1715.8576458333 | time=1519.8541666667
[Tuesday/March 10/03/2026 01:36:38] /home/yannik/Desktop/STUDENTISCHE HILFSKRAFT/PODCAST/Ep. 10 - Auslandssemester (03.02.26)/Podcast Episode 10/BOUNCE/#3_Podcast Episode 10_D08-M03-Y2026_90-BPM_48k-24b.wav | length=1732.8416666667 | time=2.8333333333333
[Tuesday/March 10/03/2026 01:36:44] /home/yannik/Desktop/STUDENTISCHE HILFSKRAFT/PODCAST/Ep. 10 - Auslandssemester (03.02.26)/Podcast Episode 10/BOUNCE/#2_Podcast Episode 10_D13-M02-Y2026_90-BPM_48k-24b.wav | length=1743.6716666667 | time=5.3541666666667
[Tuesday/March 10/03/2026 01:36:50] /home/yannik/Desktop/STUDENTISCHE HILFSKRAFT/PODCAST/Ep. 10 - Auslandssemester (03.02.26)/Podcast Episode 10/BOUNCE/#4_Podcast Episode 10_D10-M03-Y2026_90-BPM_48k-24b.wav | length=1715.8576458333 | time=6.6666666666667
[Tuesday/March 10/03/2026 01:39:48] /home/yannik/Desktop/STUDENTISCHE HILFSKRAFT/PODCAST/Ep. 10 - Auslandssemester (03.02.26)/Podcast Episode 10/BOUNCE/#4_Podcast Episode 10_D10-M03-Y2026_90-BPM_48k-24b.wav | length=1715.8576458333 | time=1205.7916666667
[Tuesday/March 10/03/2026 11:35:51] /mnt/Data/OUT$IDERZ/BEATS/OT$Z BEAT$/UNUSED BEATS/Unused Beats with License/NYC streets Freestyle prod. BapPlug/NYC-steets-Freestyle.wav | length=131.96634920635 | time=1.75
[Tuesday/March 10/03/2026 11:36:21] /mnt/Data/OUT$IDERZ/BEATS/OT$Z BEAT$/UNUSED BEATS/Unused Beats with License/Fake it till you make it prod. BapPlug/90s-Boom-Bap-Jazz---Fake-it-till-you-make-it.wav | length=119.64424036281 | time=1.8402777777778
[Tuesday/March 10/03/2026 11:36:44] /mnt/Data/OUT$IDERZ/BEATS/OT$Z BEAT$/UNUSED BEATS/Unused Beats with License/NYC streets Freestyle prod. BapPlug/NYC-steets-Freestyle.wav | length=131.96634920635 | time=0.85416666666667
[Tuesday/March 10/03/2026 11:36:48] /mnt/Data/OUT$IDERZ/BEATS/OT$Z BEAT$/UNUSED BEATS/Unused Beats with License/How to lose it all prod. BapPlug/Jazz-X-Boom-Bap-Type-Beat---How-to-lose-it-all.wav | length=104.97596371882 | time=1.8194444444444
[Tuesday/March 10/03/2026 11:36:51] /mnt/Data/OUT$IDERZ/BEATS/OT$Z BEAT$/UNUSED BEATS/Unused Beats with License/Don't play with me prod. BapPlug/Dont-play-with-me-MF-DOOM-Good-Vibes-Hip-Hop-Boom-Bap.wav | length=128.45108843537 | time=1.2916666666667
[Tuesday/March 10/03/2026 11:36:54] /mnt/Data/OUT$IDERZ/BEATS/OT$Z BEAT$/UNUSED BEATS/Unused Beats with License/Written on cement prod. BapPlug/Written-on-cement-Isaiah-Rashad-Smino-Hip-Hop-Boom-Bap.wav | length=133.49519274376 | time=1.9097222222222
[Tuesday/March 10/03/2026 11:36:57] /mnt/Data/OUT$IDERZ/BEATS/OT$Z BEAT$/UNUSED BEATS/Unused Beats with License/Work in Silence prod. BapPlug/J-Cole-Type-Beat---Work-in-Silence.wav | length=130.92308390023 | time=1.5069444444444
[Tuesday/March 10/03/2026 11:37:09] /mnt/Data/OUT$IDERZ/BEATS/OT$Z BEAT$/UNUSED BEATS/Unused Beats with License/Need some peace prod. BapPlug/Need-some-peace-Chill-Jazz-Boom-Bap-Slow.wav | length=126.41346938776 | time=4.9722222222222
[Tuesday/March 10/03/2026 11:37:14] /mnt/Data/OUT$IDERZ/BEATS/OT$Z BEAT$/UNUSED BEATS/Unused Beats with License/Money can't buy prod. BapPlug/Money-cant-buy.wav | length=145.92308390023 | time=2.9305555555556
[Tuesday/March 10/03/2026 11:37:23] /mnt/Data/OUT$IDERZ/BEATS/OT$Z BEAT$/UNUSED BEATS/Unused Beats with License/Local Library prod. BapPlug/Chill-Laid-back-Jazz-Type-Beat---Local-Library.wav | length=226.85575963719 | time=2.4513888888889
[Tuesday/March 10/03/2026 11:37:27] /mnt/Data/OUT$IDERZ/BEATS/OT$Z BEAT$/UNUSED BEATS/Unused Beats with License/The Fall-Off prod. BapPlug/The-Fall-Off-J-Cole-Inspiring-Boom-Bap-Hip-Hop.wav | length=107.65866213152 | time=2.1944444444444
[Tuesday/March 10/03/2026 11:37:36] /mnt/Data/OUT$IDERZ/BEATS/OT$Z BEAT$/UNUSED BEATS/Unused Beats with License/Win or Die prod. BapPlug/Cinematic-Jazz-Type-Beat---Win-or-Die.wav | length=181.6298185941 | time=7.3541666666667
[Tuesday/March 10/03/2026 11:37:50] /mnt/Data/OUT$IDERZ/BEATS/OT$Z BEAT$/UNUSED BEATS/Unused Beats with License/No Brainer prod. BapPlug/Joey-Bada-X-Jazz-Type-Beat---No-Brainer.wav | length=94.966349206349 | time=58.451388888889
[Tuesday/March 10/03/2026 11:37:56] /mnt/Data/OUT$IDERZ/BEATS/OT$Z BEAT$/UNUSED BEATS/Unused Beats with License/My Brother prod. BapPlug/My-Brother-Old-School-Boom-Bap-Kanye-West.wav | length=117.30768707483 | time=32.743055555556
[Tuesday/March 10/03/2026 11:38:00] /mnt/Data/OUT$IDERZ/BEATS/OT$Z BEAT$/UNUSED BEATS/Unused Beats with License/The Paws prod. BapPlug/Chill-Jazz-Beat---The-Paws.wav | length=200.81988662132 | time=2.4236111111111
[Tuesday/March 10/03/2026 11:38:04] /mnt/Data/OUT$IDERZ/BEATS/OT$Z BEAT$/UNUSED BEATS/Unused Beats with License/Cravings prod. BapPlug/Pharrel-x-2000s-RB---Cravings.wav | length=143.73557823129 | time=1.2916666666667
[Tuesday/March 10/03/2026 11:38:08] /mnt/Data/OUT$IDERZ/BEATS/OT$Z BEAT$/UNUSED BEATS/Unused Beats with License/DAYUMN! prod. BapPlug/DAYUMN-90s-Boom-Bap-Jazz-Head-Nod.wav | length=86.764421768707 | time=2.0416666666667
[Tuesday/March 10/03/2026 11:38:43] /mnt/Data/OUT$IDERZ/BEATS/OT$Z BEAT$/UNUSED BEATS/Unused Beats with License/Bless your mic prod. BapPlug/Bless-your-mic-MF-Doom-Old-School-Boom-Bap-Jazz.wav | length=192.97596371882 | time=1.1111111111111
[Tuesday/March 10/03/2026 11:38:49] /mnt/Data/OUT$IDERZ/BEATS/OT$Z BEAT$/UNUSED BEATS/Unused Beats with License/No Brainer prod. BapPlug/Joey-Bada-X-Jazz-Type-Beat---No-Brainer.wav | length=94.966349206349 | time=3.8402777777778
[Tuesday/March 10/03/2026 11:38:55] /mnt/Data/OUT$IDERZ/BEATS/OT$Z BEAT$/UNUSED BEATS/Unused Beats with License/Sound Selektion prod. BapPlug/Sound-Selektion-MF-DOOM-90s-Boom-Bap-Jazz-Hip-Hop.wav | length=125.39424036281 | time=3.5763888888889
[Tuesday/March 10/03/2026 11:39:06] /mnt/Data/OUT$IDERZ/BEATS/OT$Z BEAT$/UNUSED BEATS/Unused Beats with License/Fallen prod. BapPlug/Cinematic-Jazz-Saxophone-Type-Beat---Fallen.wav | length=108.28365079365 | time=1.0138888888889
[Tuesday/March 10/03/2026 11:39:20] /mnt/Data/OUT$IDERZ/BEATS/OT$Z BEAT$/UNUSED BEATS/Unused Beats with License/The Paws prod. BapPlug/Chill-Jazz-Beat---The-Paws.wav | length=200.81988662132 | time=1.125
[Tuesday/March 10/03/2026 11:39:24] /mnt/Data/OUT$IDERZ/BEATS/OT$Z BEAT$/UNUSED BEATS/Unused Beats with License/My Brother prod. BapPlug/My-Brother-Old-School-Boom-Bap-Kanye-West.wav | length=117.30768707483 | time=0.75
[Tuesday/March 10/03/2026 11:39:28] /mnt/Data/OUT$IDERZ/BEATS/OT$Z BEAT$/UNUSED BEATS/Unused Beats with License/No Brainer prod. BapPlug/Joey-Bada-X-Jazz-Type-Beat---No-Brainer.wav | length=94.966349206349 | time=0.72222222222222
[Tuesday/March 10/03/2026 11:39:39] /mnt/Data/OUT$IDERZ/BEATS/OT$Z BEAT$/UNUSED BEATS/Unused Beats with License/Local Library prod. BapPlug/Chill-Laid-back-Jazz-Type-Beat---Local-Library.wav | length=226.85575963719 | time=1.0833333333333
[Tuesday/March 10/03/2026 11:39:49] /mnt/Data/OUT$IDERZ/BEATS/OT$Z BEAT$/UNUSED BEATS/Unused Beats with License/Money can't buy prod. BapPlug/Money-cant-buy.wav | length=145.92308390023 | time=0.96527777777778
[Tuesday/March 10/03/2026 12:22:51] /mnt/Data/OUT$IDERZ/BEATS/OT$Z BEAT$/UNUSED BEATS/Unused Beats with License/Need some peace prod. BapPlug/Need-some-peace-Chill-Jazz-Boom-Bap-Slow.wav | length=126.41346938776 | time=5.6458333333333
[Tuesday/March 10/03/2026 12:28:08] /mnt/Data/OUT$IDERZ/BEATS/OT$Z BEAT$/UNUSED BEATS/Unused Beats with License/Need some peace prod. BapPlug/Need-some-peace-Chill-Jazz-Boom-Bap-Slow.wav | length=126.41346938776 | time=115.39583333333
[Tuesday/March 10/03/2026 12:28:15] /mnt/Data/OUT$IDERZ/BEATS/OT$Z BEAT$/UNUSED BEATS/Unused Beats with License/Win or Die prod. BapPlug/Cinematic-Jazz-Type-Beat---Win-or-Die.wav | length=181.6298185941 | time=6.3125
[Tuesday/March 10/03/2026 12:28:36] /mnt/Data/OUT$IDERZ/SONGS/Projects/2025/09-25/Polaroid aka Spiegelreflex/MASTER/BOUNCE/#M0_Polaroid_16-09-25.wav | length=117.16666666667 | time=4.6041666666667
[Tuesday/March 10/03/2026 12:28:44] /mnt/Data/Music_Collection/$UICIDEBOY$ (37 Untagged)/(37 Untagged)/$uicideboy$ - $outh $ide $uicide/$uicideboy$ - $outh $ide $uicide - 03 Runnin_ Thru the 7th with My Woadies.mp3 | length=205.76632653061 | time=1.7500460600907
[Tuesday/March 10/03/2026 12:29:17] /mnt/Data/Music_Collection/$UICIDEBOY$ (37 Untagged)/(37 Untagged)/$uicideboy$ - $outh $ide $uicide/$uicideboy$ - $outh $ide $uicide - 03 Runnin_ Thru the 7th with My Woadies.mp3 | length=205.76632653061 | time=45.706121989703
[Tuesday/March 10/03/2026 14:05:45] /mnt/Data/OUT$IDERZ/SONGS/Projects/2025/11-25/Remedy/BOUNCE/#6_Remedy_D14-M12-Y2025_85-BPM_48k-24b.wav | length=121.47058333333 | time=4.2986111111111
[Thursday/March 12/03/2026 01:53:31] /home/yannik/Videos/OBS/Wie gut ist KI-Stem-Splitting wirklich und was bringt es dir.mp4 | length=438.4 | time=256.28333333333
[Friday/March 13/03/2026 23:45:38] /mnt/Data/OUT$IDERZ/VISUALS/Videos (YT + Socials)/Vertical Videos/2026/7. Mosaik Vertical/EXPORT/#13_Mosaik_Vertical_D12-M02-Y26_4K-60FPS-FLAC.mp4 | length=19.68 | time=1.2
[Friday/March 13/03/2026 23:46:00] /mnt/Data/OUT$IDERZ/VISUALS/Videos (YT + Socials)/YT Videos/2026/7. Mosaik YT/EXP/#4_Mosaik_YT_27-12-25_4K-60FPS-libx264-FLAC.mp4 | length=107.712 | time=107.38333333333
[Saturday/March 14/03/2026 00:07:04] /mnt/Data/OUT$IDERZ/VISUALS/Videos (YT + Socials)/Vertical Videos/2026/7. Mosaik Vertical/EXPORT/#14_Mosaik_Vertical_D13-M03-Y26_4K-60FPS-FLAC.mp4 | length=20.832 | time=7.8666666666667
[Saturday/March 14/03/2026 00:16:40] /mnt/Data/OUT$IDERZ/VISUALS/Videos (YT + Socials)/Vertical Videos/2026/7. Mosaik Vertical/EXPORT/#15_Mosaik_Vertical_D13-M03-Y26_4K-60FPS-FLAC.mp4 | length=20.832 | time=0.53333333333333
[Sunday/March 15/03/2026 01:46:38] /run/user/1000/doc/9d125ff3/347. Best Of Money Boy Interview @Joiz (Blind Date   11.11.2014).mp4 | length=1099.7434920635 | time=2.8
[Sunday/March 15/03/2026 01:46:46] /run/user/1000/doc/8bbf9a8/307. Kola mit Ice LIVE @ JOIZ - MC Smook, Money Boy, Hustensaft Jüngling.mp4 | length=155.96843537415 | time=4.68
[Sunday/March 15/03/2026 02:24:41] /run/user/1000/doc/794523de/313. Money Boy bei Joiz.mp4 | length=4201.0935147392 | time=1177.04
[Sunday/March 15/03/2026 13:30:36] /run/user/1000/doc/274012b9/313. Money Boy bei Joiz.mp4 | length=4201.0935147392 | time=3936.36
[Sunday/March 15/03/2026 20:13:35] /run/user/1000/doc/1987679f/All.Dogs.Go.To.Heaven.2.1996.720p.BluRay.x264.700MB-Pahe.in.mkv | length=4967.966 | time=2587.043
[Sunday/March 15/03/2026 20:20:09] /run/user/1000/doc/ae8893f9/Ousama.Ranking.S01E06.1080p.WEB-DL.x264-Pahe.li.mkv | length=1382.11 | time=9.426
[Sunday/March 15/03/2026 20:22:31] /home/yannik/Desktop/Manta Manta/Manta.Manta.1991.German.DTS.1080p.BluRay.x265-UNFIrED/unfired-manta-x265.mkv | length=5442.417 | time=5059.708
[Tuesday/March 17/03/2026 00:15:44] /mnt/Data/OUT$IDERZ/VISUALS/Videos (YT + Socials)/Vertical Videos/IN DA PIPELINE/### TELL ME ABOUT YOU Vertical/1. Januar/EXP/#1_Januar_Vertical_D16-M03-Y26_4K-60FPS-FLAC.mp4 | length=27.36 | time=4.75
[Tuesday/March 17/03/2026 18:45:22] /home/yannik/Desktop/my life told in metaphors files/06. rest in peace (04-08-21)/bounce/06. Rest in Peace (04-08-21).mp3 | length=178.032 | time=2.6319444444444
[Tuesday/March 17/03/2026 18:47:57] /home/yannik/Desktop/my life told in metaphors/11. Memories (29-06-21)/beat_80/yt1s.com - free for profit sad x emotional guardin type beat ice lofi guitar instrumental.mp3 | length=144.82285714286 | time=0.64583333333333
[Tuesday/March 17/03/2026 18:49:01] /home/yannik/Desktop/my life told in metaphors/07. Träume (29-06-21)/raw_voc/layer_träume 29-06-21.wav | length=113.25741666667 | time=43.777777777778
[Tuesday/March 17/03/2026 18:49:38] /home/yannik/Desktop/my life told in metaphors/12. Papa Interlude (05-07-21)/nectar/12. Papa Interlude.mp3 | length=177.31917502834 | time=47.104166666667
[Tuesday/March 17/03/2026 18:49:56] /home/yannik/Desktop/my life told in metaphors/08. Hamsterrad (20-11-21)/nectar/hamsterrad-20-11-21.mp3 | length=233.616 | time=0.91666666666667
[Tuesday/March 17/03/2026 18:50:09] /home/yannik/Desktop/my life told in metaphors/15. Unter 30 (03-10-21)/nectar_mix/unter 30_03_10_21.mp3 | length=138.50122498583 | time=32.4375
[Tuesday/March 17/03/2026 18:50:29] /home/yannik/Desktop/my life told in metaphors/07. Träume (29-06-21)/nectar/07. Träume (29-06-21).wav | length=179.14725623583 | time=31.75
[Tuesday/March 17/03/2026 18:52:01] /mnt/Data/OUT$IDERZ/SONGS/Projects/2021/my life told in metaphors/05. Fliegen (02-11-21)/nectar_mix/fliegen-02-11-21.mp3 | length=150.84 | time=2.3333333333333
[Tuesday/March 17/03/2026 22:13:08] /mnt/Data/OUT$IDERZ/SONGS/Projects/2025/09-25/Polaroid aka Spiegelreflex/MASTER/BOUNCE/#M21_Polaroid_MASTER_D17-M03-Y2026_150-BPM_48k-24b.wav | length=117.77085416667 | time=6.3819444444444
[Tuesday/March 17/03/2026 22:35:15] /mnt/Data/OUT$IDERZ/SONGS/Projects/2025/09-25/Polaroid aka Spiegelreflex/BOUNCE/#35_Polaroid aka Spiegelreflex_D17-M03-Y2026_150-BPM_48k-24b.wav | length=117.77085416667 | time=23.416666666667
[Tuesday/March 17/03/2026 23:02:56] /mnt/Data/OUT$IDERZ/SONGS/Projects/2025/09-25/Polaroid aka Spiegelreflex/BOUNCE/#35_Polaroid aka Spiegelreflex_D17-M03-Y2026_150-BPM_48k-24b.wav | length=117.77085416667 | time=21.486111111111
[Tuesday/March 17/03/2026 23:11:55] /mnt/Data/OUT$IDERZ/SONGS/Projects/2025/09-25/Polaroid aka Spiegelreflex/BEAT/mr-brik-meep-mp3.mp3 | length=179.232 | time=3.3472222222222
[Tuesday/March 17/03/2026 23:12:02] /mnt/Data/OUT$IDERZ/SONGS/Projects/2025/09-25/Polaroid aka Spiegelreflex/BOUNCE/#35_Polaroid aka Spiegelreflex_D17-M03-Y2026_150-BPM_48k-24b.wav | length=117.77085416667 | time=1.4166666666667
[Tuesday/March 17/03/2026 23:12:03] /mnt/Data/OUT$IDERZ/SONGS/Projects/2025/09-25/Polaroid aka Spiegelreflex/BOUNCE/#34_Polaroid aka Spiegelreflex_D14-M03-Y2026_150-BPM_48k-24b.wav | length=117.77085416667 | time=1.2638888888889
[Tuesday/March 17/03/2026 23:13:44] /mnt/Data/OUT$IDERZ/SONGS/Projects/2025/09-25/Polaroid aka Spiegelreflex/MASTER/BOUNCE/#M22_Polaroid_MASTER_D17-M03-Y2026_150-BPM_48k-24b.wav | length=117.77085416667 | time=106.70138888889
[Tuesday/March 17/03/2026 23:15:18] /mnt/Data/OUT$IDERZ/SONGS/Projects/2025/09-25/Polaroid aka Spiegelreflex/MASTER/BOUNCE/#M22_Polaroid_MASTER_D17-M03-Y2026_150-BPM_48k-24b.wav | length=117.77085416667 | time=115.82638888889
[Tuesday/March 17/03/2026 23:32:58] /mnt/Data/OUT$IDERZ/SONGS/Projects/2025/09-25/Polaroid aka Spiegelreflex/MASTER/BOUNCE/#M22_Polaroid_MASTER_D17-M03-Y2026_150-BPM_48k-24b.wav | length=117.77085416667 | time=95.583333333333
[Wednesday/March 18/03/2026 00:07:37] /mnt/Data/OUT$IDERZ/SONGS/Projects/2025/09-25/Polaroid aka Spiegelreflex/MASTER/BOUNCE/#M23_Polaroid_MASTER_D17-M03-Y2026_150-BPM_48k-24b.wav | length=117.77085416667 | time=60.326388888889
[Wednesday/March 18/03/2026 00:08:05] /mnt/Data/OUT$IDERZ/SONGS/Projects/2025/09-25/Polaroid aka Spiegelreflex/MASTER/BOUNCE/#M8_Polaroid_MASTER_D21-M02-Y2026_150-BPM_48k-24b.wav | length=117.77085416667 | time=111.63194444444
[Wednesday/March 18/03/2026 00:08:41] /mnt/Data/OUT$IDERZ/SONGS/Projects/2025/09-25/Polaroid aka Spiegelreflex/MASTER/BOUNCE/#M23_Polaroid_MASTER_D17-M03-Y2026_150-BPM_48k-24b.wav | length=117.77085416667 | time=100.54861111111
[Wednesday/March 18/03/2026 00:20:02] /mnt/Data/OUT$IDERZ/SONGS/Projects/2025/09-25/Polaroid aka Spiegelreflex/MASTER/BOUNCE/#M20_Polaroid_MASTER_D14-M03-Y2026_150-BPM_48k-24b.wav | length=117.77085416667 | time=40.881944444444
[Wednesday/March 18/03/2026 00:20:07] /mnt/Data/OUT$IDERZ/SONGS/Projects/2025/09-25/Polaroid aka Spiegelreflex/MASTER/BOUNCE/#M24_Polaroid_MASTER_D18-M03-Y2026_150-BPM_48k-24b.wav | length=117.77085416667 | time=41.958333333333
[Wednesday/March 18/03/2026 00:20:12] /mnt/Data/OUT$IDERZ/SONGS/Projects/2025/09-25/Polaroid aka Spiegelreflex/MASTER/BOUNCE/#M20_Polaroid_MASTER_D14-M03-Y2026_150-BPM_48k-24b.wav | length=117.77085416667 | time=74.625
[Wednesday/March 18/03/2026 00:20:19] /mnt/Data/OUT$IDERZ/SONGS/Projects/2025/09-25/Polaroid aka Spiegelreflex/MASTER/BOUNCE/#M24_Polaroid_MASTER_D18-M03-Y2026_150-BPM_48k-24b.wav | length=117.77085416667 | time=87.861111111111
[Wednesday/March 18/03/2026 00:20:46] /mnt/Data/OUT$IDERZ/SONGS/Projects/2025/09-25/Polaroid aka Spiegelreflex/MASTER/BOUNCE/#M20_Polaroid_MASTER_D14-M03-Y2026_150-BPM_48k-24b.wav | length=117.77085416667 | time=103.57638888889
[Wednesday/March 18/03/2026 15:05:35] /mnt/Data/OUT$IDERZ/SONGS/Projects/2025/09-25/Polaroid aka Spiegelreflex/MASTER/BOUNCE/#M24_Polaroid_MASTER_D18-M03-Y2026_150-BPM_48k-24b.wav | length=117.77085416667 | time=36.451388888889
[Wednesday/March 18/03/2026 18:29:52] /mnt/Data/OUT$IDERZ/VISUALS/Videos (YT + Socials)/YT Videos/2026/7. Mosaik YT/EXP/#3_Mosaik_YT_4K-60FPS-libx264-FLAC.mp4 | length=108.096 | time=0
[Wednesday/March 18/03/2026 18:29:55] /mnt/Data/OUT$IDERZ/VISUALS/Videos (YT + Socials)/YT Videos/2026/7. Mosaik YT/EXP/#4_Mosaik_YT_27-12-25_4K-60FPS-libx264-FLAC.mp4 | length=107.712 | time=0
[Wednesday/March 18/03/2026 18:32:39] /mnt/Data/OUT$IDERZ/SONGS/Projects/2025/08-25/Splitter zählen aka Ja, ich weiß/MASTER/Splitter zählen_MASTER_D18-M03-Y2026_127-BPM_48k-24b.wav | length=154.17766666667 | time=72.534722222222
[Wednesday/March 18/03/2026 18:49:52] /mnt/Data/OUT$IDERZ/SONGS/Projects/2025/08-25/Splitter zählen aka Ja, ich weiß/MASTER/BOUNCE/#M7_Splitter zählen_MASTER_D12-M03-Y2026_127-BPM_48k-24b.wav | length=154.089375 | time=64.798611111111
[Wednesday/March 18/03/2026 18:50:27] /mnt/Data/OUT$IDERZ/SONGS/Projects/2025/08-25/Splitter zählen aka Ja, ich weiß/MASTER/BOUNCE/#M8_Splitter zählen_MASTER_D18-M03-Y2026_127-BPM_48k-24b.wav | length=154.14908333333 | time=81.8125
[Wednesday/March 18/03/2026 19:00:46] /mnt/Data/OUT$IDERZ/SONGS/Projects/2025/08-25/Splitter zählen aka Ja, ich weiß/MASTER/BOUNCE/#M9_Splitter zählen_MASTER_D18-M03-Y2026_127-BPM_48k-24b.wav | length=154.11529166667 | time=137.85416666667
[Wednesday/March 18/03/2026 20:30:46] /mnt/Data/OUT$IDERZ/VISUALS/Videos (YT + Socials)/YT Videos/2026/7. Mosaik YT/EXP/#5_Mosaik_YT_D18-M03-Y26_4K-60FPS-libx264-FLAC.mp4 | length=107.712 | time=0.25
[Wednesday/March 18/03/2026 20:53:38] /mnt/Data/OUT$IDERZ/VISUALS/Videos (YT + Socials)/YT Videos/2026/7. Mosaik YT/EXP/#1_Mosaik YT.mp4 | length=108.096 | time=1.6666666666667
[Thursday/March 19/03/2026 21:42:17] /home/yannik/Desktop/shirin/Barbara.Becoming.Shirin.David.2026.GERMAN.DOKU.1080p.WEB.h264-HAXE/Barbara.Becoming.Shirin.David.2026.GERMAN.DOKU.1080p.WEB.h264-HAXE.mkv | length=5473.152 | time=420
[Thursday/March 19/03/2026 21:42:51] /home/yannik/Desktop/shirin/Barbara.Becoming.Shirin.David.2026.GERMAN.DOKU.1080p.WEB.h264-HAXE/Barbara.Becoming.Shirin.David.2026.GERMAN.DOKU.1080p.WEB.h264-HAXE.mkv | length=5473.152 | time=311.44
[Thursday/March 19/03/2026 22:03:45] /mnt/Data/OUT$IDERZ/VISUALS/Videos (YT + Socials)/YT Videos/2026/7. Mosaik YT/EXP/#6_Mosaik_YT_D18-M03-Y26_4K-60FPS-libx264-FLAC.mp4 | length=107.712 | time=13.183333333333
[Thursday/March 19/03/2026 22:59:40] /mnt/Data/OUT$IDERZ/VISUALS/Videos (YT + Socials)/Vertical Videos/2026/7. Mosaik Vertical/EXPORT/#16_Mosaik_Vertical_D14-M03-Y26_4K-60FPS-FLAC.mp4 | length=20.832 | time=13.466666666667
[Thursday/March 19/03/2026 23:57:08] /mnt/Data/OUT$IDERZ/SONGS/Projects/2025/07-25/Geistesblitz/MASTER/BOUNCE/#M4_Geistesblitz_MASTER_D19-M03-Y2026_90-BPM_48k-24b.wav | length=143.14097916667 | time=124.63194444444
[Friday/March 20/03/2026 00:12:41] /mnt/Data/OUT$IDERZ/VISUALS/Videos (YT + Socials)/YT Videos/2026/8. Polaroid/EXP/#1_Polaroid_YT_D19-M03-Y26_4K-60FPS-libx264-FLAC.mp4 | length=117.792 | time=1.4
[Friday/March 20/03/2026 00:12:52] /mnt/Data/OUT$IDERZ/VISUALS/Videos (YT + Socials)/YT Videos/2026/8. Polaroid/EXP/#1_Polaroid_YT_D19-M03-Y26_4K-60FPS-libx264-FLAC.mp4 | length=117.792 | time=7.1833333333333
[Friday/March 20/03/2026 00:12:53] /mnt/Data/OUT$IDERZ/VISUALS/Videos (YT + Socials)/YT Videos/2026/8. Polaroid/EXP/#2_Polaroid_YT_D19-M03-Y26_4K-60FPS-libx264-FLAC.mp4 | length=117.792 | time=11.983333333333
[Friday/March 20/03/2026 00:13:07] /mnt/Data/OUT$IDERZ/VISUALS/Videos (YT + Socials)/YT Videos/2026/8. Polaroid/EXP/#1_Polaroid_YT_D19-M03-Y26_4K-60FPS-libx264-FLAC.mp4 | length=117.792 | time=0.26666666666667
[Friday/March 20/03/2026 00:13:31] /mnt/Data/OUT$IDERZ/VISUALS/Videos (YT + Socials)/YT Videos/2026/8. Polaroid/EXP/#2_Polaroid_YT_D19-M03-Y26_4K-60FPS-libx264-FLAC.mp4 | length=117.792 | time=24
[Friday/March 20/03/2026 00:27:44] /mnt/Data/OUT$IDERZ/SONGS/Projects/2025/07-25/Geistesblitz/MASTER/BOUNCE/#M5_Geistesblitz_MASTER_D20-M03-Y2026_90-BPM_48k-24b.wav | length=143.18 | time=127.98611111111
[Friday/March 20/03/2026 13:53:48] /home/yannik/Downloads/MOVE TO NAS/German Documentaries/Barbara - Becoming Shirin David (2026) (Ger Dub).mkv | length=5473.152 | time=395.24
[Friday/March 20/03/2026 13:54:11] /home/yannik/Downloads/MOVE TO NAS/German Documentaries/Barbara - Becoming Shirin David (2026) (Ger Dub).mkv | length=5473.152 | time=18.72
[Friday/March 20/03/2026 15:33:12] /home/yannik/Downloads/MOVE TO NAS/German Documentaries/Barbara - Becoming Shirin David (2026) (Ger Dub).mkv | length=5473.152 | time=5420.16
[Friday/March 20/03/2026 16:58:13] /mnt/Data/OUT$IDERZ/VISUALS/Videos (YT + Socials)/Vertical Videos/IN DA PIPELINE/Ganz bestimmt Vertical/EXP/#1_Ganz bestimmt_Vertical_D04-M02-Y26_4K-60FPS-FLAC.mp4 | length=28.032 | time=1.0333333333333
[Friday/March 20/03/2026 19:00:38] /mnt/Data/OUT$IDERZ/BEATS/OT$Z BEAT$/UNUSED BEATS/Unused Beats with License/A Quiet Life prod. Toni/A-Quiet-Life--Mac-Miller-type-beat.wav | length=226.66666666667 | time=0.38888888888889
[Friday/March 20/03/2026 19:00:38] /mnt/Data/OUT$IDERZ/BEATS/OT$Z BEAT$/UNUSED BEATS/Unused Beats with License/A Quiet Life prod. Toni/A-Quiet-Life--Mac-Miller-type-beat.wav | length=226.66666666667 | time=1.4097222222222
[Friday/March 20/03/2026 19:26:35] /mnt/Data/OUT$IDERZ/BEATS/OT$Z BEAT$/UNUSED BEATS/Unused Beats with License/Been a Minute prod. Toni/Been-A-Minute--Mac-Miller-type-beat.wav | length=222.85714285714 | time=0.97916666666667
[Saturday/March 21/03/2026 14:27:19] /mnt/Data/OUT$IDERZ/SONGS/Projects/2026/03-26/Makeup/MASTER/BOUNCE/#M3_Makeup_MASTER_D21-M03-Y2026_76-BPM_48k-24b.wav | length=129.23704166667 | time=37.354166666667
[Saturday/March 21/03/2026 14:27:21] /mnt/Data/OUT$IDERZ/SONGS/Projects/2026/03-26/Makeup/MASTER/BOUNCE/#M4_Makeup_MASTER_D21-M03-Y2026_76-BPM_48k-24b.wav | length=130.8425625 | time=1.4652777777778
[Saturday/March 21/03/2026 14:27:48] /mnt/Data/OUT$IDERZ/SONGS/Projects/2026/03-26/Makeup/MASTER/BOUNCE/#M3_Makeup_MASTER_D21-M03-Y2026_76-BPM_48k-24b.wav | length=129.23704166667 | time=51.076388888889
[Saturday/March 21/03/2026 14:28:59] /mnt/Data/OUT$IDERZ/SONGS/Projects/2026/03-26/Makeup/MASTER/BOUNCE/#M4_Makeup_MASTER_D21-M03-Y2026_76-BPM_48k-24b.wav | length=130.8425625 | time=54.0625
[Saturday/March 21/03/2026 14:53:14] /mnt/Data/OUT$IDERZ/SONGS/Projects/2026/03-26/Makeup/BOUNCE/#6_Makeup_D21-M03-Y2026_76-BPM_48k-24b.wav | length=128.55927083333 | time=1.1527777777778
[Sunday/March 22/03/2026 01:32:56] /run/user/1000/doc/24357a94/GIB MA FEUER #94 - BEASTBOY über DAS BATTLE, DAT ADAM, ONBEAT, MINECRAFT, ANIME, NEUE PROJEKTE uvm.mp4 | length=10451.139047619 | time=8344.56
[Monday/March 23/03/2026 00:00:25] /mnt/Data/OUT$IDERZ/VISUALS/Videos (YT + Socials)/Vertical Videos/IN DA PIPELINE/### TELL ME ABOUT YOU Vertical/3. Back in the Day/EXP/#1_Back in the Day_Vertical_D20-M03-Y26_4K-60FPS-FLAC.mp4 | length=14.592 | time=0.38333333333333
[Monday/March 23/03/2026 00:04:55] /mnt/Data/OUT$IDERZ/VISUALS/Videos (YT + Socials)/Vertical Videos/IN DA PIPELINE/### TELL ME ABOUT YOU Vertical/3. Back in the Day/EXP/#2_Back in the Day_Vertical_D23-M03-Y26_4K-60FPS-FLAC.mp4 | length=14.688 | time=3.0166666666667
[Monday/March 23/03/2026 00:16:49] /mnt/Data/OUT$IDERZ/VISUALS/Videos (YT + Socials)/Vertical Videos/IN DA PIPELINE/### TELL ME ABOUT YOU Vertical/3. Back in the Day/EXP/#3_Back in the Day_Vertical_D23-M03-Y26_4K-60FPS-FLAC.mp4 | length=14.688 | time=0.98333333333333
[Monday/March 23/03/2026 15:39:56] /run/user/1000/doc/6b334c84/Stripperella S01E05- The Wrath of Klinko.mkv | length=1323.789 | time=232.799
[Monday/March 23/03/2026 16:23:33] /run/user/1000/doc/96336a8f/Weeds.S03E01.720p.BluRay.x264.200MB-Pahe.in.mkv | length=1668.724 | time=0.792
[Monday/March 23/03/2026 21:35:01] /run/user/1000/doc/5b0fdcd5/3. Kung Fu Panda 3 (2016) (Eng Dub).mkv | length=5694.72 | time=2.794
[Monday/March 23/03/2026 21:35:05] /run/user/1000/doc/79a3be78/Kung.Fu.Panda.3.2016.2160p.UHD.BluRay.x265.HDR.DV.DD+5.1.Atmos-Pahe.in.mkv | length=5689.684 | time=1.293
[Tuesday/March 24/03/2026 10:19:00] /home/yannik/Downloads/Live Aid. Against All Odds.mp4 | length=10673.655873016 | time=8762.12
[Tuesday/March 24/03/2026 16:00:19] /mnt/Data/OUT$IDERZ/SONGS/Projects/2025/09-25/Polaroid aka Spiegelreflex/MASTER/BOUNCE/#M25_Polaroid_MASTER_D18-M03-Y2026_150-BPM_48k-24b.wav | length=117.77085416667 | time=71.659722222222
[Tuesday/March 24/03/2026 16:13:49] /mnt/Data/OUT$IDERZ/SONGS/Projects/2025/09-25/Polaroid aka Spiegelreflex/MASTER/BOUNCE/#M25_Polaroid_MASTER_D18-M03-Y2026_150-BPM_48k-24b.wav | length=117.77085416667 | time=1.25
[Tuesday/March 24/03/2026 16:13:52] /mnt/Data/OUT$IDERZ/SONGS/Projects/2025/09-25/Polaroid aka Spiegelreflex/MASTER/BOUNCE/#M19_Polaroid_MASTER_D07-M03-Y2026_150-BPM_48k-24b.wav | length=117.77085416667 | time=1.3125
[Tuesday/March 24/03/2026 16:14:03] /mnt/Data/OUT$IDERZ/SONGS/Projects/2025/09-25/Polaroid aka Spiegelreflex/BEAT/mr-brik-meep-mp3.mp3 | length=179.232 | time=0.93055555555556
[Tuesday/March 24/03/2026 16:17:04] /mnt/Data/OUT$IDERZ/SONGS/Projects/2025/09-25/Polaroid aka Spiegelreflex/MASTER/BOUNCE/#M26_Polaroid_MASTER_D24-M03-Y2026_150-BPM_48k-24b.wav | length=117.77085416667 | time=19.895833333333
[Tuesday/March 24/03/2026 16:17:16] /mnt/Data/OUT$IDERZ/SONGS/Projects/2025/09-25/Polaroid aka Spiegelreflex/MASTER/BOUNCE/#M25_Polaroid_MASTER_D18-M03-Y2026_150-BPM_48k-24b.wav | length=117.77085416667 | time=20.979166666667
[Tuesday/March 24/03/2026 16:31:21] /home/yannik/Desktop/Live Aid Against All Odds (2005) (Eng Dub).mp4 | length=10673.655873016 | time=9506.4
[Tuesday/March 24/03/2026 18:20:43] /home/yannik/Desktop/STUDENTISCHE HILFSKRAFT/PODCAST/Ep. 11 - Melina's Freundin (05.02.26)/Podcast Episode 11/BOUNCE/#1_Podcast Episode 11_D19-M02-Y2026_90-BPM_48k-24b.wav | length=1955.9689791667 | time=2.4375
[Tuesday/March 24/03/2026 18:31:35] /home/yannik/Desktop/STUDENTISCHE HILFSKRAFT/PODCAST/Ep. 11 - Melina's Freundin (05.02.26)/Podcast Episode 11/BOUNCE/#3_Podcast Episode 11_D24-M03-Y2026_90-BPM_48k-24b.wav | length=1828.53875 | time=836.04861111111
[Tuesday/March 24/03/2026 18:36:54] /home/yannik/Desktop/STUDENTISCHE HILFSKRAFT/PODCAST/Ep. 11 - Melina's Freundin (05.02.26)/Podcast Episode 11/BOUNCE/#1_Podcast Episode 11_D19-M02-Y2026_90-BPM_48k-24b.wav | length=1955.9689791667 | time=43.993055555556
[Tuesday/March 24/03/2026 18:37:13] /home/yannik/Desktop/STUDENTISCHE HILFSKRAFT/PODCAST/Ep. 11 - Melina's Freundin (05.02.26)/Podcast Episode 11/BOUNCE/#3_Podcast Episode 11_D24-M03-Y2026_90-BPM_48k-24b.wav | length=1828.53875 | time=43.5625
[Tuesday/March 24/03/2026 18:37:19] /home/yannik/Desktop/STUDENTISCHE HILFSKRAFT/PODCAST/Ep. 11 - Melina's Freundin (05.02.26)/Podcast Episode 11/BOUNCE/#1_Podcast Episode 11_D19-M02-Y2026_90-BPM_48k-24b.wav | length=1955.9689791667 | time=30.416666666667
[Wednesday/March 25/03/2026 12:13:08] /mnt/Data/OUT$IDERZ/SONGS/Projects/2025/09-25/Polaroid aka Spiegelreflex/MASTER/BOUNCE/#M26_Polaroid_MASTER_D24-M03-Y2026_150-BPM_48k-24b.wav | length=117.77085416667 | time=117.77085416667
[Wednesday/March 25/03/2026 12:23:29] /mnt/Data/OUT$IDERZ/SONGS/Released Projects/OT$Z DI$COGRAPHY/Cozy/2026/6. OT$Z Cozy - Polaroid (2026 Single)/SONG + COVER/#M26_Polaroid_MASTER_D24-M03-Y2026_150-BPM_48k-24b.wav | length=117.77085416667 | time=36.013888888889
[Wednesday/March 25/03/2026 22:31:30] /mnt/Data/OUT$IDERZ/VISUALS/Videos (YT + Socials)/YT Videos/2026/7. Mosaik YT/EXP/#6_Mosaik_YT_D18-M03-Y26_4K-60FPS-libx264-FLAC.mp4 | length=107.712 | time=107.712
[Wednesday/March 25/03/2026 22:33:10] /mnt/Data/OUT$IDERZ/VISUALS/Videos (YT + Socials)/YT Videos/2026/7. Mosaik YT/EXP/#6_Mosaik_YT_D18-M03-Y26_4K-60FPS-libx264-FLAC.mp4 | length=107.712 | time=11.133333333333
[Wednesday/March 25/03/2026 22:33:49] /mnt/Data/OUT$IDERZ/VISUALS/Videos (YT + Socials)/Vertical Videos/2026/7. Mosaik Vertical/EXPORT/#16_Mosaik_Vertical_D14-M03-Y26_4K-60FPS-FLAC.mp4 | length=20.832 | time=1.4166666666667
[Wednesday/March 25/03/2026 22:33:57] /mnt/Data/OUT$IDERZ/VISUALS/Videos (YT + Socials)/YT Videos/2026/8. Polaroid/EXP/#2_Polaroid_YT_D19-M03-Y26_4K-60FPS-libx264-FLAC.mp4 | length=117.792 | time=1.3166666666667
[Wednesday/March 25/03/2026 22:55:10] /mnt/Data/OUT$IDERZ/VISUALS/Videos (YT + Socials)/YT Videos/2026/8. Polaroid YT/EXP/#3_Polaroid_YT_D25-M03-Y26_4K-60FPS-libx264-FLAC.mp4 | length=117.792 | time=1.5833333333333
[Wednesday/March 25/03/2026 23:08:22] /mnt/Data/OUT$IDERZ/VISUALS/Videos (YT + Socials)/Vertical Videos/2026/8. Polaroid Vertical/EXP/#1_Polaroid_Vertical_D25-M03-Y26_4K-60FPS-FLAC.mp4 | length=25.824 | time=18.816666666667
[Wednesday/March 25/03/2026 23:08:34] /mnt/Data/OUT$IDERZ/VISUALS/Videos (YT + Socials)/Vertical Videos/2026/7. Mosaik Vertical/EXPORT/#16_Mosaik_Vertical_D14-M03-Y26_4K-60FPS-FLAC.mp4 | length=20.832 | time=12.066666666667
[Wednesday/March 25/03/2026 23:08:37] /mnt/Data/OUT$IDERZ/VISUALS/Videos (YT + Socials)/Vertical Videos/2026/8. Polaroid Vertical/EXP/#1_Polaroid_Vertical_D25-M03-Y26_4K-60FPS-FLAC.mp4 | length=25.824 | time=2.5166666666667
[Thursday/March 26/03/2026 01:45:18] /home/yannik/Desktop/STUDENTISCHE HILFSKRAFT/PODCAST/Ep. 11 - Melina's Freundin (05.02.26)/Podcast Episode 11/BOUNCE/#3_Podcast Episode 11_D24-M03-Y2026_90-BPM_48k-24b.wav | length=1828.53875 | time=1661.0416666667
[Thursday/March 26/03/2026 21:09:47] /run/user/1000/doc/923ac669/80 Millionen.mp4 | length=225.39182515849 | time=198.5985985986
[Thursday/March 26/03/2026 21:10:22] /run/user/1000/doc/9d06a6d/BAJOELMISMOSOL.mp4 | length=228.9 | time=25.9
[Thursday/March 26/03/2026 21:13:55] /run/user/1000/doc/b7521017/MV-NormanMichaelMarcoK.mp4 | length=136.88 | time=129.36
[Thursday/March 26/03/2026 21:14:46] /run/user/1000/doc/84b04efc/RIN - Monica Bellucci E.mpg | length=199.848 | time=43.72
[Thursday/March 26/03/2026 21:17:25] /run/user/1000/doc/2ef8436e/Fewjar - Risen to a Flood.mp4 | length=292 | time=153.52
[Thursday/March 26/03/2026 21:19:15] /run/user/1000/doc/dcbc7f63/Musikvideo_Time_von Edi,Yannik und Marco.mp4 | length=275.56695833333 | time=275.58400000002
[Thursday/March 26/03/2026 23:14:20] /mnt/Data/OUT$IDERZ/VISUALS/Videos (YT + Socials)/Vertical Videos/2026/8. Polaroid Vertical/EXP/#1_Polaroid_Vertical_D25-M03-Y26_4K-60FPS-FLAC.mp4 | length=25.824 | time=10.85
[Thursday/March 26/03/2026 23:21:14] /mnt/Data/OUT$IDERZ/VISUALS/Videos (YT + Socials)/Vertical Videos/2026/8. Polaroid Vertical/EXP/#2_Polaroid_Vertical_D26-M03-Y26_4K-60FPS-FLAC.mp4 | length=13.152 | time=1.25
[Friday/March 27/03/2026 01:10:04] /run/user/1000/doc/4783aa8c/Kopfhörervergleich Teil 1.mp4 | length=1990.6887083333 | time=3.5368666666667
[Friday/March 27/03/2026 01:10:14] /run/user/1000/doc/62fdae6c/Interview mit Kai Blankenberg - Mastering Engineer und Atmos Mischer.mp4 | length=2152.9 | time=1.6166666666667
[Friday/March 27/03/2026 01:15:13] /run/user/1000/doc/4783aa8c/Kopfhörervergleich Teil 1.mp4 | length=1990.6887083333 | time=2.4357666666667
[Friday/March 27/03/2026 01:15:43] /run/user/1000/doc/fd93cb3a/Game Audio Music Production Teil 1.mp4 | length=3703.5833333333 | time=5
[Friday/March 27/03/2026 01:20:12] /run/user/1000/doc/fd93cb3a/Game Audio Music Production Teil 1.mp4 | length=3703.5833333333 | time=27.583333333333
[Friday/March 27/03/2026 23:02:58] /run/user/1000/doc/49ec46ce/BEEIL DICH WIR WERDEN ERWACHSEN - EPISODE 1.mp4 | length=393.27637188209 | time=15.5
[Friday/March 27/03/2026 23:12:43] /home/yannik/Downloads/BEEIL DICH WIR WERDEN ERWACHSEN - EPISODE 2.mp4 | length=567.42603174603 | time=3.4583333333333
[Saturday/March 28/03/2026 00:20:55] /mnt/Data/OUT$IDERZ/VISUALS/Videos (YT + Socials)/Vertical Videos/IN DA PIPELINE/### TELL ME ABOUT YOU Vertical/4. Bunte Farben/EXP/#1_Bunte Farben_Vertical_D28-M03-Y26_4K-60FPS-FLAC.mp4 | length=19.776 | time=4.1
[Saturday/March 28/03/2026 01:43:14] /mnt/Data/OUT$IDERZ/SONGS/Projects/2025/08-25/Wär ich morgen reich/MASTER/BOUNCE/#M1_Wär ich morgen reich_MASTER_D28-M10-Y2025_90-BPM_48k-24b.wav | length=172.14102083333 | time=28.3125
[Saturday/March 28/03/2026 16:04:54] /run/user/1000/doc/dac14bbe/3. Rec 3 - Genesis (2012) (Spa Dub).mkv | length=4822.099 | time=3167.122
[Saturday/March 28/03/2026 16:09:14] /run/user/1000/doc/6089eda0/2. Terminator 2 - Judgment Day (1991 Extended) (Eng Dub).mkv | length=9355.776 | time=3.921
[Saturday/March 28/03/2026 16:09:21] /run/user/1000/doc/8d2d74c1/Terminator.2.Judgment Day.1991.Ultimate.Cut.1080p.BluRay.x265.DD+5.1-Pahe.in.mkv | length=9356.627 | time=3.921
[Saturday/March 28/03/2026 16:17:31] /run/user/1000/doc/eb030e1b/Hannah Montana - 20th Anniversary Special (2026) (Eng Dub).mkv | length=3527.123 | time=2625.039
[Saturday/March 28/03/2026 16:23:26] /mnt/Data/Music_Collection/Z_Untagged/Kendrick Lamar & Ja _Rock - No Sleep Til NYC/16 - New Pimpin.mp3 | length=195.87145833333 | time=0.93938775510204
[Saturday/March 28/03/2026 16:23:41] /mnt/Data/Music_Collection/Z_Untagged/K. Dot & Jay Rock - No Sleep Til NYC/05 - The Real Hip Hop (Ab-Soul Freestyle).mp3 | length=82.160458333333 | time=1.3660544217687
[Saturday/March 28/03/2026 16:23:56] /mnt/Data/Music_Collection/Z_Untagged/K. Dot & Jay Rock - No Sleep Til NYC/07 - It Aint Hard 2 Tell.mp3 | length=168.41679166667 | time=1.3563328599547
[Saturday/March 28/03/2026 16:24:12] /mnt/Data/Music_Collection/Z_Untagged/K. Dot & Jay Rock - No Sleep Til NYC/07 - It Aint Hard 2 Tell.mp3 | length=168.41679166667 | time=0.99954283624943
[Saturday/March 28/03/2026 16:24:20] /mnt/Data/Music_Collection/Z_Untagged/K-Dot & Jay Rock - No Sleep Til NYC/06 - Dead Presidents III Ft Ab-Soul.mp3 | length=216.66495833333 | time=0.29938775510204
[Saturday/March 28/03/2026 20:35:37] /run/user/1000/doc/ca11c9fd/Heidi - Die Legende vom Luchs (2025) (Ger Dub).mkv | length=4709.203 | time=1640
[Saturday/March 28/03/2026 20:45:10] /home/yannik/Desktop/Brown Noise for Studying.mp3 | length=28810.0078125 | time=360.70148015262
[Saturday/March 28/03/2026 22:22:04] /home/yannik/Desktop/UNUSED BEATS/Unused Beats with License/100 prod. Buffalo666/mt__4968592.wav | length=132.0937414966 | time=4.2986111111111
[Saturday/March 28/03/2026 22:22:08] /home/yannik/Desktop/UNUSED BEATS/Unused Beats with License/1000 Dinge prod. Dozy/Lyran-Dasz-x-Yungmon-x-absent-Type-Beat-1000-Dinge.wav | length=176.75646258503 | time=3.2222222222222
[Saturday/March 28/03/2026 22:22:40] /home/yannik/Desktop/UNUSED BEATS/Unused Beats with License/Always prod. Toni/Always--Mac-Miller-type-beat.wav | length=192 | time=31.777777777778
[Saturday/March 28/03/2026 22:22:44] /home/yannik/Desktop/UNUSED BEATS/Unused Beats with License/AMBER EYES prod. David Linhof/AMBER-EYES-Mac-Miller--Kid-Cudi--Lofi-Hip-Hop.wav | length=163.9024375 | time=4.1041666666667
[Saturday/March 28/03/2026 22:23:00] /home/yannik/Desktop/UNUSED BEATS/Unused Beats with License/Anytime prod. Toni/Anytime--Mac-Miller-type-beat.wav | length=214.73684807256 | time=15.527777777778
[Saturday/March 28/03/2026 22:23:19] /home/yannik/Desktop/UNUSED BEATS/Unused Beats with License/Anytime prod. Toni/Anytime--Mac-Miller-type-beat.wav | length=214.73684807256 | time=71.236111111111
[Saturday/March 28/03/2026 22:23:46] /home/yannik/Desktop/UNUSED BEATS/Unused Beats with License/as it was prod. deadspyro/deadspyro-as-it-was-g-m-177-ds.wav | length=119.32555555556 | time=3.6527777777778
[Saturday/March 28/03/2026 22:23:49] /home/yannik/Desktop/UNUSED BEATS/Unused Beats with License/Bad Bitches Be Basic prod. Dozy/Alternative-Rock-x-Neffex-Type-Beat-Bad-Bitches-Be-Basic.wav | length=187.2037414966 | time=2.8680555555556
[Saturday/March 28/03/2026 22:23:55] /home/yannik/Desktop/UNUSED BEATS/Unused Beats with License/BEG TO YOU prod. David Linhof/BEG-YOU-TO-Mac-Miller--Kid-Cudi--Lofi-Hip-Hop.wav | length=140.8695625 | time=4.9583333333333
[Saturday/March 28/03/2026 22:23:58] /home/yannik/Desktop/UNUSED BEATS/Unused Beats with License/Bless your mic prod. BapPlug/Bless-your-mic-MF-Doom-Old-School-Boom-Bap-Jazz.wav | length=192.97596371882 | time=2.9722222222222
[Saturday/March 28/03/2026 22:24:16] /home/yannik/Desktop/UNUSED BEATS/Unused Beats with License/Boom Bap prod. Mike D exclusive/boom-bap_7007298.mp3 | length=204.024 | time=17.993055555556
[Saturday/March 28/03/2026 22:24:22] /home/yannik/Desktop/UNUSED BEATS/Unused Beats with License/BREATHE prod. David Linhof/BREATHE-Mac-Miller--J-Cole--Lofi-Hip-Hop.wav | length=192.4285625 | time=5.9722222222222
[Saturday/March 28/03/2026 23:51:25] /home/yannik/Desktop/UNUSED BEATS/Unused Beats with License/Cant Complain prod. Toni/Cant-Complain--Mac-Miller-type-beat.wav | length=212.05480725624 | time=209.79861111111
[Sunday/March 29/03/2026 00:49:25] /home/yannik/Desktop/UNUSED BEATS/Unused Beats with License/CASCADE prod. David Linhof/CASCADE-Mac-Miller--J-Cole--Boom-Bap.wav | length=166.45160416667 | time=49.868055555556
[Sunday/March 29/03/2026 01:05:51] /mnt/Data/OUT$IDERZ/SONGS/Projects/2025/08-25/Splitter zählen aka Ja, ich weiß/BOUNCE/#31_Splitter zählen aka Ja ich weiß_D29-M03-Y2026_127-BPM_48k-24b.wav | length=154.0285 | time=36.451388888889
[Sunday/March 29/03/2026 16:49:00] /home/yannik/Desktop/Was das Herz begehrt (Eng & Ger Dub)/Was.das.Herz.begehrt.2003.German.AC3D.DL.1080p.AmazonHD.h264-paranoid06.mkv | length=7697.649 | time=5365.986
[Sunday/March 29/03/2026 16:54:52] /home/yannik/Downloads/Arco.2025.1080p.BluRay.x265.6CH-Pahe.in.mkv | length=5306.152 | time=2910.741
[Sunday/March 29/03/2026 17:01:19] /run/user/1000/doc/d291f4fd/Man Bites Dog (1992) (Eng Dub).mkv | length=5778.1 | time=5.625
[Sunday/March 29/03/2026 17:01:33] /run/user/1000/doc/8a51d2e6/Man Bites Dog (1992) (Fre Dub).mkv | length=5758.068 | time=33.875
[Sunday/March 29/03/2026 17:01:45] /run/user/1000/doc/d291f4fd/Man Bites Dog (1992) (Eng Dub).mkv | length=5778.1 | time=32.833
[Sunday/March 29/03/2026 18:12:38] /home/yannik/Desktop/UNUSED BEATS/Unused Beats with License/Cant Complain prod. Toni/Cant-Complain--Mac-Miller-type-beat.wav | length=212.05480725624 | time=212.04861111111
[Sunday/March 29/03/2026 18:14:19] /home/yannik/Desktop/UNUSED BEATS/Unused Beats with License/Cant Complain prod. Toni/Cant-Complain--Mac-Miller-type-beat.wav | length=212.05480725624 | time=100.50694444444
[Sunday/March 29/03/2026 18:48:09] /home/yannik/Desktop/BEAT/Cant-Complain--Mac-Miller-type-beat.wav | length=212.05480725624 | time=25.881944444444
[Sunday/March 29/03/2026 21:21:11] /home/yannik/Desktop/Southside/MASTER/BOUNCE/#M1_Southside_MASTER_D29-M03-Y2026_73-BPM_48k-24b.wav | length=213.91 | time=213.91
[Sunday/March 29/03/2026 21:22:12] /mnt/Data/OUT$IDERZ/SONGS/Projects/2025/10-25/Lonely Nights/MASTER/BOUNCE/#M7_Lonely Nights_MASTER_D26-M10-Y2025_48k-24b.wav | length=140.55 | time=2.4027777777778
[Sunday/March 29/03/2026 23:46:18] /mnt/Data/OUT$IDERZ/VISUALS/Videos (YT + Socials)/YT Videos/IN DA PIPELINE/TELL ME ABOUT YOU YT/5. Silvester/EXP/#1_Silvester_YT_30-01-26_4K-60FPS-libx264-FLAC.mp4 | length=181.44 | time=26.266666666667
[Sunday/March 29/03/2026 23:47:49] /mnt/Data/OUT$IDERZ/VISUALS/Videos (YT + Socials)/Vertical Videos/IN DA PIPELINE/TELL ME ABOUT YOU Vertical/5. Silvester/EXP/#1_Silvester_Vertical_D29-M03-Y26_4K-60FPS-FLAC.mp4 | length=37.056 | time=4.4
[Monday/March 30/03/2026 08:27:31] /run/user/1000/doc/7b607bb0/GZUZ.Licht.und.Schatten.2025.GERMAN.DOKU.HDR.2160p.WEB.H265-SYNERGiE.mkv | length=4888.064 | time=2034.72
[Monday/March 30/03/2026 17:03:59] /run/user/1000/doc/905c3f37/1. Mesut Özil - Zu Gast bei Freunden - Episode 01 - Aufstieg - Der will doch nur spielen.mp4 | length=2630.28 | time=2628.52
[Monday/March 30/03/2026 17:04:28] /run/user/1000/doc/905c3f37/1. Mesut Özil - Zu Gast bei Freunden - Episode 01 - Aufstieg - Der will doch nur spielen.mp4 | length=2630.28 | time=28.18
[Monday/March 30/03/2026 21:34:55] /mnt/Data/OUT$IDERZ/VISUALS/Videos (YT + Socials)/Vertical Videos/IN DA PIPELINE/TELL ME ABOUT YOU Vertical/5. Silvester/EXP/#2_Silvester_Vertical_D30-M03-Y26_4K-60FPS-FLAC.mp4 | length=37.056 | time=1.2666666666667
[Monday/March 30/03/2026 22:28:03] /run/user/1000/doc/5a39701b/2. Mesut Özil - Zu Gast bei Freunden - Episode 02 - Brüche - Staatsfreund Nummer 1.mp4 | length=2817.4 | time=2800.68
[Monday/March 30/03/2026 22:28:28] /run/user/1000/doc/5a39701b/2. Mesut Özil - Zu Gast bei Freunden - Episode 02 - Brüche - Staatsfreund Nummer 1.mp4 | length=2817.4 | time=2806.64
[Monday/March 30/03/2026 22:28:30] /run/user/1000/doc/905c3f37/1. Mesut Özil - Zu Gast bei Freunden - Episode 01 - Aufstieg - Der will doch nur spielen.mp4 | length=2630.28 | time=2.44
[Monday/March 30/03/2026 23:35:56] /home/yannik/Downloads/The Dinosaurs (2026 Miniseries) (Eng Dub)/The.Dinosaurs.S01E01.Rise.1080p.NF.WEB-DL.x265.6CH-Pahe.in.mkv | length=2905.427 | time=720.053
[Monday/March 30/03/2026 23:36:03] /home/yannik/Downloads/The Dinosaurs (2026 Miniseries) (Eng Dub)/The.Dinosaurs.S01E02.Conquest.1080p.NF.WEB-DL.x265.6CH-Pahe.in.mkv | length=2915.027 | time=2339.212
[Monday/March 30/03/2026 23:48:43] /run/user/1000/doc/934c8c45/3. Mesut Özil - Zu Gast bei Freunden - Episode 03 - Entfremdung - Das Foto.mp4 | length=3681.76 | time=3675.64
[Tuesday/March 31/03/2026 20:46:55] /mnt/Data/OUT$IDERZ/SONGS/Projects/2025/08-25/Splitter zählen aka Ja, ich weiß/MASTER/BOUNCE/#M13_Splitter zählen_MASTER_D31-M03-Y2026_127-BPM_48k-24b.wav | length=154.13347916667 | time=73.6875
[Wednesday/April 01/04/2026 20:53:11] /run/user/1000/doc/934c8c45/3. Mesut Özil - Zu Gast bei Freunden - Episode 03 - Entfremdung - Das Foto.mp4 | length=3681.76 | time=5.22
[Wednesday/April 01/04/2026 20:53:26] /run/user/1000/doc/5a39701b/2. Mesut Özil - Zu Gast bei Freunden - Episode 02 - Brüche - Staatsfreund Nummer 1.mp4 | length=2817.4 | time=2611.12
[Wednesday/April 01/04/2026 21:37:40] /run/user/1000/doc/934c8c45/3. Mesut Özil - Zu Gast bei Freunden - Episode 03 - Entfremdung - Das Foto.mp4 | length=3681.76 | time=3681.7493333329
[Wednesday/April 01/04/2026 22:57:43] /home/yannik/Desktop/STUDENTISCHE HILFSKRAFT/PODCAST/Ep. 15 - Fakultät NXT (01.04.26)/FOOTAGE/Audio Files/SprecherIn 2 #20.aif | length=1469.8942630385 | time=1022.3125
[Thursday/April 02/04/2026 00:56:50] /mnt/Data/OUT$IDERZ/SONGS/Projects/2025/08-25/Ja, okay/MASTER/BOUNCE/#M14_Ja, okay_MASTER_D11-M02-Y2026_108-BPM_48k-24b.wav | length=126.67447916667 | time=28.208333333333
[Thursday/April 02/04/2026 01:19:09] /mnt/Data/OUT$IDERZ/SONGS/Projects/2025/06-25/Sommer_07-06-25/MASTER/BOUNCE/#M5_Sommer_MASTER_D28-M11-Y2025_166-BPM_48k-24b.wav | length=123.80722916667 | time=15.354166666667
[Thursday/April 02/04/2026 01:19:18] /mnt/Data/OUT$IDERZ/SONGS/Projects/2025/06-25/Sommer_07-06-25/MASTER/BOUNCE/#M6_Sommer_MASTER_D02-M04-Y2026_166-BPM_48k-24b.wav | length=128.36052083333 | time=18.493055555556
[Thursday/April 02/04/2026 01:19:28] /mnt/Data/OUT$IDERZ/SONGS/Projects/2025/06-25/Sommer_07-06-25/MASTER/BOUNCE/#M5_Sommer_MASTER_D28-M11-Y2025_166-BPM_48k-24b.wav | length=123.80722916667 | time=20
[Thursday/April 02/04/2026 01:19:48] /mnt/Data/OUT$IDERZ/SONGS/Projects/2025/06-25/Sommer_07-06-25/MASTER/BOUNCE/#M6_Sommer_MASTER_D02-M04-Y2026_166-BPM_48k-24b.wav | length=128.36052083333 | time=30.354166666667
[Thursday/April 02/04/2026 01:38:59] /mnt/Data/OUT$IDERZ/SONGS/Projects/2026/03-26/Busy Making Other Plans/MASTER/BOUNCE/#M6_Busy Making Other Plans_MASTER_D02-M04-Y2026_69-BPM_48k-24b.wav | length=127.91347916667 | time=106.27777777778
[Thursday/April 02/04/2026 01:41:59] /mnt/Data/OUT$IDERZ/SONGS/Projects/2026/03-26/Busy Making Other Plans/MASTER/BOUNCE/#M5_Busy Making Other Plans_MASTER_D22-M03-Y2026_69-BPM_48k-24b.wav | length=127.91347916667 | time=16.354166666667
[Thursday/April 02/04/2026 01:42:09] /mnt/Data/OUT$IDERZ/SONGS/Projects/2026/03-26/Busy Making Other Plans/MASTER/BOUNCE/#M6_Busy Making Other Plans_MASTER_D02-M04-Y2026_69-BPM_48k-24b.wav | length=127.91347916667 | time=19.270833333333
[Thursday/April 02/04/2026 12:32:39] /run/user/1000/doc/b25b24b2/GOAT (2026) (Eng Dub).mkv | length=5987.357 | time=63.48
[Thursday/April 02/04/2026 22:34:20] /run/user/1000/doc/6407c9ce/Solo.Leveling.S02E03.Still.a.Long.Way.to.Go.1080p.BluRay.x265.AAC2.0-Pahe.in.mkv | length=1422.64 | time=422.297
[Thursday/April 02/04/2026 22:52:32] /mnt/Data/OUT$IDERZ/SONGS/Projects/2025/09-25/So wie du/MASTER/BOUNCE/#M6_So wie du_MASTER_D24-M01-Y2026_150-BPM_48k-24b.wav | length=169.89939583333 | time=19.159722222222
[Thursday/April 02/04/2026 22:52:39] /mnt/Data/OUT$IDERZ/SONGS/Projects/2025/09-25/So wie du/MASTER/BOUNCE/#M7_So wie du_MASTER_D02-M04-Y2026_150-BPM_48k-24b.wav | length=169.89939583333 | time=21.756944444444
[Thursday/April 02/04/2026 23:13:06] /mnt/Data/OUT$IDERZ/SONGS/Projects/2025/09-25/Vielleicht (wieder zum Weinen)/MASTER/BOUNCE/#M4_Vielleicht (wieder zum Weinen)_MASTER_D18-M02-Y2026_163-BPM_48k-24b.wav | length=148.53333333333 | time=91.784722222222
[Thursday/April 02/04/2026 23:13:18] /mnt/Data/OUT$IDERZ/SONGS/Projects/2025/09-25/Vielleicht (wieder zum Weinen)/MASTER/BOUNCE/#M5_Vielleicht (wieder zum Weinen)_MASTER_D02-M04-Y2026_163-BPM_48k-24b.wav | length=148.53333333333 | time=43.729166666667
[Thursday/April 02/04/2026 23:13:29] /mnt/Data/OUT$IDERZ/SONGS/Projects/2025/09-25/Vielleicht (wieder zum Weinen)/MASTER/BOUNCE/#M4_Vielleicht (wieder zum Weinen)_MASTER_D18-M02-Y2026_163-BPM_48k-24b.wav | length=148.53333333333 | time=45.465277777778
[Thursday/April 02/04/2026 23:14:09] /mnt/Data/OUT$IDERZ/SONGS/Projects/2025/09-25/Vielleicht (wieder zum Weinen)/MASTER/BOUNCE/#M5_Vielleicht (wieder zum Weinen)_MASTER_D02-M04-Y2026_163-BPM_48k-24b.wav | length=148.53333333333 | time=73.444444444444
[Thursday/April 02/04/2026 23:14:22] /mnt/Data/OUT$IDERZ/SONGS/Projects/2025/09-25/Vielleicht (wieder zum Weinen)/MASTER/BOUNCE/#M4_Vielleicht (wieder zum Weinen)_MASTER_D18-M02-Y2026_163-BPM_48k-24b.wav | length=148.53333333333 | time=77.333333333333
[Thursday/April 02/04/2026 23:14:36] /mnt/Data/OUT$IDERZ/SONGS/Projects/2025/09-25/Vielleicht (wieder zum Weinen)/MASTER/BOUNCE/#M5_Vielleicht (wieder zum Weinen)_MASTER_D02-M04-Y2026_163-BPM_48k-24b.wav | length=148.53333333333 | time=74.618055555556
[Thursday/April 02/04/2026 23:39:33] /mnt/Data/OUT$IDERZ/SONGS/Projects/2025/09-25/Melancholie/MASTER/BOUNCE/#M3_Melancholie_MASTER_D02-M04-Y2026_90-BPM_48k-24b.wav | length=170.1371875 | time=100.76388888889
[Thursday/April 02/04/2026 23:39:39] /mnt/Data/OUT$IDERZ/SONGS/Projects/2025/09-25/Melancholie/MASTER/BOUNCE/#M2_Melancholie_MASTER_D29-M01-Y2026_90-BPM_48k-24b.wav | length=170.4431875 | time=52.791666666667
[Thursday/April 02/04/2026 23:39:48] /mnt/Data/OUT$IDERZ/SONGS/Projects/2025/09-25/Melancholie/MASTER/BOUNCE/#M3_Melancholie_MASTER_D02-M04-Y2026_90-BPM_48k-24b.wav | length=170.1371875 | time=54.930555555556
[Thursday/April 02/04/2026 23:39:53] /mnt/Data/OUT$IDERZ/SONGS/Projects/2025/09-25/Melancholie/MASTER/BOUNCE/#M2_Melancholie_MASTER_D29-M01-Y2026_90-BPM_48k-24b.wav | length=170.4431875 | time=56.145833333333
[Friday/April 03/04/2026 19:26:43] /home/yannik/Downloads/Junior.2011.1080p.BluRay.x265.AAC2.0-Pahe.in.mkv | length=1330.377 | time=1298.25
[Friday/April 03/04/2026 19:27:57] /home/yannik/Downloads/Junior.2011.1080p.BluRay.x265.AAC2.0-Pahe.in.mkv | length=1330.377 | time=361.708
[Friday/April 03/04/2026 23:37:12] /mnt/Data/OUT$IDERZ/VISUALS/Videos (YT + Socials)/YT Videos/2026/8. Polaroid YT/EXP/#3_Polaroid_YT_D25-M03-Y26_4K-60FPS-libx264-FLAC.mp4 | length=117.792 | time=2.4833333333333
[Friday/April 03/04/2026 23:37:34] /mnt/Data/OUT$IDERZ/VISUALS/Videos (YT + Socials)/Vertical Videos/2026/8. Polaroid Vertical/EXP/#3_Polaroid_Vertical_D26-M03-Y26_4K-60FPS-FLAC.mp4 | length=13.152 | time=13.152
[Saturday/April 04/04/2026 01:04:22] /home/yannik/Downloads/Nietzsche in 60 Minuten, Nietzsche in 60 minutes (subtitles), Nietzsche en 60 Minutes (sous-titres).mp4 | length=3984.4977777778 | time=1180.72
[Saturday/April 04/04/2026 12:45:58] /home/yannik/Downloads/Rudolf.the.Black.Cat.2016.720p.BluRay.x264.650MB-Pahe.in.mkv | length=5319.348 | time=1916.998
[Saturday/April 04/04/2026 12:52:50] /home/yannik/Downloads/BEEIL DICH WIR WERDEN ERWACHSEN - EPISODE 1.mp4 | length=393.27637188209 | time=132.58266666667
[Saturday/April 04/04/2026 14:48:46] /run/user/1000/doc/565a7069/Attack.On.Titan.The.Last.Attack.2024.2160p.UHD.BluRay.x265.HDR.DV.DD+7.1-Pahe.in.mkv | length=8642.656 | time=5716.586
[Saturday/April 04/04/2026 14:48:47] /run/user/1000/doc/565a7069/Attack.On.Titan.The.Last.Attack.2024.2160p.UHD.BluRay.x265.HDR.DV.DD+7.1-Pahe.in.mkv | length=8642.656 | time=9.426
[Sunday/April 05/04/2026 01:16:56] /mnt/Data/OUT$IDERZ/VISUALS/Videos (YT + Socials)/Vertical Videos/IN DA PIPELINE/### Yin-Yang Vertical/3. A.W.I.T.K/EXP/#1_A.W.I.T.K_Vertical_D04-M04-Y26-4K-FLAC.mp4 | length=14.688 | time=14.688
[Sunday/April 05/04/2026 01:23:40] /mnt/Data/OUT$IDERZ/VISUALS/Videos (YT + Socials)/Vertical Videos/IN DA PIPELINE/### Yin-Yang Vertical/3. A.W.I.T.K/EXP/#2_A.W.I.T.K_Vertical_D05-M04-Y26-4K-FLAC.mp4 | length=26.976 | time=0.83333333333333
[Sunday/April 05/04/2026 01:38:25] /mnt/Data/OUT$IDERZ/VISUALS/Videos (YT + Socials)/Vertical Videos/IN DA PIPELINE/### Yin-Yang Vertical/3. A.W.I.T.K/EXP/#3_A.W.I.T.K_Vertical_D05-M04-Y26-4K-FLAC.mp4 | length=26.976 | time=2.8166666666667
[Sunday/April 05/04/2026 19:14:47] /run/user/1000/doc/b6bc295e/klassigerhd-hotrod.2007.1080p.mkv | length=5276.16 | time=4925.041
[Sunday/April 05/04/2026 19:17:05] /run/user/1000/doc/c50bf695/The.Witch.2015.1080p.BluRay.x265.10Bit.DD+5.1-Pahe.in.mkv | length=5546.624 | time=2.878
[Sunday/April 05/04/2026 19:18:19] /run/user/1000/doc/abfe2cdd/The.Last.Seduction.1994.Extended.1080p.Bluray.x264.AAC2.0-Pahe.in.mkv | length=8002.174 | time=6238.691
[Sunday/April 05/04/2026 19:22:22] /run/user/1000/doc/ab443ad5/Left-Handed.Girl.2025.1080p.BluRay.x265.DD+5.1-Pahe.in.mkv | length=6505.086 | time=2193.417
[Sunday/April 05/04/2026 19:26:58] /run/user/1000/doc/dcacc148/The.Disappearance.of.Haruhi.Suzumiya.2010.1080p.BluRay.x265.DD+5.1-Pahe.in.mkv | length=9707.698 | time=7.507
[Sunday/April 05/04/2026 19:27:06] /run/user/1000/doc/6578e124/The Disappearance of Haruhi Suzumiya (2010) (Jap Dub).mkv | length=9707.7 | time=4.88
[Sunday/April 05/04/2026 19:31:00] /run/user/1000/doc/46660dca/Nueve.Reinas.2000.1080p.BluRay.x265.DD+5.1-Pahe.in.mkv | length=6943.699 | time=3321.86
[Sunday/April 05/04/2026 20:25:27] /run/user/1000/doc/83ecc270/17 Again (2009) (Eng Dub).mkv | length=6116.446 | time=4.421
[Sunday/April 05/04/2026 20:25:29] /run/user/1000/doc/83ecc270/17 Again (2009) (Eng Dub).mkv | length=6116.446 | time=5.881
[Sunday/April 05/04/2026 21:56:06] /home/yannik/Desktop/STUDENTISCHE HILFSKRAFT/PODCAST/Ep. 12 - Englische Folge - Austausch-Studentin (05.02.26)/Podcast Episode 12/BOUNCE/#1_Podcast Episode 12_D26-M03-Y2026_90-BPM_48k-24b.wav | length=2554.2412916667 | time=2444.2638888889
[Sunday/April 05/04/2026 22:13:45] /home/yannik/Desktop/STUDENTISCHE HILFSKRAFT/PODCAST/Ep. 12 - Englische Folge - Austausch-Studentin (05.02.26)/Podcast Episode 12/BOUNCE/#1_Podcast Episode 12_D26-M03-Y2026_90-BPM_48k-24b.wav | length=2554.2412916667 | time=7.3472222222222
[Sunday/April 05/04/2026 22:20:00] /home/yannik/Downloads/The.Experiment.2010.1080p.BluRay.x265.DD+5.1-Pahe.in.mkv | length=5765.843 | time=6.131
[Sunday/April 05/04/2026 22:20:43] /home/yannik/Downloads/Zootopia (2016) (Eng Dub).mkv | length=6512.382 | time=2.669
[Sunday/April 05/04/2026 22:20:51] /run/user/1000/doc/ad69f5be/Zootopia (2016) (Eng Dub).mkv | length=6512.32 | time=5.339
[Sunday/April 05/04/2026 22:21:08] /run/user/1000/doc/ad69f5be/Zootopia (2016) (Eng Dub).mkv | length=6512.32 | time=12.554
[Sunday/April 05/04/2026 22:21:30] /home/yannik/Downloads/Zootopia (2016) (Eng Dub).mkv | length=6512.382 | time=101.059
[Sunday/April 05/04/2026 22:21:44] /run/user/1000/doc/ad69f5be/Zootopia (2016) (Eng Dub).mkv | length=6512.32 | time=171.254
[Sunday/April 05/04/2026 22:24:36] /run/user/1000/doc/e5227dba/Zootopia 2 (2025) (Eng Dub).mkv | length=6472.5 | time=3.958
[Sunday/April 05/04/2026 23:15:03] /mnt/Data/OUT$IDERZ/VISUALS/Videos (YT + Socials)/Vertical Videos/IN DA PIPELINE/### Yin-Yang Vertical/4. Gift/EXP/#1_Gift_Vertical_D05-M04-Y26-4K-FLAC.mp4 | length=32.928 | time=2.8333333333333
[Monday/April 06/04/2026 22:20:34] /mnt/Data/OUT$IDERZ/VISUALS/Videos (YT + Socials)/YT Videos/2026/8. Polaroid YT/EXP/#3_Polaroid_YT_D25-M03-Y26_4K-60FPS-libx264-FLAC.mp4 | length=117.792 | time=117.792
[Monday/April 06/04/2026 22:21:06] /mnt/Data/OUT$IDERZ/VISUALS/Videos (YT + Socials)/Vertical Videos/2026/8. Polaroid Vertical/EXP/#3_Polaroid_Vertical_D26-M03-Y26_4K-60FPS-FLAC.mp4 | length=13.152 | time=2.8166666666667
[Monday/April 06/04/2026 23:18:17] /mnt/Data/OUT$IDERZ/VISUALS/Videos (YT + Socials)/Vertical Videos/IN DA PIPELINE/### Yin-Yang Vertical/4. Gift/EXP/#1_Gift_Vertical_D05-M04-Y26-4K-FLAC.mp4 | length=32.928 | time=0.78333333333333
[Tuesday/April 07/04/2026 17:16:41] /home/yannik/Downloads/17.Again.2009.1080p.BluRay.x265.DD+5.1-Pahe.in.mkv | length=6114.558 | time=5205.242
[Tuesday/April 07/04/2026 17:25:34] /run/user/1000/doc/b12aac89/Jue.zhan.shi.shen.aka.Cook.Up.a.Storm.2017.1080p.BluRay.x265.DD+5.1-Pahe.in.mkv | length=5814.611 | time=3480.042
[Tuesday/April 07/04/2026 17:34:54] /run/user/1000/doc/40369dee/Dark City (1998 Director's Cut) (Eng Dub).mkv | length=6724.249 | time=3.462
[Tuesday/April 07/04/2026 17:34:59] /run/user/1000/doc/7a55eba0/Dark City (1998 Theatrical) (Eng Dub).mkv | length=6031.699 | time=2.544
[Tuesday/April 07/04/2026 17:35:07] /run/user/1000/doc/40369dee/Dark City (1998 Director's Cut) (Eng Dub).mkv | length=6724.249 | time=1.251
[Tuesday/April 07/04/2026 17:38:03] /run/user/1000/doc/73098ffa/I'm Still Here (2024) (Eng Dub).mkv | length=8240.667 | time=3.917
[Tuesday/April 07/04/2026 17:41:17] /run/user/1000/doc/25f41c26/A Useful Ghost (2025) (Fra Dub).mkv | length=7818.868 | time=3096.802
[Tuesday/April 07/04/2026 17:41:50] /run/user/1000/doc/8e5cb93c/Anastasia.1997.720p.BluRay.x264.700MB-Pahe.in.mkv | length=5650.654 | time=4444.899
[Tuesday/April 07/04/2026 17:48:00] /run/user/1000/doc/9fd10081/Firewall (The Wrong Element) (2006) (Eng Dub).mkv | length=6292.105 | time=2817.022
[Tuesday/April 07/04/2026 17:48:45] /run/user/1000/doc/bc8a9618/Bagdad.Cafe.1987.1080p.BluRay.x265.AAC2.0-Pahe.in.mkv | length=6521.043 | time=4800.625
[Wednesday/April 08/04/2026 05:50:39] /home/yannik/Desktop/STUDENTISCHE HILFSKRAFT/PODCAST/Ep. 12 - Englische Folge - Austausch-Studentin (05.02.26)/Podcast Episode 12/BOUNCE/#2_Podcast Episode 12_D05-M04-Y2026_90-BPM_48k-24b.wav | length=2178.6210208333 | time=7.0763888888889
[Wednesday/April 08/04/2026 05:50:45] /home/yannik/Desktop/STUDENTISCHE HILFSKRAFT/PODCAST/Ep. 12 - Englische Folge - Austausch-Studentin (05.02.26)/Podcast Episode 12/BOUNCE/#1_Podcast Episode 12_D26-M03-Y2026_90-BPM_48k-24b.wav | length=2554.2412916667 | time=5.9861111111111
[Wednesday/April 08/04/2026 05:50:52] /home/yannik/Desktop/STUDENTISCHE HILFSKRAFT/PODCAST/Ep. 12 - Englische Folge - Austausch-Studentin (05.02.26)/Podcast Episode 12/BOUNCE/#2_Podcast Episode 12_D05-M04-Y2026_90-BPM_48k-24b.wav | length=2178.6210208333 | time=6.7083333333333
[Wednesday/April 08/04/2026 05:51:00] /home/yannik/Desktop/STUDENTISCHE HILFSKRAFT/PODCAST/Ep. 12 - Englische Folge - Austausch-Studentin (05.02.26)/Podcast Episode 12/BOUNCE/#2_Podcast Episode 12_D05-M04-Y2026_90-BPM_48k-24b.wav | length=2178.6210208333 | time=3.0555555555556
[Wednesday/April 08/04/2026 05:51:05] /home/yannik/Desktop/STUDENTISCHE HILFSKRAFT/PODCAST/Ep. 12 - Englische Folge - Austausch-Studentin (05.02.26)/Podcast Episode 12/BOUNCE/#3_Podcast Episode 12_D08-M04-Y2026_90-BPM_48k-24b.wav | length=2151.9461041667 | time=4.8263888888889
[Wednesday/April 08/04/2026 05:52:43] /home/yannik/Desktop/STUDENTISCHE HILFSKRAFT/PODCAST/Ep. 12 - Englische Folge - Austausch-Studentin (05.02.26)/Podcast Episode 12/BOUNCE/#3_Podcast Episode 12_D08-M04-Y2026_90-BPM_48k-24b.wav | length=2151.9461041667 | time=1833.8055555556
[Wednesday/April 08/04/2026 21:01:42] /mnt/Data/OUT$IDERZ/VISUALS/Videos (YT + Socials)/Vertical Videos/IN DA PIPELINE/### Yin-Yang Vertical/6. Alte Zeit/EXP/#1_Alte Zeit_Vertical_D08-M04-Y26-4K-FLAC.mp4 | length=20.736 | time=20.736
[Wednesday/April 08/04/2026 22:18:00] /home/yannik/Downloads/Epic.2013.1080p.BluRay.x265.DD+5.1-Pahe.in.mkv | length=6149.203 | time=5678.631
[Thursday/April 09/04/2026 14:22:52] /mnt/Data/OUT$IDERZ/SONGS/Projects/2025/08-25/Splitter zählen aka Ja, ich weiß/MASTER/BOUNCE/#M15_Splitter zählen_MASTER_D08-M04-Y2026_127-BPM_48k-24b.wav | length=154.22710416667 | time=101.3125
[Thursday/April 09/04/2026 17:44:54] /mnt/Data/OUT$IDERZ/SONGS/Projects/2026/03-26/Southside/MASTER/BOUNCE/#M4_Southside_MASTER_D31-M03-Y2026_73-BPM_48k-24b.wav | length=213.72041666667 | time=62.25
[Thursday/April 09/04/2026 17:45:53] /mnt/Data/OUT$IDERZ/SONGS/Projects/2026/03-26/Makeup/MASTER/BOUNCE/#M6_Makeup_MASTER_D21-M03-Y2026_76-BPM_48k-24b.wav | length=127.75570833333 | time=45.534722222222
[Thursday/April 09/04/2026 17:47:54] /mnt/Data/OUT$IDERZ/SONGS/Projects/2026/03-26/Busy Making Other Plans/MASTER/BOUNCE/#M6_Busy Making Other Plans_MASTER_D02-M04-Y2026_69-BPM_48k-24b.wav | length=127.91347916667 | time=121.21527777778
[Thursday/April 09/04/2026 17:50:57] /mnt/Data/OUT$IDERZ/SONGS/Projects/2026/02-26/Berlin/MASTER/BOUNCE/#M4_Berlin_MASTER_D07-M02-Y2026_90-BPM_48k-24b.wav | length=174.10945833333 | time=143.84722222222
[Thursday/April 09/04/2026 17:53:08] /mnt/Data/OUT$IDERZ/SONGS/Projects/2026/02-26/Kondensat aka Fensterglas aka Nebelschwaden/MASTER/BOUNCE/#M13_Kondensat_MASTER_D02-M03-Y2026_125-BPM_48k-24b.wav | length=127.02245833333 | time=109.875
[Thursday/April 09/04/2026 17:54:39] /mnt/Data/OUT$IDERZ/SONGS/Projects/2026/02-26/Kondensat aka Fensterglas aka Nebelschwaden/BEAT/ASAP-ROCKY-TYPE-BEAT---MOVE-QUICK-FREESTYLE.mp3 | length=124.83917502834 | time=35.416666666667
[Thursday/April 09/04/2026 17:56:50] /mnt/Data/OUT$IDERZ/SONGS/Projects/2025/10-25/Was wär, wenn/MASTER/BOUNCE/#M6_Was wär, wenn_MASTER_30-11-25.wav | length=196.85416666667 | time=3.8194444444444
[Thursday/April 09/04/2026 17:59:55] /mnt/Data/OUT$IDERZ/SONGS/Projects/2025/09-25/Jedes Mal aka Wieder da/MASTER/BOUNCE/#M2_Jedes Mal_MASTER_D05-M12-Y2025_90-BPM_48k-24b.wav | length=181.38283333333 | time=156.88194444444
[Thursday/April 09/04/2026 18:01:57] /mnt/Data/OUT$IDERZ/SONGS/Projects/2025/08-25/A$AP/MASTER/BOUNCE/#M2_A$AP_MASTER_D07-M02-Y2026_88-BPM_48k-24b.wav | length=90.151458333333 | time=90.151458333333
[Thursday/April 09/04/2026 18:04:57] /mnt/Data/OUT$IDERZ/SONGS/Projects/2021/08-21/06. rest in peace (04-08-21)/beat_88/-_(FREE) Old School Joey Bada$$ x Mac Miller Freestyle Type Beat [2021] - Depth.wav | length=177.98295833333 | time=1.9791666666667
[Thursday/April 09/04/2026 18:06:43] /mnt/Data/OUT$IDERZ/SONGS/Projects/2023/01-23/Wunderkerzen aka behind your eyes aka Du hast mich gefragt 26-01-23/2. REAPER MIX/BOUNCE/#10_Wunderkerzen_02-08-25_universal-plus-0,9.wav | length=82.486666666667 | time=42.888888888889
[Thursday/April 09/04/2026 18:10:09] /mnt/Data/OUT$IDERZ/SONGS/Projects/2021/06-21/Garten (15.06.21)/RPR/MASTER/BOUNCE/#M2_Garten_MASTER_D06-M03-Y2026_147-BPM_48k-24b.wav | length=161.01664583333 | time=139.52083333333
[Thursday/April 09/04/2026 18:12:08] /mnt/Data/OUT$IDERZ/SONGS/Projects/2021/08-21/06. rest in peace (04-08-21)/REAPER MIX/rip_14-02-24/bounce/#2_rip_14-02-24.wav | length=178.98294784581 | time=97.458333333333
[Thursday/April 09/04/2026 18:12:10] /mnt/Data/OUT$IDERZ/SONGS/Projects/2021/08-21/06. rest in peace (04-08-21)/REAPER MIX/rip_14-02-24/bounce/#1_Rest in Peace (04-08-21).mp3 | length=178.032 | time=1.5208333333333
[Thursday/April 09/04/2026 18:18:22] /mnt/Data/OUT$IDERZ/SONGS/Projects/2026/02-26/Kondensat aka Fensterglas aka Nebelschwaden/BOUNCE/#15_Kondensat_D02-M03-Y2026_125-BPM_48k-24b.wav | length=125.814125 | time=1.4166666666667
[Thursday/April 09/04/2026 23:42:48] /mnt/Data/OUT$IDERZ/SONGS/Projects/2021/08-21/Rest in Peace (04-08-21)/REAPER MIX/MASTER/BOUNCE/#M1_Rest in Peace_MASTER_D09-M04-Y2026_90-BPM_48k-24b.wav | length=155.35075 | time=134.99305555556
[Thursday/April 09/04/2026 23:45:51] /mnt/Data/OUT$IDERZ/SONGS/Projects/2021/08-21/Rest in Peace (04-08-21)/REAPER MIX/MASTER/BOUNCE/#M1_Rest in Peace_MASTER_D09-M04-Y2026_90-BPM_48k-24b.wav | length=155.35075 | time=155.35075
[Friday/April 10/04/2026 01:36:43] /home/yannik/Desktop/Teenage Dreams/BOUNCE/#1_Teenage Dreams_D10-M04-Y2026_131-BPM_48k-24b.wav | length=88.9389375 | time=80.493055555556
[Friday/April 10/04/2026 13:36:07] /home/yannik/.cache/SchildiChatRevenge/attachments/yannikthegenius_matrix.org/sxjpXaKWOtxSeOuSqI_matrix.org/2026-04-10_09-22-21_1775812941928_matrix.org_xYqbvYMuBfUwZgxYlWHTtbxy_Video | length=17.065 | time=2.2333333333333
[Friday/April 10/04/2026 13:36:17] /home/yannik/.cache/SchildiChatRevenge/attachments/yannikthegenius_matrix.org/sxjpXaKWOtxSeOuSqI_matrix.org/2026-04-10_09-22-21_1775812941928_matrix.org_xYqbvYMuBfUwZgxYlWHTtbxy_Video | length=17.065 | time=6.0666666666667
[Friday/April 10/04/2026 17:33:33] /home/yannik/.cache/SchildiChatRevenge/attachments/yannikthegenius_matrix.org/dmPeaUNYLtbWsyVAJH_matrix.org/2026-04-09_08-16-56_1775722616058_matrix.org_AcpBKrkxyvyPNeDwQTDCDnPv_voice_message_1775722610430.m4a | length=64.969433106576 | time=2.9583333333333
[Friday/April 10/04/2026 17:33:33] /home/yannik/.cache/SchildiChatRevenge/attachments/yannikthegenius_matrix.org/dmPeaUNYLtbWsyVAJH_matrix.org/2026-04-09_08-16-56_1775722616058_matrix.org_AcpBKrkxyvyPNeDwQTDCDnPv_voice_message_1775722610430.m4a | length=64.969433106576 | time=3.5138888888889
[Friday/April 10/04/2026 17:33:34] /home/yannik/.cache/SchildiChatRevenge/attachments/yannikthegenius_matrix.org/dmPeaUNYLtbWsyVAJH_matrix.org/2026-04-09_08-16-56_1775722616058_matrix.org_AcpBKrkxyvyPNeDwQTDCDnPv_voice_message_1775722610430.m4a | length=64.969433106576 | time=4.5972222222222
[Friday/April 10/04/2026 17:36:58] /home/yannik/.cache/SchildiChatRevenge/attachments/yannikthegenius_matrix.org/sxjpXaKWOtxSeOuSqI_matrix.org/2026-04-10_09-22-21_1775812941928_matrix.org_xYqbvYMuBfUwZgxYlWHTtbxy_Video | length=17.065 | time=0.9
[Friday/April 10/04/2026 18:01:10] /home/yannik/Desktop/10_04_26_suessesoundsfürdeinohr.wav | length=152.72727083333 | time=1.1111111111111
[Friday/April 10/04/2026 18:02:04] /home/yannik/Desktop/10_04_26_suessesoundsfürdeinohr.wav | length=152.72727083333 | time=55.3125
[Friday/April 10/04/2026 21:06:32] /run/user/1000/doc/55b6746e/Blender 4.0 Tutorial für Einsteiger deutsch.mp4 | length=1227.7086621315 | time=32.366333333333
[Friday/April 10/04/2026 23:02:21] /home/yannik/Desktop/Zeitkapsel/MASTER/BOUNCE/#M1_Zeitkapsel_MASTER_D10-M04-Y2026_88-BPM_48k-24b.wav | length=153.6123125 | time=153.6123125
[Friday/April 10/04/2026 23:08:30] /home/yannik/Desktop/Teenage Dreams/BOUNCE/Teenage Dreams_D10-M04-Y2026_131-BPM_48k-24b.wav | length=88.9389375 | time=56.902777777778
[Friday/April 10/04/2026 23:11:37] /home/yannik/Desktop/Teenage Dreams/BOUNCE/#1_Teenage Dreams Interlude_D10-M04-Y2026_131-BPM_48k-24b.wav | length=88.9389375 | time=88.9375
[Friday/April 10/04/2026 23:11:46] /home/yannik/Desktop/Teenage Dreams/BOUNCE/VOX-BUS_Teenage Dreams_D10-M04-Y2026_131-BPM_48k-24b.wav | length=88.9389375 | time=8.5763888888889
[Saturday/April 11/04/2026 00:15:23] /home/yannik/Desktop/BEAT/10_04_26_suessesoundsfürdeinohr.wav | length=152.72727083333 | time=14.541666666667
[Saturday/April 11/04/2026 00:59:59] /home/yannik/Downloads/4. Flowers in the Crib (2027 Mixtape)/02. 🔵🟣 Daisy [2027 Single]/#M4_Daisy_MASTER_D25-M12-Y2025_90-BPM_48k-24b.wav | length=131.47027083333 | time=131.09027777778
[Saturday/April 11/04/2026 01:08:06] /home/yannik/Downloads/4. Flowers in the Crib (2027 Mixtape)/03. 🔵🟣 Cloudy [2027 Single]/#M8_Cloudy_MASTER_D26-M01-Y2026_90-BPM_48k-24b.wav | length=207.88645833333 | time=199.3125
[Saturday/April 11/04/2026 01:14:32] /home/yannik/Downloads/4. Flowers in the Crib (2027 Mixtape)/04. 🔵 Grüne Augen [2027 Single]/#M11_Grüne Augen_MASTER_D29-M01-Y2026_80-BPM_48k-24b.wav | length=198.57527083333 | time=157.75
[Saturday/April 11/04/2026 01:19:32] /home/yannik/Downloads/4. Flowers in the Crib (2027 Mixtape)/05. Coyote Time/#M5_Coyote Time_MASTER_D23-M02-Y2026_86-BPM_48k-24b.wav | length=158.16604166667 | time=22.472222222222
[Saturday/April 11/04/2026 01:21:09] /home/yannik/Downloads/4. Flowers in the Crib (2027 Mixtape)/06. 🔵 Tick, tick, tick Interlude/#M3_Tick, tick, tick Interlude_MASTER_D15-M02-Y2026_104-BPM_48k-24b.wav | length=85.273 | time=85.273
[Saturday/April 11/04/2026 01:23:28] /home/yannik/Downloads/4. Flowers in the Crib (2027 Mixtape)/07. 🔵🟣 Gedankenkarussell [2027 Single]/#M4_Gedankenkarussell_MASTER_D30-M01-Y2026_130-BPM_48k-24b.wav | length=122.012125 | time=122.012125
[Saturday/April 11/04/2026 01:26:30] /home/yannik/Downloads/4. Flowers in the Crib (2027 Mixtape)/08. 🟣 Pflaster [2027 Single]/#M13_Pflaster_MASTER_D13-M12-Y2025_90-BPM_48k-24b.wav | length=105.19660416667 | time=25.659722222222
[Saturday/April 11/04/2026 01:28:37] /home/yannik/Downloads/4. Flowers in the Crib (2027 Mixtape)/09. Ach so/#M7_Ach so_MASTER_D11-M04-Y2026_164-BPM_48k-24b.wav | length=121.1823125 | time=119.77083333333
[Saturday/April 11/04/2026 01:32:05] /home/yannik/Downloads/4. Flowers in the Crib (2027 Mixtape)/10. 🟣 Recess [2027 Single]/#M3_Recess_MASTER_D22-M12-Y2025_129-BPM_48k-24b.wav | length=138.40564583333 | time=138.40564583333
[Saturday/April 11/04/2026 01:35:18] /home/yannik/Downloads/4. Flowers in the Crib (2027 Mixtape)/11. 🔵🟣 Third Street School [2027 Single]/#M3_Third Street School_MASTER_D03-M03-Y2026_90-BPM_48k-24b.wav | length=105.4203125 | time=2.5347222222222
[Saturday/April 11/04/2026 01:39:39] /home/yannik/Downloads/4. Flowers in the Crib (2027 Mixtape)/12. 🔵🟣 Kleines Problem [2027 Single]/#M9_Kleines Problem_MASTER_D18-M01-Y2026_88-BPM_48k-24b.wav | length=178.7795 | time=178.7795
[Saturday/April 11/04/2026 01:43:32] /home/yannik/Downloads/4. Flowers in the Crib (2027 Mixtape)/13. Kurz glücklich/#M7_Kurz glücklich_MASTER_D15-M02-Y2026_72-BPM_48k-24b.wav | length=227.05597916667 | time=227.05597916667
[Saturday/April 11/04/2026 01:47:08] /home/yannik/Downloads/4. Flowers in the Crib (2027 Mixtape)/14. 🔵🟣 Puzzleteil [2027 Single]/#M8_Puzzleteil_MASTER_D18-M12-Y2025_90-BPM_48k-24b.wav | length=136.44135416667 | time=135.84027777778
[Saturday/April 11/04/2026 01:48:32] /home/yannik/Downloads/4. Flowers in the Crib (2027 Mixtape)/15. 🔵 Teenage Dreams Interlude/#M1_Teenage Dreams_MASTER_D11-M04-Y2026_131-BPM_48k-24b.wav | length=66.070541666667 | time=66.070541666667
[Saturday/April 11/04/2026 01:53:25] /home/yannik/Downloads/4. Flowers in the Crib (2027 Mixtape)/16. 🔵 Kondensat/#M13_Kondensat_MASTER_D02-M03-Y2026_125-BPM_48k-24b.wav | length=127.02245833333 | time=73.8125
[Saturday/April 11/04/2026 01:56:11] /home/yannik/Downloads/4. Flowers in the Crib (2027 Mixtape)/17. 🔵 Makeup [2027 Single]/#M6_Makeup_MASTER_D21-M03-Y2026_76-BPM_48k-24b.wav | length=127.75570833333 | time=127.75570833333
[Saturday/April 11/04/2026 01:58:23] /home/yannik/Downloads/4. Flowers in the Crib (2027 Mixtape)/18. 🔵 Busy Making Other Plans/#M6_Busy Making Other Plans_MASTER_D02-M04-Y2026_69-BPM_48k-24b.wav | length=127.91347916667 | time=127.91347916667
[Saturday/April 11/04/2026 02:01:37] /home/yannik/Downloads/4. Flowers in the Crib (2027 Mixtape)/19. 🔵 Megan Fox/#M1_Megan Fox_MASTER_D10-M04-Y2026_88-BPM_48k-24b.wav | length=153.6123125 | time=42.618055555556
[Saturday/April 11/04/2026 02:04:52] /home/yannik/Downloads/4. Flowers in the Crib (2027 Mixtape)/20. 🟣 Orchidee [2027 Single]/#M9_Orchidee_MASTER_D15-M03-Y2026_148-BPM_48k-24b.wav | length=144.20929166667 | time=142.86111111111
[Saturday/April 11/04/2026 02:05:06] /home/yannik/Downloads/4. Flowers in the Crib (2027 Mixtape)/12. 🔵 Kleines Problem/#M9_Kleines Problem_MASTER_D18-M01-Y2026_88-BPM_48k-24b.wav | length=178.7795 | time=70.979166666667
[Saturday/April 11/04/2026 02:18:07] /mnt/Data/OUT$IDERZ/SONGS/Projects/2025/08-25/Splitter zählen aka Ja, ich weiß/MASTER/BOUNCE/#M16_Splitter zählen_MASTER_D09-M04-Y2026_127-BPM_48k-24b.wav | length=154.1175 | time=154.1175
[Saturday/April 11/04/2026 13:01:52] /mnt/Data/OUT$IDERZ/SONGS/Projects/2021/11-21/Rote Rosen/BEAT_134/Rosen_BEAT 134 BPM.wav | length=175.08395833333 | time=9.7986111111111
[Saturday/April 11/04/2026 13:11:32] /mnt/Data/OUT$IDERZ/SONGS/Projects/2021/11-21/Im Kreis aka Hamsterrad-20-11-21/BOUNCE/#9_Im Kreis_20-07-25_universal-minus-0,4.wav | length=156.59997732426 | time=2.2638888888889
[Saturday/April 11/04/2026 13:11:38] /mnt/Data/OUT$IDERZ/SONGS/Projects/2021/11-21/Im Kreis aka Hamsterrad-20-11-21/BEAT_75/time-away_9484174.wav | length=233.6 | time=0.50694444444444
[Saturday/April 11/04/2026 13:12:26] /mnt/Data/OUT$IDERZ/SONGS/Projects/2021/11-21/Im Kreis aka Hamsterrad-20-11-21/BOUNCE/#9_Im Kreis_20-07-25_universal-minus-0,4.wav | length=156.59997732426 | time=118.20138888889
[Saturday/April 11/04/2026 13:14:01] /mnt/Data/OUT$IDERZ/SONGS/Projects/2021/11-21/Weiße Tauben 06-11-21/REAPER MIX/Weiße Tauben_14-02-24/BOUNCE/#03_Weiße Tauben_07-06-25_universal.wav | length=148.26498866213 | time=2.3888888888889
[Saturday/April 11/04/2026 13:14:35] /mnt/Data/OUT$IDERZ/SONGS/Projects/2021/11-21/Weiße Tauben 06-11-21/REAPER MIX/Weiße Tauben_14-02-24/BOUNCE/#03_Weiße Tauben_07-06-25_universal.wav | length=148.26498866213 | time=105.63194444444
[Saturday/April 11/04/2026 13:20:57] /mnt/Data/OUT$IDERZ/SONGS/Projects/2021/08-21/Rest in Peace (04-08-21)/REAPER MIX/BOUNCE/#4_Rest in Peace aka R.I.P. aka RIP (14-02-24)_D09-M04-Y2026_88-BPM_48k-24b.wav | length=155.09739583333 | time=94.784722222222
[Saturday/April 11/04/2026 13:21:07] /mnt/Data/OUT$IDERZ/SONGS/Projects/2021/08-21/Rest in Peace (04-08-21)/BEAT_88/old_-_(FREE) Old School Joey Bada$$ x Mac Miller Freestyle Type Beat [2021] - Depth.wav | length=177.98295833333 | time=86.729166666667
[Saturday/April 11/04/2026 19:00:45] /home/yannik/Desktop/UNUSED BEATS/UNUSED BEATS/Unused YUNGVITE Beats/JIGGY - 85BPM - Fmin - @OT$Z_YUNGVITE.mp3 | length=192.05222498583 | time=2.8402777777778
[Saturday/April 11/04/2026 19:10:25] /home/yannik/Desktop/UNUSED BEATS/UNUSED BEATS/Unused YUNGVITE Beats/HAMSTERRAD_BEAT.wav | length=153.6 | time=9.6736111111111
[Saturday/April 11/04/2026 19:10:35] /home/yannik/Desktop/UNUSED BEATS/UNUSED BEATS/Unused YUNGVITE Beats/WRONG PATH - 87BPM - C#min - @OT$Z_YUNGVITE.mp3 | length=182.09957497166 | time=3.1388888888889
[Saturday/April 11/04/2026 21:30:47] /home/yannik/Desktop/UNUSED BEATS/UNUSED BEATS/Unused YUNGVITE Beats/HAMSTERRAD_BEAT.wav | length=153.6 | time=8.4027777777778
[Saturday/April 11/04/2026 22:54:52] /home/yannik/Desktop/BEAT/HAMSTERRAD_BEAT.wav | length=153.6 | time=0.75694444444444
[Sunday/April 12/04/2026 01:20:47] /mnt/Data/OUT$IDERZ/SONGS/Projects/2025/12-25/Pflaster aka Federleicht/MASTER/BOUNCE/#M14_Pflasterscheine_MASTER_D12-M04-Y2026_90-BPM_48k-24b.wav | length=106.196625 | time=1.5833333333333
[Sunday/April 12/04/2026 16:16:04] /run/media/yannik/YTG_NTFS/Fiego and the Magic Fish.mp4 | length=677.845 | time=607.0064
[Monday/April 13/04/2026 19:44:47] /run/user/1000/doc/55a110fb/War Machine (2026) (Eng Dub).mkv | length=6559.784 | time=1.208
[Monday/April 13/04/2026 19:47:40] /run/user/1000/doc/ece28ffd/Men.from.the.Gutter.1983.1080p.BluRay.x264.AAC2.0-Pahe.in.mkv | length=5293.246 | time=1884.925
[Monday/April 13/04/2026 19:48:41] /run/user/1000/doc/463df99f/Keadilan.The.Verdict.2025.1080p.NF.WEB-DL.x265.6CH-Pahe.in.mkv | length=6019.198 | time=4915
[Monday/April 13/04/2026 20:22:45] /home/yannik/Downloads/MOVE TO NAS/Movie/Chasing Amy/Chasing.Amy.1997.German.1080p.BluRay.x264.RERiP-DETAiLS/d-chasing-1080p-rr.mkv | length=6788.779 | time=3324.91
[Monday/April 13/04/2026 20:23:19] /home/yannik/Downloads/MOVE TO NAS/Movie/Chasing Amy/Chasing.Amy.1997.German.1080p.BluRay.x264.RERiP-DETAiLS/Chasing Amy (1997) (Ger Dub).mkv | length=6788.779 | time=8.467
[Monday/April 13/04/2026 21:51:28] /mnt/Data/OUT$IDERZ/SONGS/Projects/2025/12-25/Pflaster aka Federleicht/BOUNCE/Pflasterscheine aka Pflaster aka Federleicht_D13-M04-Y2026_90-BPM_48k-24b.wav | length=121.33016666667 | time=106.71527777778
[Monday/April 13/04/2026 22:13:16] /mnt/Data/OUT$IDERZ/SONGS/Projects/2026/04-26/Teenage Dreams Interlude/MASTER/BOUNCE/#M2_Teenage Dreams Interlude_MASTER_D13-M04-Y2026_131-BPM_48k-24b.wav | length=66.28925 | time=66.28925
[Tuesday/April 14/04/2026 13:51:46] /home/yannik/Downloads/Das traurige Ende von Studio Lautsprechern.mp4 | length=800.11297052154 | time=20.04
[Tuesday/April 14/04/2026 13:52:04] /home/yannik/Downloads/Das traurige Ende von Studio Lautsprechern.mp4 | length=800.11297052154 | time=0.4
[Tuesday/April 14/04/2026 13:54:32] /run/user/1000/doc/e61185ed/So habe ich Mixing gelernt, ohne dass mir jemand geholfen hat _ Vincent Lee.mp4 | length=381.20199546485 | time=5.033
[Tuesday/April 14/04/2026 13:58:00] /home/yannik/Downloads/So habe ich Mixing gelernt, ohne dass mir jemand geholfen hat _ Vincent Lee.mp4 | length=381.20199546485 | time=0.66633333333333
[Tuesday/April 14/04/2026 14:43:32] /mnt/Data/OUT$IDERZ/SONGS/Released Projects/OT$Z DI$COGRAPHY/Cozy/2026/5. OT$Z Cozy - Mosaik (2026 Single)/SONG + COVER/mp3/2. OT$Z Cozy - Mosaik.mp3 | length=107.68056666667 | time=11.726716228943
[Tuesday/April 14/04/2026 14:46:50] /mnt/Data/OUT$IDERZ/SONGS/Released Projects/OT$Z DI$COGRAPHY/Cozy/2026/3. OT$Z Cozy - Winter (2026 Single)/SONG + COVER/#M10_Winter_MASTER_D20-M01-Y2026_90-BPM_48k-24b.wav | length=192.8006875 | time=118.65277777778
[Tuesday/April 14/04/2026 20:45:34] /mnt/Data/Music_Collection/A$AP Rocky/At.Long.Last.A$AP (2015)/13. A$AP Rocky - West Side Highway (ft. James Fauntleroy).mp3 | length=176.90666666667 | time=3.4567127267574
[Tuesday/April 14/04/2026 20:47:12] /mnt/Data/Music_Collection/A$AP Rocky/At.Long.Last.A$AP (2015)/13. A$AP Rocky - West Side Highway (ft. James Fauntleroy).mp3 | length=176.90666666667 | time=6.6884826038798
[Tuesday/April 14/04/2026 21:54:25] /mnt/Data/OUT$IDERZ/VISUALS/Videos (YT + Socials)/Vertical Videos/IN DA PIPELINE/Außenseiter Vertical/2. Wart einfach ab/EXP/#5_Wart einfach ab_Vertical_D19-M02-Y26_4K-60FPS-FLAC.mp4 | length=11.232 | time=11.232
[Tuesday/April 14/04/2026 21:56:06] /mnt/Data/OUT$IDERZ/VISUALS/Videos (YT + Socials)/Vertical Videos/IN DA PIPELINE/Außenseiter Vertical/3. Kurt Cobain/EXP/#3_Kurt Cobain_Vertical_D20-M02-Y26_4K-60FPS-FLAC.mp4 | length=15.36 | time=0.76666666666667
[Tuesday/April 14/04/2026 21:56:47] /mnt/Data/OUT$IDERZ/VISUALS/Videos (YT + Socials)/Vertical Videos/IN DA PIPELINE/Außenseiter Vertical/4. Candies/EXP/#1_Candies_Vertical_D21-M02-Y26_4K-60FPS-FLAC.mp4 | length=25.824 | time=7.9166666666667
[Tuesday/April 14/04/2026 21:57:24] /mnt/Data/OUT$IDERZ/VISUALS/Videos (YT + Socials)/Vertical Videos/IN DA PIPELINE/Außenseiter Vertical/5. So wie ich/EXP/#2_So wie ich_Vertical_D24-M02-Y26_4K-60FPS-FLAC.mp4 | length=26.016 | time=7.1833333333333
[Tuesday/April 14/04/2026 21:57:51] /mnt/Data/OUT$IDERZ/VISUALS/Videos (YT + Socials)/Vertical Videos/IN DA PIPELINE/Außenseiter Vertical/6. Stift und Papier/EXP/#1_Stift und Papier_Vertical_D25-M02-Y26_4K-60FPS-FLAC.mp4 | length=21.792 | time=15.883333333333
[Tuesday/April 14/04/2026 21:58:14] /mnt/Data/OUT$IDERZ/VISUALS/Videos (YT + Socials)/Vertical Videos/IN DA PIPELINE/Außenseiter Vertical/7. Schlechtes Omen/EXP/#1_Schlechtes Omen_Vertical_D05-M03-Y26_4K-60FPS-FLAC.mp4 | length=30.336 | time=20.616666666667
[Tuesday/April 14/04/2026 21:58:26] /mnt/Data/OUT$IDERZ/VISUALS/Videos (YT + Socials)/Vertical Videos/IN DA PIPELINE/Außenseiter Vertical/8. WIHDWV/EXP/#1_WIHDWV_Vertical_D08-M03-Y26_4K-60FPS-FLAC.mp4 | length=14.784 | time=8.3333333333333
[Tuesday/April 14/04/2026 21:58:38] /mnt/Data/OUT$IDERZ/VISUALS/Videos (YT + Socials)/Vertical Videos/IN DA PIPELINE/Außenseiter Vertical/1. Wer ich bin/EXP/#3_Wer ich bin_Vertical_D18-M02-Y26_4K-60FPS-FLAC.mp4 | length=12.672 | time=4.2333333333333
[Tuesday/April 14/04/2026 21:59:05] /mnt/Data/OUT$IDERZ/VISUALS/Videos (YT + Socials)/Vertical Videos/IN DA PIPELINE/Außenseiter Vertical/3. Kurt Cobain/EXP/#4_Kurt Cobain_Vertical_D14-M04-Y26_4K-60FPS-FLAC.mp4 | length=15.36 | time=6.65
[Tuesday/April 14/04/2026 21:59:22] /mnt/Data/OUT$IDERZ/VISUALS/Videos (YT + Socials)/Vertical Videos/IN DA PIPELINE/Außenseiter Vertical/4. Candies/EXP/#1_Candies_Vertical_D21-M02-Y26_4K-60FPS-FLAC.mp4 | length=25.824 | time=25.824
[Tuesday/April 14/04/2026 21:59:45] /mnt/Data/OUT$IDERZ/VISUALS/Videos (YT + Socials)/Vertical Videos/IN DA PIPELINE/Außenseiter Vertical/5. So wie ich/EXP/#2_So wie ich_Vertical_D24-M02-Y26_4K-60FPS-FLAC.mp4 | length=26.016 | time=20.816666666667
[Tuesday/April 14/04/2026 22:43:02] /mnt/Data/OUT$IDERZ/SONGS/Projects/2025/08-25/Splitter zählen aka Ja, ich weiß/MASTER/BOUNCE/#M17_Splitter zählen_MASTER_D14-M04-Y2026_127-BPM_48k-24b.wav | length=154.16835416667 | time=81.020833333333
[Wednesday/April 15/04/2026 19:35:28] /mnt/Data/OUT$IDERZ/SONGS/Projects/2025/08-25/Splitter zählen aka Ja, ich weiß/MASTER/BOUNCE/#M18_Splitter zählen_MASTER_D14-M04-Y2026_127-BPM_48k-24b.wav | length=154.17647916667 | time=154.17647916667
[Wednesday/April 15/04/2026 23:38:53] /mnt/Data/OUT$IDERZ/SONGS/Projects/2025/08-25/Splitter zählen aka Ja, ich weiß/MASTER/BOUNCE/#M19_Splitter zählen_MASTER_D15-M04-Y2026_127-BPM_48k-24b.wav | length=154.08904166667 | time=148.50694444444
[Wednesday/April 15/04/2026 23:43:00] /mnt/Data/OUT$IDERZ/SONGS/Projects/2025/08-25/Splitter zählen aka Ja, ich weiß/MASTER/BOUNCE/#M19_Splitter zählen_MASTER_D15-M04-Y2026_127-BPM_48k-24b.wav | length=154.08904166667 | time=149.44444444444
[Wednesday/April 15/04/2026 23:54:52] /mnt/Data/OUT$IDERZ/SONGS/Projects/2025/08-25/Splitter zählen aka Ja, ich weiß/MASTER/BOUNCE/#M20_Splitter zählen_MASTER_D15-M04-Y2026_127-BPM_48k-24b.wav | length=153.855625 | time=153.855625
[Thursday/April 16/04/2026 12:29:20] /home/yannik/Downloads/ABSOLUTE Beginner Basics.. Blender For Noobs 2025.mp4 | length=506.47365079365 | time=6.4826666666667
[Thursday/April 16/04/2026 12:31:02] /home/yannik/Desktop/Stromberg Film 2/Stromberg.Wieder.alles.wie.immer.2025.CAM.MD.German.1080p.x264-POPCORN/1080.mkv | length=5688.064 | time=3550.75
[Thursday/April 16/04/2026 12:39:50] /run/user/1000/doc/b162fe0/1080.mkv | length=5688.064 | time=4513.75
[Thursday/April 16/04/2026 12:40:37] /home/yannik/Downloads/Blender Tutorial for Beginners.mp4 | length=1985.7473015873 | time=8.4414
[Thursday/April 16/04/2026 12:50:37] /home/yannik/Downloads/Blender Tutorial for Beginners.mp4 | length=1985.7473015873 | time=5.7724333333333
[Thursday/April 16/04/2026 18:19:05] /run/user/1000/doc/4256e38b/37. Dieses Rezept Produkt verändert deine Essgewohnheiten! Vegan!.mp4 | length=553.54049886621 | time=3.28
[Thursday/April 16/04/2026 18:20:15] /run/user/1000/doc/f05d235/Blender 4.0 Tutorial für Einsteiger deutsch.mp4 | length=1227.7086621315 | time=4.0663333333333
[Thursday/April 16/04/2026 18:50:59] /run/user/1000/doc/cabee1b0/16. RESOLUTION ≠ DIMENSIONS in Photoshop!.mp4 | length=926.91736961451 | time=2.3999888888889
[Thursday/April 16/04/2026 18:51:29] /run/user/1000/doc/cabee1b0/16. RESOLUTION ≠ DIMENSIONS in Photoshop!.mp4 | length=926.91736961451 | time=26.366655555556
[Thursday/April 16/04/2026 21:18:13] /home/yannik/Desktop/### The Plastic/The.Plastic.Detox.Gesundheitsrisiken.durch.Mikroplastik.2026.GERMAN.DL.DOKU.HDR.2160p.WEB.H265-SYNERGiE/The.Plastic.Detox.Gesundheitsrisiken.durch.Mikroplastik.2026.GERMAN.DL.DOKU.HDR.2160p.WEB.H265-SYNERGiE.mkv | length=5542.976 | time=2170.96
[Thursday/April 16/04/2026 21:20:10] /home/yannik/Desktop/### Stans/Stans.2025.GERMAN.DL.DOKU.2160p.WEB.h265-HAXE/Stans.2025.GERMAN.DL.DOKU.2160p.WEB.h265-HAXE.mkv | length=6100.443 | time=4182.22
[Thursday/April 16/04/2026 22:14:15] /mnt/Data/OUT$IDERZ/VISUALS/Videos (YT + Socials)/Vertical Videos/2026/09. Splitter zählen Vertical/EXP/#1_Splitter zählen_Vertical_D16-M04-Y26_4K-60FPS-FLAC.mp4 | length=18.048 | time=1.0833333333333
[Thursday/April 16/04/2026 22:30:44] /mnt/Data/OUT$IDERZ/VISUALS/Videos (YT + Socials)/Vertical Videos/2026/09. Splitter zählen Vertical/EXP/#2_Splitter zählen_Vertical_D16-M04-Y26_4K-60FPS-FLAC.mp4 | length=18.048 | time=1.7833333333333
[Thursday/April 16/04/2026 22:35:05] /mnt/Data/OUT$IDERZ/VISUALS/Videos (YT + Socials)/Vertical Videos/2026/09. Splitter zählen Vertical/EXP/#2_Splitter zählen_Vertical_D16-M04-Y26_4K-60FPS-FLAC.mp4 | length=18.048 | time=0.16666666666667
[Friday/April 17/04/2026 08:48:06] /home/yannik/Downloads/The Question Nobody Ever Explains_ Where Does the Kernel End_.mp4 | length=1175.954 | time=10.133
[Friday/April 17/04/2026 20:11:19] /home/yannik/Downloads/Pix - Videos/11 - Die dümmsten TikTok-Trends aller Zeiten.mp4 | length=1189.3725170068 | time=1043.816
[Friday/April 17/04/2026 23:10:49] /mnt/Data/OUT$IDERZ/SONGS/Projects/2026/04-26/Manga/MASTER/BOUNCE/#M3_Manga_MASTER_D12-M04-Y2026_75-BPM_48k-24b.wav | length=159.92066666667 | time=158.05555555556
[Friday/April 17/04/2026 23:10:50] /mnt/Data/OUT$IDERZ/SONGS/Projects/2026/03-26/Makeup/MASTER/BOUNCE/#M6_Makeup_MASTER_D21-M03-Y2026_76-BPM_48k-24b.wav | length=127.75570833333 | time=0
[Friday/April 17/04/2026 23:25:10] /home/yannik/Desktop/BLENDER/little-teddy/Little Teedy/teddy render1.jpg | length=0 | time=0
[Friday/April 17/04/2026 23:25:55] /home/yannik/Desktop/2026-03-12 23-42-11_1773355373762_0.mp4 | length=18.016666666667 | time=18
[Friday/April 17/04/2026 23:26:23] /home/yannik/Desktop/sss .mp4 | length=18.016666666667 | time=15.283333333333
[Friday/April 17/04/2026 23:30:45] /mnt/Data/OUT$IDERZ/SONGS/Projects/2026/03-26/Makeup/MASTER/BOUNCE/#M6_Makeup_MASTER_D21-M03-Y2026_76-BPM_48k-24b.wav | length=127.75570833333 | time=127.75570833333
[Saturday/April 18/04/2026 00:07:08] /mnt/Data/OUT$IDERZ/VISUALS/Videos (YT + Socials)/Vertical Videos/IN DA PIPELINE/Außenseiter Vertical/1. Wer ich bin/EXP/#3_Wer ich bin_Vertical_D18-M02-Y26_4K-60FPS-FLAC.mp4 | length=12.672 | time=6.7666666666667
[Saturday/April 18/04/2026 00:07:25] /mnt/Data/OUT$IDERZ/VISUALS/Videos (YT + Socials)/Vertical Videos/IN DA PIPELINE/Außenseiter Vertical/2. Wart einfach ab/EXP/#5_Wart einfach ab_Vertical_D19-M02-Y26_4K-60FPS-FLAC.mp4 | length=11.232 | time=4.5833333333333
[Saturday/April 18/04/2026 00:07:51] /mnt/Data/OUT$IDERZ/VISUALS/Videos (YT + Socials)/Vertical Videos/IN DA PIPELINE/Außenseiter Vertical/3. Kurt Cobain/EXP/#4_Kurt Cobain_Vertical_D14-M04-Y26_4K-60FPS-FLAC.mp4 | length=15.36 | time=3.2
[Saturday/April 18/04/2026 00:08:16] /mnt/Data/OUT$IDERZ/VISUALS/Videos (YT + Socials)/Vertical Videos/IN DA PIPELINE/Außenseiter Vertical/4. Candies/EXP/#1_Candies_Vertical_D21-M02-Y26_4K-60FPS-FLAC.mp4 | length=25.824 | time=2.4166666666667
[Saturday/April 18/04/2026 00:08:34] /mnt/Data/OUT$IDERZ/VISUALS/Videos (YT + Socials)/Vertical Videos/IN DA PIPELINE/Außenseiter Vertical/5. So wie ich/EXP/#3_So wie ich_Vertical_D14-M04-Y26_4K-60FPS-FLAC.mp4 | length=26.016 | time=0.83333333333333
[Saturday/April 18/04/2026 00:19:41] /mnt/Data/OUT$IDERZ/VISUALS/Videos (YT + Socials)/Vertical Videos/IN DA PIPELINE/Außenseiter Vertical/6. Stift und Papier/EXP/#1_Stift und Papier_Vertical_D25-M02-Y26_4K-60FPS-FLAC.mp4 | length=21.792 | time=0.4
[Saturday/April 18/04/2026 00:38:16] /mnt/Data/OUT$IDERZ/VISUALS/Videos (YT + Socials)/Vertical Videos/IN DA PIPELINE/Außenseiter Vertical/5. So wie ich/EXP/#4_So wie ich_Vertical_D18-M04-Y26_4K-60FPS-FLAC.mp4 | length=26.016 | time=1.0166666666667
[Saturday/April 18/04/2026 00:38:34] /mnt/Data/OUT$IDERZ/VISUALS/Videos (YT + Socials)/Vertical Videos/IN DA PIPELINE/Außenseiter Vertical/6. Stift und Papier/EXP/#2_Stift und Papier_Vertical_D18-M04-Y26_4K-60FPS-FLAC.mp4 | length=21.504 | time=0.81666666666667
[Saturday/April 18/04/2026 00:40:04] /home/yannik/Desktop/UNUSED BEATS/UNUSED BEATS/Unused YUNGVITE Beats/WRONG PATH - 87BPM - C#min - @OT$Z_YUNGVITE.mp3 | length=182.09957497166 | time=20.527777777778
[Saturday/April 18/04/2026 00:40:45] /home/yannik/Desktop/UNUSED BEATS/UNUSED BEATS/Unused YUNGVITE Beats/HAMSTERRAD_BEAT.wav | length=153.6 | time=1.0625
[Saturday/April 18/04/2026 00:42:56] /mnt/Data/OUT$IDERZ/VISUALS/Videos (YT + Socials)/Vertical Videos/IN DA PIPELINE/Außenseiter Vertical/7. Schlechtes Omen/EXP/#1_Schlechtes Omen_Vertical_D05-M03-Y26_4K-60FPS-FLAC.mp4 | length=30.336 | time=1.0333333333333
[Saturday/April 18/04/2026 00:45:31] /home/yannik/Desktop/UNUSED BEATS/UNUSED BEATS/Unused YUNGVITE Beats/17_07_24_erase_my_mind.mp3 | length=182.09957497166 | time=15.888888888889
[Saturday/April 18/04/2026 00:47:24] /mnt/Data/OUT$IDERZ/SONGS/Projects/2025/02-25/bronx_15-02-25/bronx_15-02-25.mp3 | length=178.79045833333 | time=33.034722222222
[Saturday/April 18/04/2026 00:48:05] /mnt/Data/OUT$IDERZ/SONGS/Projects/2023/03-23/14_03_23/bounce/14-03-23.mp3 | length=64.944 | time=37.5
[Saturday/April 18/04/2026 00:48:16] /mnt/Data/OUT$IDERZ/SONGS/Projects/2023/03-23/14_03_23/Audio/untitled_2023-03-14 23-11-41_Insert 122.wav | length=31.128 | time=12.520833333333
[Saturday/April 18/04/2026 00:48:19] /home/yannik/Desktop/UNUSED BEATS/UNUSED BEATS/Unused YUNGVITE Beats/14_03_23_bronx.mp3 | length=177.8155 | time=72.3125
[Saturday/April 18/04/2026 00:48:31] /mnt/Data/OUT$IDERZ/SONGS/Projects/2023/03-23/14_03_23/beat/14_03_23_bronx.mp3 | length=177.8155 | time=0.34027777777778
[Saturday/April 18/04/2026 00:52:10] /mnt/Data/OUT$IDERZ/SONGS/Projects/2023/03-23/Bronx/BEAT/14_03_23_bronx.mp3 | length=177.8155 | time=1.7708333333333
[Saturday/April 18/04/2026 00:54:10] /mnt/Data/OUT$IDERZ/SONGS/Projects/2023/03-23/Bronx/BOUNCE/#1_Bronx_14-03-23.mp3 | length=64.944 | time=17.840277777778
[Saturday/April 18/04/2026 00:54:36] /mnt/Data/OUT$IDERZ/SONGS/Projects/2023/03-23/Bronx/BOUNCE/#1_Bronx_14-03-23.mp3 | length=64.944 | time=23.861111111111
[Saturday/April 18/04/2026 02:37:04] /home/yannik/Desktop/UNUSED BEATS/UNUSED BEATS/Unused YUNGVITE Beats/09_03_24_circles.mp3 | length=153.65222498583 | time=3.0486111111111
[Saturday/April 18/04/2026 02:37:07] /home/yannik/Desktop/UNUSED BEATS/UNUSED BEATS/Unused YUNGVITE Beats/14_03_23_bronx.mp3 | length=177.8155 | time=3.0694444444444
[Saturday/April 18/04/2026 02:37:11] /home/yannik/Desktop/UNUSED BEATS/UNUSED BEATS/Unused YUNGVITE Beats/17_07_24_erase_my_mind.mp3 | length=182.09957497166 | time=2.9791666666667
[Saturday/April 18/04/2026 02:37:32] /home/yannik/Desktop/UNUSED BEATS/UNUSED BEATS/Unused YUNGVITE Beats/19_01_21_loveisintheshore_2 biggie remix.mp3 | length=243.04325 | time=21.131944444444
[Saturday/April 18/04/2026 02:37:52] /home/yannik/Desktop/UNUSED BEATS/UNUSED BEATS/Unused YUNGVITE Beats/ASCHE - 78bpm - B♭min - 48kHz.mp3 | length=147.74855002834 | time=13.569444444444
[Saturday/April 18/04/2026 02:39:46] /home/yannik/Desktop/UNUSED BEATS/UNUSED BEATS/Unused YUNGVITE Beats/JIGGY - 85BPM - Fmin - @OT$Z_YUNGVITE.mp3 | length=192.05222498583 | time=21.173611111111
[Saturday/April 18/04/2026 02:46:13] /home/yannik/Desktop/UNUSED BEATS/UNUSED BEATS/Unused YUNGVITE Beats/WEISSETAUBEN_BEAT.wav | length=141.8181875 | time=2.2291666666667
[Saturday/April 18/04/2026 23:22:05] /mnt/Data/OUT$IDERZ/VISUALS/Videos (YT + Socials)/Vertical Videos/IN DA PIPELINE/Außenseiter Vertical/7. Schlechtes Omen/EXP/#1_Schlechtes Omen_Vertical_D05-M03-Y26_4K-60FPS-FLAC.mp4 | length=30.336 | time=0.56666666666667
[Saturday/April 18/04/2026 23:22:11] /mnt/Data/OUT$IDERZ/VISUALS/Videos (YT + Socials)/Vertical Videos/IN DA PIPELINE/Außenseiter Vertical/6. Stift und Papier/EXP/#3_Stift und Papier_Vertical_D18-M04-Y26_4K-60FPS-FLAC.mp4 | length=21.504 | time=1.5
[Saturday/April 18/04/2026 23:27:35] /mnt/Data/OUT$IDERZ/VISUALS/Videos (YT + Socials)/Vertical Videos/IN DA PIPELINE/Außenseiter Vertical/6. Stift und Papier/EXP/#3_Stift und Papier_Vertical_D18-M04-Y26_4K-60FPS-FLAC.mp4 | length=21.504 | time=8.3333333333333
[Sunday/April 19/04/2026 00:38:30] /home/yannik/Desktop/UNUSED BEATS/UNUSED BEATS/Unused YUNGVITE Beats/ROSES - 75BPM - Dmin - @OT$Z_YUNGVITE.mp3 | length=208.03917502834 | time=2.1527777777778
[Sunday/April 19/04/2026 00:55:03] /home/yannik/Desktop/UNUSED BEATS/UNUSED BEATS/Unused YUNGVITE Beats/OHNE DICH - 75bpm - B♭min - 48kHz.mp3 | length=166.44 | time=166.4375
[Sunday/April 19/04/2026 00:58:31] /home/yannik/Desktop/UNUSED BEATS/UNUSED BEATS/Unused YUNGVITE Beats/ROSES - 75BPM - Dmin - @OT$Z_YUNGVITE.mp3 | length=208.03917502834 | time=208.03472222222
[Sunday/April 19/04/2026 01:00:32] /home/yannik/Desktop/UNUSED BEATS/UNUSED BEATS/Unused YUNGVITE Beats/ROTEROSEN_BEAT.wav | length=171.94029166667 | time=1.1458333333333
[Sunday/April 19/04/2026 01:00:59] /home/yannik/Desktop/UNUSED BEATS/UNUSED BEATS/Unused YUNGVITE Beats/OHNE DICH - 75bpm - B♭min - 48kHz.mp3 | length=166.44 | time=24.652777777778
[Sunday/April 19/04/2026 02:47:31] /home/yannik/Desktop/UNUSED BEATS/UNUSED BEATS/Unused YUNGVITE Beats/[FREE] FLIEG WEG - KAZONDABEAT x MAKKO TYPE BEAT _ @OTSZ_YUNGVITE.mp3 | length=178.53825555556 | time=2.5893967342766
[Sunday/April 19/04/2026 02:47:40] /home/yannik/Desktop/UNUSED BEATS/UNUSED BEATS/Unused YUNGVITE Beats/KYOTO - 158bpm - Fmaj - 48kHz.mp3 | length=164.088 | time=85.027777777778
[Sunday/April 19/04/2026 02:48:10] /home/yannik/Desktop/Bojack/MASTER/BOUNCE/#M1_Bojack_MASTER_D19-M04-Y2026_75-BPM_48k-24b.wav | length=168.41697916667 | time=168.41697916667
[Sunday/April 19/04/2026 02:48:52] /home/yannik/Desktop/Bojack/BEAT/OHNE DICH - 75bpm - B♭min - 48kHz.mp3 | length=166.44 | time=105.5
[Sunday/April 19/04/2026 02:58:59] /home/yannik/Desktop/Bojack/MASTER/BOUNCE/#M1_Bojack_MASTER_D19-M04-Y2026_75-BPM_48k-24b.wav | length=168.41697916667 | time=147.34722222222
[Sunday/April 19/04/2026 03:33:26] /home/yannik/Desktop/Bojack/MASTER/BOUNCE/#M2_Bojack_MASTER_D19-M04-Y2026_75-BPM_48k-24b.wav | length=168.41697916667 | time=40.875
[Sunday/April 19/04/2026 21:39:26] /mnt/Data/OUT$IDERZ/SONGS/Projects/2026/04-26/BoJack/BEAT/#2_BOJACK BEAT.wav | length=158.4 | time=158.4
[Sunday/April 19/04/2026 21:46:46] /mnt/Data/OUT$IDERZ/SONGS/Projects/2026/04-26/BoJack/MASTER/BOUNCE/#M3_BoJack_MASTER_D19-M04-Y2026_75-BPM_48k-24b.wav | length=159.54485416667 | time=1.4305555555556
[Sunday/April 19/04/2026 21:48:58] /mnt/Data/OUT$IDERZ/SONGS/Projects/2026/04-26/BoJack/MASTER/BOUNCE/#M3_BoJack_MASTER_D19-M04-Y2026_75-BPM_48k-24b.wav | length=159.54485416667 | time=51.194444444444
[Sunday/April 19/04/2026 21:58:43] /mnt/Data/OUT$IDERZ/SONGS/Projects/2026/04-26/BoJack/MASTER/BOUNCE/#M4_BoJack_MASTER_D19-M04-Y2026_75-BPM_48k-24b.wav | length=159.40391666667 | time=50.270833333333
[Sunday/April 19/04/2026 22:27:49] /mnt/Data/OUT$IDERZ/SONGS/Projects/2026/04-26/BoJack/MASTER/BOUNCE/#M5_BoJack_MASTER_D19-M04-Y2026_75-BPM_48k-24b.wav | length=159.40391666667 | time=147.97222222222
[Sunday/April 19/04/2026 22:32:49] /mnt/Data/OUT$IDERZ/SONGS/Projects/2026/04-26/BoJack/MASTER/BOUNCE/#M5_BoJack_MASTER_D19-M04-Y2026_75-BPM_48k-24b.wav | length=159.40391666667 | time=67.375
[Sunday/April 19/04/2026 23:03:17] /home/yannik/Downloads/SOMMER.mp3 | length=156.99590001417 | time=156.99591836735
[Sunday/April 19/04/2026 23:20:10] /mnt/Data/OUT$IDERZ/SONGS/Projects/2025/09-25/Polaroid aka Spiegelreflex/MASTER/BOUNCE/#M26_Polaroid_MASTER_D24-M03-Y2026_150-BPM_48k-24b.wav | length=117.77085416667 | time=67.479166666667
[Sunday/April 19/04/2026 23:23:54] /home/yannik/Desktop/UNUSED BEATS/UNUSED BEATS/Unused YUNGVITE Beats/KYOTO - 158bpm - Fmaj - 48kHz.mp3 | length=164.088 | time=147.4375
[Sunday/April 19/04/2026 23:24:40] /mnt/Data/OUT$IDERZ/SONGS/Projects/2026/04-26/BoJack/MASTER/BOUNCE/#M6_BoJack_MASTER_D19-M04-Y2026_75-BPM_48k-24b.wav | length=159.404 | time=38.263888888889
[Sunday/April 19/04/2026 23:24:55] /mnt/Data/OUT$IDERZ/SONGS/Projects/2026/04-26/Manga/BOUNCE/#5_Manga_D17-M04-Y2026_75-BPM_48k-24b.wav | length=157.253625 | time=15
[Sunday/April 19/04/2026 23:27:57] /mnt/Data/OUT$IDERZ/SONGS/Projects/2026/04-26/Manga/MASTER/BOUNCE/#M4_Manga_MASTER_D17-M04-Y2026_75-BPM_48k-24b.wav | length=158.253625 | time=158.13194444444
[Sunday/April 19/04/2026 23:47:48] /mnt/Data/OUT$IDERZ/SONGS/Projects/2026/04-26/Megan Fox aka Zeitkapsel/MASTER/BOUNCE/#M1_Megan Fox_MASTER_D10-M04-Y2026_88-BPM_48k-24b.wav | length=153.6123125 | time=153.6123125
[Sunday/April 19/04/2026 23:51:43] /home/yannik/Downloads/pecunia_mashup.mp3 | length=159.072 | time=159.072
[Sunday/April 19/04/2026 23:52:59] /mnt/Data/OUT$IDERZ/VISUALS/Videos (YT + Socials)/Vertical Videos/IN DA PIPELINE/Außenseiter Vertical/6. Stift und Papier/EXP/#3_Stift und Papier_Vertical_D18-M04-Y26_4K-60FPS-FLAC.mp4 | length=21.504 | time=0
[Sunday/April 19/04/2026 23:53:14] /mnt/Data/OUT$IDERZ/VISUALS/Videos (YT + Socials)/Vertical Videos/IN DA PIPELINE/Außenseiter Vertical/7. Schlechtes Omen/EXP/#2_Schlechtes Omen_Vertical_D18-M04-Y26_4K-60FPS-FLAC.mp4 | length=30.336 | time=0.65
[Monday/April 20/04/2026 00:34:45] /mnt/Data/OUT$IDERZ/VISUALS/Videos (YT + Socials)/Vertical Videos/IN DA PIPELINE/Außenseiter Vertical/8. WIHDWV/EXP/#3_WIHDWV_Vertical_D20-M04-Y26_4K-60FPS-FLAC.mp4 | length=15.456 | time=0.58333333333333
[Monday/April 20/04/2026 00:39:24] /home/yannik/Desktop/UNUSED BEATS/UNUSED BEATS/Unused YUNGVITE Beats/KYOTO - 158bpm - Fmaj - 48kHz.mp3 | length=164.088 | time=91.777777777778
[Monday/April 20/04/2026 00:41:43] /home/yannik/Desktop/UNUSED BEATS/UNUSED BEATS/Unused YUNGVITE Beats/WRONG PATH - 87BPM - C#min - @OT$Z_YUNGVITE.mp3 | length=182.09957497166 | time=133.375
[Monday/April 20/04/2026 00:43:43] /home/yannik/Desktop/UNUSED BEATS/UNUSED BEATS/Unused YUNGVITE Beats/WHO SHOT YA - 85BPM - Gmin - @OT$Z_YUNGVITE.mp3 | length=180.74122498583 | time=48.805555555556
[Monday/April 20/04/2026 00:44:35] /home/yannik/Desktop/UNUSED BEATS/UNUSED BEATS/Unused YUNGVITE Beats/WEISSETAUBEN_BEAT.wav | length=141.8181875 | time=18.465277777778
[Monday/April 20/04/2026 00:45:02] /home/yannik/Desktop/UNUSED BEATS/UNUSED BEATS/Unused YUNGVITE Beats/WALK AWAY - 87BPM - E♭min - @OT$Z_YUNGVITE.mp3 | length=198.66122498583 | time=27.479166666667
[Monday/April 20/04/2026 00:45:19] /home/yannik/Desktop/UNUSED BEATS/UNUSED BEATS/Unused YUNGVITE Beats/SCHMERZ - 89bpm - F#min - 48kHz.mp3 | length=140.256 | time=16.715277777778
[Monday/April 20/04/2026 00:46:00] /home/yannik/Desktop/UNUSED BEATS/UNUSED BEATS/Unused YUNGVITE Beats/ROTEROSEN_BEAT.wav | length=171.94029166667 | time=40.958333333333
[Monday/April 20/04/2026 00:46:36] /home/yannik/Desktop/UNUSED BEATS/UNUSED BEATS/Unused YUNGVITE Beats/ROSES - 75BPM - Dmin - @OT$Z_YUNGVITE.mp3 | length=208.03917502834 | time=35.291666666667
[Monday/April 20/04/2026 00:47:04] /home/yannik/Desktop/UNUSED BEATS/UNUSED BEATS/Unused YUNGVITE Beats/[FREE] FLIEG WEG - KAZONDABEAT x MAKKO TYPE BEAT _ @OTSZ_YUNGVITE.mp3 | length=178.53825555556 | time=27.739973249277
[Monday/April 20/04/2026 01:28:28] /home/yannik/Desktop/UNUSED BEATS/UNUSED BEATS/Unused YUNGVITE Beats/FOOL ME - 117BPM - Fmin - @OT$Z_YUNGVITE.mp3 | length=172.35590001417 | time=52.958333333333
[Monday/April 20/04/2026 02:00:55] /mnt/Data/OUT$IDERZ/SONGS/Projects/2025/09-25/Jedes Mal aka Wieder da/Media/WHO SHOT YA - 85BPM - Gmin - @OT$Z_YUNGVITE.mp3 | length=180.74122498583 | time=9.9861111111111
[Monday/April 20/04/2026 14:45:16] /home/yannik/Downloads/fat-albert-72/001 - Fat Albert and the Cosby Kids - S1E01 - Lying.mp4 | length=1240.3333 | time=924.93333333333
[Monday/April 20/04/2026 15:09:25] /home/yannik/Downloads/Fat Albert and the Cosby Kids (Eng Dub) (1972-1982)/131 - TV or Not TV.mp4 | length=914.459 | time=121.2
[Monday/April 20/04/2026 15:09:37] /home/yannik/Downloads/Fat Albert and the Cosby Kids (Eng Dub) (1972-1982)/S4 (1976)/034 - Fat Albert and the Cosby Kids - S4E06 - TV or Not TV？.mp4 | length=1334.5666666667 | time=169.56666666667
[Monday/April 20/04/2026 15:12:17] /home/yannik/Downloads/Fat Albert and the Cosby Kids (Eng Dub) (1972-1982)/Other/135 - Four Eyes!.mp4 | length=898.13072916667 | time=187
[Monday/April 20/04/2026 15:12:18] /home/yannik/Downloads/Fat Albert and the Cosby Kids (Eng Dub) (1972-1982)/Other/135 - Four Eyes!.mp4 | length=898.13072916667 | time=0.36666666666667
[Monday/April 20/04/2026 15:12:28] /home/yannik/Downloads/Fat Albert and the Cosby Kids (Eng Dub) (1972-1982)/S1 (1972)/012 - Fat Albert and the Cosby Kids - S1E12 - Four Eyes.mp4 | length=1238.5333 | time=192.5
[Monday/April 20/04/2026 15:13:14] /home/yannik/Downloads/Fat Albert and the Cosby Kids (Eng Dub) (1972-1982)/Specials/114 - Bill Cosby vs. Fat Albert：The Great Go-Cart Race! (PILOT).mp4 | length=1496.278 | time=1265.7991324658
[Monday/April 20/04/2026 15:25:47] /home/yannik/Downloads/Fat Albert and the Cosby Kids (Eng Dub) (1972-1982)/Fat Albert.mp4 | length=5594.940952381 | time=4918.7471666667
[Monday/April 20/04/2026 22:21:00] /home/yannik/Desktop/UNUSED BEATS/UNUSED BEATS/Unused YUNGVITE Beats/FOOL ME - 117BPM - Fmin - @OT$Z_YUNGVITE.mp3 | length=172.35590001417 | time=79.666666666667
[Monday/April 20/04/2026 22:28:26] /run/user/1000/doc/887c8261/Ancient.Apocalypse.2022.S02E01.Chapter.I.720p.WEB-DL.x264.300MB-Pahe.in.mkv | length=2541 | time=1037.76
[Monday/April 20/04/2026 22:28:31] /run/user/1000/doc/887c8261/Ancient.Apocalypse.2022.S02E01.Chapter.I.720p.WEB-DL.x264.300MB-Pahe.in.mkv | length=2541 | time=2222
[Monday/April 20/04/2026 22:36:25] /home/yannik/Downloads/Taxi.Tehran.2015.720p.BluRay.x264-PAHE.in.mkv | length=4879.39 | time=1035.958
[Tuesday/April 21/04/2026 02:49:04] /home/yannik/Downloads/2025-12-02 Tödliche Geheimnisse (3) – Das Versprechen/2025-12-02_ardmediathek_Tödliche Geheimnisse - Tödliche Geheimnisse (3) – Das Versprechen_http_1920x1080.mp4 | length=29.96 | time=29.973333333334
[Tuesday/April 21/04/2026 02:50:44] /run/user/1000/doc/8b2d1883/Ancient.Apocalypse.2022.S02E04.Chapter.IV.720p.WEB-DL.x264.300MB-Pahe.in.mkv | length=2474.76 | time=25.32
[Tuesday/April 21/04/2026 02:53:42] /run/user/1000/doc/8b2d1883/Ancient.Apocalypse.2022.S02E04.Chapter.IV.720p.WEB-DL.x264.300MB-Pahe.in.mkv | length=2474.76 | time=19.96
[Tuesday/April 21/04/2026 02:55:19] /run/user/1000/doc/8b2d1883/Ancient.Apocalypse.2022.S02E04.Chapter.IV.720p.WEB-DL.x264.300MB-Pahe.in.mkv | length=2474.76 | time=541.08
[Tuesday/April 21/04/2026 03:17:56] /home/yannik/Desktop/UNUSED BEATS/UNUSED BEATS/Unused YUNGVITE Beats/09_03_24_circles.mp3 | length=153.65222498583 | time=2.1111111111111
[Tuesday/April 21/04/2026 03:19:09] /home/yannik/Desktop/UNUSED BEATS/UNUSED BEATS/Unused YUNGVITE Beats/14_03_23_bronx.mp3 | length=177.8155 | time=73.013888888889
[Tuesday/April 21/04/2026 03:19:29] /home/yannik/Desktop/UNUSED BEATS/UNUSED BEATS/Unused YUNGVITE Beats/17_07_24_erase_my_mind.mp3 | length=182.09957497166 | time=19.423611111111
[Tuesday/April 21/04/2026 03:19:56] /home/yannik/Desktop/UNUSED BEATS/UNUSED BEATS/Unused YUNGVITE Beats/19_01_21_loveisintheshore_2 biggie remix.mp3 | length=243.04325 | time=27.472222222222
[Tuesday/April 21/04/2026 03:20:28] /home/yannik/Desktop/UNUSED BEATS/UNUSED BEATS/Unused YUNGVITE Beats/23_08_23_shookmetwice.mp3 | length=156.31672498583 | time=30.833333333333
[Tuesday/April 21/04/2026 03:20:32] /home/yannik/Desktop/UNUSED BEATS/UNUSED BEATS/Unused YUNGVITE Beats/[FREE] FLIEG WEG - KAZONDABEAT x MAKKO TYPE BEAT _ @OTSZ_YUNGVITE.mp3 | length=178.53825555556 | time=4.4332282859433
[Tuesday/April 21/04/2026 03:20:44] /home/yannik/Desktop/UNUSED BEATS/UNUSED BEATS/Unused YUNGVITE Beats/ASCHE - 78bpm - B♭min - 48kHz.mp3 | length=147.74855002834 | time=11.041666666667
[Tuesday/April 21/04/2026 04:15:41] /home/yannik/Desktop/UNUSED BEATS/UNUSED BEATS/Unused YUNGVITE Beats/DAMALS - 87bpm - Cmaj - 48kHz.mp3 | length=176.592 | time=77.777777777778
[Tuesday/April 21/04/2026 14:50:05] /home/yannik/Desktop/STUDENTISCHE HILFSKRAFT/PODCAST/Ep. 13 - Master-Studiengang (04.03.26)/Podcast Episode 13/BOUNCE/#1_Podcast Episode 13_D12-M04-Y2026_90-BPM_48k-24b.wav | length=2453.7392916667 | time=13.097222222222
[Tuesday/April 21/04/2026 15:35:44] /run/user/1000/doc/2a01a173/The Raid Redemption (2011).mp4 | length=6064.192 | time=2634.1732083333
[Tuesday/April 21/04/2026 15:42:30] /home/yannik/Desktop/Sean Combs - The Reckoning (2025) (Eng Dub)/4. Sean.Combs.The.Reckoning.S01E04.GERMAN.DL.DOKU.1080p.WEB.h264-HAXE.mkv | length=4043.296 | time=4.963
[Tuesday/April 21/04/2026 17:52:42] /home/yannik/Desktop/UNUSED BEATS/UNUSED BEATS/Unused YUNGVITE Beats/BOOM BAP IM DEZEMBER BEAT.mp3 | length=176.592 | time=7.3680555555556
[Tuesday/April 21/04/2026 17:56:07] /run/user/1000/doc/887c8261/Ancient.Apocalypse.2022.S02E01.Chapter.I.720p.WEB-DL.x264.300MB-Pahe.in.mkv | length=2541 | time=700.2
[Tuesday/April 21/04/2026 22:02:11] /home/yannik/Downloads/Video.mp4 | length=9.2333333333333 | time=9.2
[Tuesday/April 21/04/2026 22:02:13] /home/yannik/Downloads/Who.You.Think.I.Am.2019.1080p.BluRay.x265.DD+5.1-Pahe.in.mkv | length=6094.675 | time=1.376
[Tuesday/April 21/04/2026 22:56:58] /home/yannik/Desktop/STUDENTISCHE HILFSKRAFT/PODCAST/Ep. 13 - Master-Studiengang (04.03.26)/Podcast Episode 13/BOUNCE/#1_Podcast Episode 13_D12-M04-Y2026_90-BPM_48k-24b.wav | length=2453.7392916667 | time=2270.4861111111
[Tuesday/April 21/04/2026 23:18:16] /home/yannik/Desktop/STUDENTISCHE HILFSKRAFT/PODCAST/Ep. 13 - Master-Studiengang (04.03.26)/Podcast Episode 13/BOUNCE/#1_Podcast Episode 13_D12-M04-Y2026_90-BPM_48k-24b.wav | length=2453.7392916667 | time=21.534722222222
[Tuesday/April 21/04/2026 23:19:14] /home/yannik/Desktop/STUDENTISCHE HILFSKRAFT/PODCAST/Ep. 13 - Master-Studiengang (04.03.26)/Podcast Episode 13/BOUNCE/#2_Podcast Episode 13_D21-M04-Y2026_90-BPM_48k-24b.wav | length=1117.9345208333 | time=895.13888888889
[Tuesday/April 21/04/2026 23:49:47] /home/yannik/Desktop/UNUSED BEATS/UNUSED BEATS/Unused YUNGVITE Beats/DAMALS - 87bpm - Cmaj - 48kHz.mp3 | length=176.592 | time=65.152777777778
[Tuesday/April 21/04/2026 23:49:49] /home/yannik/Desktop/UNUSED BEATS/UNUSED BEATS/Unused YUNGVITE Beats/BOOM BAP IM DEZEMBER BEAT.mp3 | length=176.592 | time=1.1319444444444
[Tuesday/April 21/04/2026 23:49:52] /home/yannik/Desktop/UNUSED BEATS/UNUSED BEATS/Unused YUNGVITE Beats/23_08_23_shookmetwice.mp3 | length=156.31672498583 | time=1.5902777777778
[Tuesday/April 21/04/2026 23:50:09] /home/yannik/Desktop/UNUSED BEATS/UNUSED BEATS/Unused YUNGVITE Beats/19_01_21_loveisintheshore_2 biggie remix.mp3 | length=243.04325 | time=16.125
[Tuesday/April 21/04/2026 23:50:09] /home/yannik/Desktop/UNUSED BEATS/UNUSED BEATS/Unused YUNGVITE Beats/23_08_23_shookmetwice.mp3 | length=156.31672498583 | time=0.17361111111111
[Tuesday/April 21/04/2026 23:50:10] /home/yannik/Desktop/UNUSED BEATS/UNUSED BEATS/Unused YUNGVITE Beats/ASCHE - 78bpm - B♭min - 48kHz.mp3 | length=147.74855002834 | time=0.39583333333333
[Tuesday/April 21/04/2026 23:50:11] /home/yannik/Desktop/UNUSED BEATS/UNUSED BEATS/Unused YUNGVITE Beats/BOOM BAP IM DEZEMBER BEAT.mp3 | length=176.592 | time=0.22222222222222
[Tuesday/April 21/04/2026 23:50:12] /home/yannik/Desktop/UNUSED BEATS/UNUSED BEATS/Unused YUNGVITE Beats/FOOL ME - 117BPM - Fmin - @OT$Z_YUNGVITE.mp3 | length=172.35590001417 | time=0.15972222222222
[Wednesday/April 22/04/2026 00:03:45] /home/yannik/Desktop/UNUSED BEATS/UNUSED BEATS/Unused YUNGVITE Beats/DAMALS - 87bpm - Cmaj - 48kHz.mp3 | length=176.592 | time=41.236111111111
[Wednesday/April 22/04/2026 01:03:31] /mnt/Data/OUT$IDERZ/VISUALS/Videos (YT + Socials)/YT Videos/2026/09. Splitter zählen YT/EXP/#1_Splitter zählen_YT_D16-M04-Y26_4K-60FPS-libx264-FLAC.mp4 | length=153.888 | time=153.888
[Wednesday/April 22/04/2026 01:04:18] /mnt/Data/OUT$IDERZ/VISUALS/Videos (YT + Socials)/YT Videos/IN DA PIPELINE/Außenseiter YT/1. Wer ich bin/EXP/#4_Wer ich bin_YT_26-01-26_4K-60FPS-libx264-FLAC.mp4 | length=83.136 | time=79.033333333333
[Wednesday/April 22/04/2026 01:07:30] /mnt/Data/OUT$IDERZ/VISUALS/Videos (YT + Socials)/YT Videos/IN DA PIPELINE/Außenseiter YT/2. Wart einfach ab/EXP/#3_Wart einfach ab_YT_26-01-26_4K-60FPS-libx264-FLAC.mp4 | length=201.408 | time=5.7166666666667
[Wednesday/April 22/04/2026 01:21:00] /mnt/Data/OUT$IDERZ/VISUALS/Videos (YT + Socials)/YT Videos/IN DA PIPELINE/Außenseiter YT/2. Wart einfach ab/EXP/#3_Wart einfach ab_YT_26-01-26_4K-60FPS-libx264-FLAC.mp4 | length=201.408 | time=0.55
[Wednesday/April 22/04/2026 01:59:01] /mnt/Data/OUT$IDERZ/VISUALS/Videos (YT + Socials)/YT Videos/IN DA PIPELINE/Außenseiter YT/3. Kurt Cobain/EXP/#2_Kurt Cobain_YT_26-01-26_4K-60FPS-libx264-FLAC.mp4 | length=194.784 | time=2.4166666666667
[Wednesday/April 22/04/2026 02:13:37] /run/user/1000/doc/1290fab7/Detective.Hole.S01E04.After.They.are.Dead.Before.They.are.Cold.1080p.NF.WEB-DL.x265.6CH-Pahe.in.mkv | length=3191.208 | time=3.958
[Wednesday/April 22/04/2026 14:59:43] /run/user/1000/doc/4b98fc69/Detective.Hole.S01E06.Five.1080p.NF.WEB-DL.x265.6CH-Pahe.in.mkv | length=3077.203 | time=4.333
[Wednesday/April 22/04/2026 15:51:05] /run/user/1000/doc/3ff2eac4/Better.Off.Ted.S01E05.1080p.WEB-DL.x264.6CH-Pahe.in.mkv | length=1299.795 | time=743.993
[Wednesday/April 22/04/2026 16:21:57] /run/user/1000/doc/a8a1fb20/Step Brothers (2008 Remaster) (Eng Dub).mkv | length=6332.284 | time=2.544
[Wednesday/April 22/04/2026 16:22:00] /run/user/1000/doc/32a3874b/Strays (2023) (Eng Dub).mkv | length=5586.617 | time=0.542
[Wednesday/April 22/04/2026 16:22:08] /run/user/1000/doc/28eddc6a/Step Brothers (200 Extended Cut) (Eng Dub).mkv | length=6342.143 | time=3.67
[Wednesday/April 22/04/2026 16:22:14] /run/user/1000/doc/a8a1fb20/Step Brothers (2008 Remaster) (Eng Dub).mkv | length=6332.284 | time=3.253
[Wednesday/April 22/04/2026 16:25:38] /run/user/1000/doc/44b7a10f/A.Woman.Is.a.Woman.1961.1080p.BluRay.x264.AAC2.0-Pahe.in.mkv | length=5021.056 | time=79.833
[Wednesday/April 22/04/2026 16:39:25] /run/user/1000/doc/f9db41da/Bobby.1973.1080p.NF.WEB-DL.x264.AAC2.0-Pahe.in.mkv | length=10093.876 | time=8095.625
[Wednesday/April 22/04/2026 16:41:18] /run/user/1000/doc/ded6212b/Cold War (2018) (Pol Dub).mkv | length=5280.638 | time=121.625
[Wednesday/April 22/04/2026 16:41:27] /run/user/1000/doc/ded6212b/Cold War (2018) (Pol Dub).mkv | length=5280.638 | time=4429.083
[Wednesday/April 22/04/2026 16:42:43] /run/user/1000/doc/310da8a/Larry.2022.1080p.BluRay.x265.DD+5.1-Pahe.in.mkv | length=6502.611 | time=3556.875
[Wednesday/April 22/04/2026 16:45:58] /run/user/1000/doc/7b25c479/I.Spit.On.Your.Grave.2010.720p.BluRay.x264.800MB-Pahe.in.mkv | length=6494.515 | time=3570.609
[Wednesday/April 22/04/2026 18:58:16] /run/user/1000/doc/68802d18/1. To All the Boys I've Loved Before (2018) (Eng Dub).mkv | length=5992.756 | time=3.837
[Wednesday/April 22/04/2026 18:58:22] /run/user/1000/doc/3c320c64/To.All.the.Boys.Ive.Loved.Before.2018.1080p.NF.WEB-DL.x265.6CH-Pahe.in.mkv | length=6018.515 | time=4.838
[Wednesday/April 22/04/2026 19:47:48] /home/yannik/Desktop/UNUSED BEATS/UNUSED BEATS/Unused Beats with License/100 prod. Buffalo666/mt__4968592.wav | length=132.0937414966 | time=4.0416666666667
[Wednesday/April 22/04/2026 19:48:43] /home/yannik/Desktop/UNUSED BEATS/UNUSED BEATS/Unused Beats with License/1000 Dinge prod. Dozy/Lyran-Dasz-x-Yungmon-x-absent-Type-Beat-1000-Dinge.wav | length=176.75646258503 | time=54.201388888889
[Wednesday/April 22/04/2026 19:49:42] /home/yannik/Desktop/UNUSED BEATS/UNUSED BEATS/Unused Beats with License/Always prod. Toni/Always--Mac-Miller-type-beat.wav | length=192 | time=59.583333333333
[Wednesday/April 22/04/2026 19:50:57] /home/yannik/Desktop/UNUSED BEATS/UNUSED BEATS/Unused Beats with License/AMBER EYES prod. David Linhof/AMBER-EYES-Mac-Miller--Kid-Cudi--Lofi-Hip-Hop.wav | length=163.9024375 | time=74.520833333333
[Wednesday/April 22/04/2026 19:51:01] /home/yannik/Desktop/UNUSED BEATS/UNUSED BEATS/Unused Beats with License/as it was prod. deadspyro/deadspyro-as-it-was-g-m-177-ds.wav | length=119.32555555556 | time=4.2777777777778
[Wednesday/April 22/04/2026 19:51:35] /home/yannik/Desktop/UNUSED BEATS/UNUSED BEATS/Unused Beats with License/Bad Bitches Be Basic prod. Dozy/Alternative-Rock-x-Neffex-Type-Beat-Bad-Bitches-Be-Basic.wav | length=187.2037414966 | time=33.319444444444
[Wednesday/April 22/04/2026 19:52:13] /home/yannik/Desktop/UNUSED BEATS/UNUSED BEATS/Unused Beats with License/BEG TO YOU prod. David Linhof/BEG-YOU-TO-Mac-Miller--Kid-Cudi--Lofi-Hip-Hop.wav | length=140.8695625 | time=38.291666666667
[Wednesday/April 22/04/2026 19:54:05] /home/yannik/Desktop/UNUSED BEATS/UNUSED BEATS/Unused Beats with License/Bless your mic prod. BapPlug/Bless-your-mic-MF-Doom-Old-School-Boom-Bap-Jazz.wav | length=192.97596371882 | time=111.11805555556
[Wednesday/April 22/04/2026 19:54:34] /home/yannik/Desktop/UNUSED BEATS/UNUSED BEATS/Unused Beats with License/Boom Bap prod. Mike D exclusive/boom-bap_7007298.mp3 | length=204.024 | time=28.784722222222
[Wednesday/April 22/04/2026 19:55:19] /home/yannik/Desktop/UNUSED BEATS/UNUSED BEATS/Unused Beats with License/BREATHE prod. David Linhof/BREATHE-Mac-Miller--J-Cole--Lofi-Hip-Hop.wav | length=192.4285625 | time=45.291666666667
[Wednesday/April 22/04/2026 19:55:26] /home/yannik/Desktop/UNUSED BEATS/UNUSED BEATS/Unused Beats with License/Cant Complain prod. Toni/Cant-Complain--Mac-Miller-type-beat.wav | length=212.05480725624 | time=6.1805555555556
[Wednesday/April 22/04/2026 19:57:05] /home/yannik/Desktop/UNUSED BEATS/UNUSED BEATS/Unused Beats with License/CASCADE prod. David Linhof/CASCADE-Mac-Miller--J-Cole--Boom-Bap.wav | length=166.45160416667 | time=81.506944444444
[Wednesday/April 22/04/2026 19:57:05] /home/yannik/Desktop/UNUSED BEATS/UNUSED BEATS/Unused Beats with License/CHANEL prod. David Linhof/CHANEL-Mac-Miller--Logic--Boom-Bap.wav | length=229.5 | time=0
[Wednesday/April 22/04/2026 20:19:10] /mnt/Data/OUT$IDERZ/SONGS/Projects/2025/08-25/Alles verloren aka In Retrospektive/MASTER/BOUNCE/#M5_Alles verloren_MASTER_D22-M04-Y2026_80-BPM_48k-24b.wav | length=170.7375 | time=33.916666666667
[Wednesday/April 22/04/2026 20:22:07] /mnt/Data/OUT$IDERZ/SONGS/Projects/2025/08-25/Alles verloren aka In Retrospektive/MASTER/BOUNCE/#M6_Alles verloren_MASTER_D22-M04-Y2026_80-BPM_48k-24b.wav | length=170.7375 | time=3.4513888888889
[Wednesday/April 22/04/2026 20:32:04] /mnt/Data/OUT$IDERZ/SONGS/Projects/2025/08-25/Alles verloren aka In Retrospektive/MASTER/BOUNCE/#M7_Alles verloren_MASTER_D22-M04-Y2026_80-BPM_48k-24b.wav | length=170.7375 | time=135.75694444444
[Wednesday/April 22/04/2026 20:34:12] /mnt/Data/OUT$IDERZ/SONGS/Projects/2025/08-25/Alles verloren aka In Retrospektive/MASTER/BOUNCE/#M7_Alles verloren_MASTER_D22-M04-Y2026_80-BPM_48k-24b.wav | length=170.7375 | time=98.298611111111
[Wednesday/April 22/04/2026 20:42:48] /mnt/Data/OUT$IDERZ/SONGS/Projects/2025/08-25/Alles verloren aka In Retrospektive/MASTER/BOUNCE/#M8_Alles verloren_MASTER_D22-M04-Y2026_80-BPM_48k-24b.wav | length=170.7375 | time=170.7375
[Wednesday/April 22/04/2026 20:57:16] /mnt/Data/OUT$IDERZ/SONGS/Projects/2025/08-25/Alles verloren aka In Retrospektive/MASTER/BOUNCE/#M8_Alles verloren_MASTER_D22-M04-Y2026_80-BPM_48k-24b.wav | length=170.7375 | time=3.9236111111111
[Wednesday/April 22/04/2026 21:00:12] /mnt/Data/OUT$IDERZ/SONGS/Projects/2025/08-25/Alles verloren aka In Retrospektive/MASTER/BOUNCE/#M9_Alles verloren_MASTER_D22-M04-Y2026_80-BPM_48k-24b.wav | length=170.7375 | time=170.24305555556
[Wednesday/April 22/04/2026 21:01:09] /mnt/Data/OUT$IDERZ/SONGS/Projects/2025/08-25/Alles verloren aka In Retrospektive/MASTER/BOUNCE/#M9_Alles verloren_MASTER_D22-M04-Y2026_80-BPM_48k-24b.wav | length=170.7375 | time=27.583333333333
[Wednesday/April 22/04/2026 21:01:19] /home/yannik/Desktop/UNUSED BEATS/UNUSED BEATS/Unused Beats with License/CHANEL prod. David Linhof/CHANEL-Mac-Miller--Logic--Boom-Bap.wav | length=229.5 | time=19.375
[Wednesday/April 22/04/2026 21:02:34] /mnt/Data/OUT$IDERZ/SONGS/Projects/2025/08-25/Alles verloren aka In Retrospektive/MASTER/BOUNCE/#M9_Alles verloren_MASTER_D22-M04-Y2026_80-BPM_48k-24b.wav | length=170.7375 | time=109.47916666667
[Wednesday/April 22/04/2026 22:46:32] /home/yannik/Downloads/INTRO.mp3 | length=334.104 | time=193.65972222222
[Wednesday/April 22/04/2026 23:31:12] /home/yannik/Desktop/STUDENTISCHE HILFSKRAFT/PODCAST/Ep. 13 - Master-Studiengang (04.03.26)/Podcast Episode 13/BOUNCE/#2_Podcast Episode 13_D21-M04-Y2026_90-BPM_48k-24b.wav | length=1117.9345208333 | time=9.3333333333333
[Wednesday/April 22/04/2026 23:31:52] /home/yannik/Desktop/STUDENTISCHE HILFSKRAFT/PODCAST/Ep. 13 - Master-Studiengang (04.03.26)/Podcast Episode 13/BOUNCE/#3_Podcast Episode 13_D22-M04-Y2026_90-BPM_48k-24b.wav | length=1098.52675 | time=448.52083333333
[Thursday/April 23/04/2026 00:20:59] /home/yannik/Downloads/pecunia_mashup2.mp3 | length=183.144 | time=181.52777777778
[Thursday/April 23/04/2026 01:05:08] /mnt/Data/Music_Collection/King Orgasmus One/Eros (The God Of Love) (2026)/12. King Orgasmus One - Analyse 2.0.mp3 | length=121.78285416667 | time=9.3715189272766
[Thursday/April 23/04/2026 01:05:21] /mnt/Data/Music_Collection/King Orgasmus One/Eros (The God Of Love) (2026)/07. King Orgasmus One - Rap wieder Back (ft. Fäbson).mp3 | length=150.3346875 | time=2.78412193261
[Thursday/April 23/04/2026 01:16:52] /mnt/Data/Music_Collection/Kasimir1441/Other/Kasimir1441 - T-Shirt.mp3 | length=108.60337777778 | time=3.0614385949433
[Thursday/April 23/04/2026 18:34:49] /home/yannik/Desktop/Power Nap Interlude/BOUNCE/VOX_Power Nap Interlude_D23-M04-Y2026_87-BPM_48k-b.mp3 | length=177.56897916667 | time=115.00694444444
[Thursday/April 23/04/2026 21:49:24] /mnt/Data/OUT$IDERZ/SONGS/Projects/2026/04-26/Power Naps/MASTER/BOUNCE/#M2_Power Naps_MASTER_D23-M04-Y2026_87-BPM_48k-24b.wav | length=110.88814583333 | time=110.88814583333
[Friday/April 24/04/2026 00:10:45] /mnt/Data/OUT$IDERZ/VISUALS/Videos (YT + Socials)/YT Videos/IN DA PIPELINE/TELL ME ABOUT YOU (INSTRUMENTAL TAPE) YT/6. Silvester (Instrumental)/EXP/#1_Silvester (Instrumental)_YT_30-01-26_4K-60FPS-libx264-FLAC.mp4 | length=168 | time=5.5833333333333
[Friday/April 24/04/2026 00:31:53] /mnt/Data/OUT$IDERZ/VISUALS/Videos (YT + Socials)/Vertical Videos/IN DA PIPELINE/Dezember Vertical/BOUNCE/#11_Dezember_Vertical_D07-M02-Y26_4K-FLAC.mp4 | length=20.064 | time=11.85
[Friday/April 24/04/2026 01:59:31] /run/user/1000/doc/6488c09/5. Attack On Titan - The Last Attack (2024) (Jap & Eng Dub).mkv | length=8642.656 | time=4.046
[Friday/April 24/04/2026 02:05:49] /run/user/1000/doc/74e30200/Ousama.Ranking.S01E07.1080p.WEB-DL.x264-Pahe.li.mkv | length=1382.068 | time=6.298
[Friday/April 24/04/2026 02:05:55] /run/media/yannik/NAS_Anime-and-Cartoon-Series/Anime/Anime Series/Ranking of Kings (2021-2022) (Jap Dub)/08. Ranking of Kings - S01E08 - The Sacrifice of Dreams.mkv | length=1382.058 | time=3.2949583333333
[Friday/April 24/04/2026 02:06:04] /run/media/yannik/NAS_Anime-and-Cartoon-Series/Anime/Anime Series/Ranking of Kings (2021-2022) (Jap Dub)/08. Ranking of Kings - S01E08 - The Sacrifice of Dreams.mkv | length=1382.058 | time=12.554208333333
[Friday/April 24/04/2026 02:06:14] /run/user/1000/doc/bbdc13e5/Ousama.Ranking.S01E10.1080p.WEB-DL.x264-Pahe.li.mkv | length=1382.025 | time=36.245
[Friday/April 24/04/2026 02:06:20] /run/media/yannik/NAS_Anime-and-Cartoon-Series/Anime/Anime Series/Ranking of Kings (2021-2022) (Jap Dub)/08. Ranking of Kings - S01E08 - The Sacrifice of Dreams.mkv | length=1382.058 | time=44.961583333333
[Friday/April 24/04/2026 02:10:13] /run/user/1000/doc/f07ed7ff/Solo.Leveling.S02E02.I.Suppose.You.Arent.Aware.1080p.BluRay.x265.AAC2.0-Pahe.in.mkv | length=1422.12 | time=4.922
[Friday/April 24/04/2026 02:22:49] /run/media/yannik/NAS_Anime-and-Cartoon-Series/Cartoons/Cartoon Series/SpongeBob Squarepants (1999-2025) (Eng & Ger Dub)/Eng Dub/Movies (2004-2020)/Movies (2004-2025)/4. The SpongeBob Movie - Search for SquarePants (2025) (Eng Dub).mkv | length=5322.276 | time=11.803
[Friday/April 24/04/2026 02:23:09] /run/user/1000/doc/43bc1b60/The.SpongeBob.Movie.Search.for.SquarePants.2025.1080p.BluRay.x265.DD+5.1-Pahe.in.mkv | length=5300.094 | time=14.932
[Friday/April 24/04/2026 02:23:15] /run/media/yannik/NAS_Anime-and-Cartoon-Series/Cartoons/Cartoon Series/SpongeBob Squarepants (1999-2025) (Eng & Ger Dub)/Eng Dub/Movies (2004-2020)/Movies (2004-2025)/4. The SpongeBob Movie - Search for SquarePants (2025) (Eng Dub).mkv | length=5322.276 | time=3.545
[Friday/April 24/04/2026 02:23:19] /run/user/1000/doc/43bc1b60/The.SpongeBob.Movie.Search.for.SquarePants.2025.1080p.BluRay.x265.DD+5.1-Pahe.in.mkv | length=5300.094 | time=1.668
[Friday/April 24/04/2026 02:40:50] /run/user/1000/doc/66bcbe1e/Ousama.Ranking.S01E01.1080p.WEB-DL.x264-Pahe.li.mkv | length=1381.982 | time=5.672
[Friday/April 24/04/2026 02:40:56] /run/media/yannik/NAS_18/Anime/Anime Series/Ranking of Kings (2021-2022) (Jap Dub)/01. Ranking of Kings - S01E01 - The Prince's New Clothes.mkv | length=1381.9728333333 | time=3.003
[Friday/April 24/04/2026 02:41:07] /run/media/yannik/NAS_18/Anime/Anime Series/Ranking of Kings (2021-2022) (Jap Dub)/06. Ranking of Kings - S01E06 - The King of the Underworld.mkv | length=1382.1008333333 | time=1.5015
[Friday/April 24/04/2026 02:42:03] /run/user/1000/doc/cb3395d3/Solo.Leveling.S02E01.You.Arent.E.Rank.Are.You.1080p.BluRay.x265.AAC2.0-Pahe.in.mkv | length=1422.035 | time=1.793
[Friday/April 24/04/2026 02:48:31] /run/media/yannik/NAS_18/Anime/Anime Series/Solo Leveling (2024-2025) (Jap & Eng Dub)/S2 (2025)/Solo.Leveling.S02E01.You.Arent.E.Rank.Are.You.1080p.BluRay.x265.AAC2.0-Pahe.in.mkv | length=1422.035 | time=1153.152
[Friday/April 24/04/2026 02:58:16] /run/media/yannik/NAS_18/TV Shows/German Production/BHZ - Beeil dich wir werden erwachsen (2025 Miniseries) (Ger Dub)/BEEIL DICH WIR WERDEN ERWACHSEN - EPISODE 1.mp4 | length=393.241 | time=40.833
[Friday/April 24/04/2026 02:58:30] /run/user/1000/doc/fc33104a/BEEIL DICH WIR WERDEN ERWACHSEN - EPISODE 1.mp4 | length=393.27637188209 | time=38.082666666667
[Friday/April 24/04/2026 03:03:37] /run/user/1000/doc/f01e0327/Chad.Powers.S01E03.3RD.QUARTER.1080p.WEB-DL.x265.6CH-Pahe.in.mkv | length=1590.696 | time=1048.965
[Friday/April 24/04/2026 10:01:31] /home/yannik/Desktop/encounters-taxiteheran_1080p.mkv | length=4903.983 | time=2323.112
[Friday/April 24/04/2026 10:04:52] /run/user/1000/doc/3289c0b6/Jafar Panahi's Taxi (2015) (Per Dub).mkv | length=4879.39 | time=2.958
[Friday/April 24/04/2026 10:34:25] /run/media/yannik/NAS_18/TV Shows/German Production/Stromberg (2004-2012) (Ger Dub)/Movies (2014-2025)/2. Stromberg - Wieder alles auf Anfang (2025) (Ger Dub).mkv | length=5688.064 | time=4171.75
[Friday/April 24/04/2026 13:09:31] /run/media/yannik/NAS_18/TV Shows/TV Shows/Scrubs (Eng Dub)/S5 (2006)/Scrubs.S05E24.My.Transition.1080p.WEB.x264.6CH-Pahe.in.mkv | length=1378.43 | time=3.337
[Friday/April 24/04/2026 13:09:35] /run/media/yannik/NAS_18/TV Shows/TV Shows/Scrubs (Eng Dub)/S5 (2006)/Scrubs.S05E24.My.Transition.Widescreen.1080p.WEB.x264.6CH-Pahe.in.mkv | length=1378.43 | time=1.585
[Friday/April 24/04/2026 13:27:47] /run/media/yannik/NAS_18/TV Shows/TV Shows/Scrubs (Eng Dub)/S5 (2006)/Scrubs.S05E20.My.Lunch.1080p.WEB.x264.6CH-Pahe.in.mkv | length=1385.299 | time=0.5
[Friday/April 24/04/2026 13:27:56] /run/media/yannik/NAS_18/TV Shows/TV Shows/Scrubs (Eng Dub)/S5 (2006)/Scrubs.S05E24.My.Transition.Widescreen.1080p.WEB.x264.6CH-Pahe.in.mkv | length=1378.43 | time=3.629
[Friday/April 24/04/2026 13:28:11] /run/media/yannik/NAS_18/TV Shows/TV Shows/Scrubs (Eng Dub)/S5 (2006)/Scrubs.S05E11.My.Buddys.Booty.1080p.WEB.x264.6CH-Pahe.in.mkv | length=1303.208 | time=1.251
[Friday/April 24/04/2026 14:42:49] /home/yannik/Desktop/Pearson (Eng Dub)/pearson.s01e10.german.dl.1080p.bluray.x264-aida.mkv | length=2641.931 | time=1742.407
[Friday/April 24/04/2026 14:44:16] /run/media/yannik/NAS_18/TV Shows/TV Shows/Suits (2011-2019) + Suits LA (2025) (Eng Dub)/1. Suits (2011-2019)/S3 (2013-2014)/@CC.S03E03.Suits.720p.BluRay.x265.mkv | length=2586.439 | time=7.404
[Friday/April 24/04/2026 17:34:18] /home/yannik/Downloads/Alles Verloren_Stem_Mix&Master_24_44,1_WAV_24-04-2026.wav | length=33.671111111111 | time=30.8125
[Friday/April 24/04/2026 19:31:50] /run/user/1000/doc/207c8287/1. Euphoria - S01E01 - Pilot.mkv | length=3233.268 | time=30.572
[Friday/April 24/04/2026 19:31:51] /run/user/1000/doc/207c8287/1. Euphoria - S01E01 - Pilot.mkv | length=3233.268 | time=31.073
[Friday/April 24/04/2026 19:31:54] /run/user/1000/doc/207c8287/1. Euphoria - S01E01 - Pilot.mkv | length=3233.268 | time=32.574
[Friday/April 24/04/2026 19:32:22] /run/user/1000/doc/e9b59763/2. Euphoria - S01E02 - Stuntin' Like My Daddy.mkv | length=3713.738 | time=1.168
[Friday/April 24/04/2026 20:39:19] /run/user/1000/doc/e9b59763/2. Euphoria - S01E02 - Stuntin' Like My Daddy.mkv | length=3713.738 | time=709.334
[Friday/April 24/04/2026 22:37:50] /run/media/yannik/NAS_18/TV Shows/TV Shows/Euphoria (2019-2026) (Eng Dub)/1. S1 (2019)/2. Euphoria - S01E02 - Stuntin' Like My Daddy.mkv | length=3713.738 | time=3563.476
[Friday/April 24/04/2026 22:37:50] /run/media/yannik/NAS_18/TV Shows/TV Shows/Euphoria (2019-2026) (Eng Dub)/1. S1 (2019)/3. Euphoria - S01E03 - Made You Look.mkv | length=3507.53 | time=0
[Saturday/April 25/04/2026 10:21:39] /run/media/yannik/NAS_18/TV Shows/German Production/30 Tage Lust (2024) (Ger Dub)/3. 30 Tage Lust - Episode 03 - Eifersucht.mp4 | length=1916.64 | time=2.44
[Saturday/April 25/04/2026 10:34:05] /run/media/yannik/NAS_18/TV Shows/TV Shows/Euphoria (2019-2026) (Eng Dub)/1. S1 (2019)/3. Euphoria - S01E03 - Made You Look.mkv | length=3507.53 | time=2714.42
[Saturday/April 25/04/2026 22:03:56] /home/yannik/Desktop/del/Euphoria (2019-2026) (Eng Dub)/1. S1 (2019)/4. Euphoria - S01E04 - Shook Ones Pt. II.mkv | length=3423.434 | time=3276.273
[Sunday/April 26/04/2026 14:56:00] /home/yannik/Desktop/del/Euphoria (2019-2026) (Eng Dub)/1. S1 (2019)/5. Euphoria - S01E05 - 03 Bonnie and Clyde.mkv | length=3277.3 | time=3128.792
[Sunday/April 26/04/2026 16:16:50] /home/yannik/Desktop/del/Euphoria (2019-2026) (Eng Dub)/1. S1 (2019)/4. Euphoria - S01E04 - Shook Ones Pt. II.mkv | length=3423.434 | time=1.627
[Sunday/April 26/04/2026 16:17:04] /home/yannik/Desktop/Schöne Welt/BOUNCE/#1_Schöne Welt_D25-M04-Y2026_93-BPM_48k-24b.wav | length=166.95160416667 | time=73.75
[Sunday/April 26/04/2026 16:17:08] /home/yannik/Desktop/del/Euphoria (2019-2026) (Eng Dub)/1. S1 (2019)/3. Euphoria - S01E03 - Made You Look.mkv | length=3507.53 | time=182.182
[Sunday/April 26/04/2026 16:17:20] /home/yannik/Desktop/del/Euphoria (2019-2026) (Eng Dub)/1. S1 (2019)/3. Euphoria - S01E03 - Made You Look.mkv | length=3507.53 | time=301.259
[Sunday/April 26/04/2026 16:17:22] /home/yannik/Desktop/Schöne Welt/BOUNCE/#1_Schöne Welt_D25-M04-Y2026_93-BPM_48k-24b.wav | length=166.95160416667 | time=1.7847222222222
[Sunday/April 26/04/2026 16:17:38] /home/yannik/Desktop/del/Euphoria (2019-2026) (Eng Dub)/1. S1 (2019)/3. Euphoria - S01E03 - Made You Look.mkv | length=3507.53 | time=194.986
[Sunday/April 26/04/2026 16:17:50] /home/yannik/Desktop/del/Euphoria (2019-2026) (Eng Dub)/1. S1 (2019)/4. Euphoria - S01E04 - Shook Ones Pt. II.mkv | length=3423.434 | time=8.3
[Sunday/April 26/04/2026 16:20:14] /home/yannik/Desktop/Schöne Welt/BOUNCE/#2_Schöne Welt_D25-M04-Y2026_93-BPM_48k-24b.wav | length=166.95160416667 | time=56.020833333333
[Sunday/April 26/04/2026 16:20:18] /home/yannik/Desktop/Schöne Welt/BOUNCE/#2_Schöne Welt_D25-M04-Y2026_93-BPM_48k-24b.wav | length=166.95160416667 | time=2.1527777777778
[Sunday/April 26/04/2026 16:21:11] /home/yannik/Desktop/Schöne Welt/BOUNCE/#3_Schöne Welt_D25-M04-Y2026_93-BPM_48k-24b.wav | length=166.95160416667 | time=71.472222222222
[Sunday/April 26/04/2026 16:21:59] /home/yannik/Desktop/Schöne Welt/BOUNCE/#3_Schöne Welt_D25-M04-Y2026_93-BPM_48k-24b.wav | length=166.95160416667 | time=73.541666666667
[Sunday/April 26/04/2026 16:22:07] /home/yannik/Desktop/Schöne Welt/BOUNCE/#2_Schöne Welt_D25-M04-Y2026_93-BPM_48k-24b.wav | length=166.95160416667 | time=8.0347222222222
[Sunday/April 26/04/2026 16:22:19] /home/yannik/Desktop/Schöne Welt/BOUNCE/#1_Schöne Welt_D25-M04-Y2026_93-BPM_48k-24b.wav | length=166.95160416667 | time=12.076388888889
[Sunday/April 26/04/2026 16:24:23] /home/yannik/Desktop/Schöne Welt/BOUNCE/#7_Schöne Welt_D26-M04-Y2026_93-BPM_48k-24b.wav | length=166.95160416667 | time=52.3125
[Sunday/April 26/04/2026 16:24:47] /home/yannik/Desktop/Schöne Welt/BOUNCE/#7_Schöne Welt_D26-M04-Y2026_93-BPM_48k-24b.wav | length=166.95160416667 | time=63.111111111111
[Sunday/April 26/04/2026 16:24:56] /home/yannik/Desktop/Schöne Welt/BOUNCE/#7_Schöne Welt_D26-M04-Y2026_93-BPM_48k-24b.wav | length=166.95160416667 | time=64.465277777778
[Sunday/April 26/04/2026 16:25:42] /home/yannik/Desktop/Schöne Welt/BOUNCE/#3_Schöne Welt_D25-M04-Y2026_93-BPM_48k-24b.wav | length=166.95160416667 | time=80.736111111111
[Sunday/April 26/04/2026 16:26:58] /home/yannik/Desktop/Alles Verloren_Stem_Mix&Master_24_44,1_WAV_24-04-2026.wav | length=33.671111111111 | time=1.2777777777778
[Sunday/April 26/04/2026 17:00:32] /home/yannik/Desktop/del/Euphoria (2019-2026) (Eng Dub)/1. S1 (2019)/6. Euphoria - S01E06 - The Next Episode.mkv | length=3127.156 | time=2310.975
[Sunday/April 26/04/2026 17:32:59] /home/yannik/Desktop/del/Euphoria (2019-2026) (Eng Dub)/1. S1 (2019)/6. Euphoria - S01E06 - The Next Episode.mkv | length=3127.156 | time=2979.727
[Sunday/April 26/04/2026 17:44:39] /home/yannik/Desktop/del/Euphoria (2019-2026) (Eng Dub)/1. S1 (2019)/6. Euphoria - S01E06 - The Next Episode.mkv | length=3127.156 | time=2980.185
[Sunday/April 26/04/2026 18:20:32] /home/yannik/Desktop/del/Euphoria (2019-2026) (Eng Dub)/1. S1 (2019)/7. Euphoria - S01E07 - The Trials and Tribulations of Trying to Pee While Depressed.mkv | length=3701.748 | time=1149.94
[Sunday/April 26/04/2026 20:04:29] /home/yannik/Desktop/Schöne Welt/BEAT/CASCADE-Mac-Miller--J-Cole--Boom-Bap/Cascade (93 BPM F Min - Boom Bap) Stems/Cascade_Bass.wav | length=166.45160416667 | time=0.95138888888889
[Sunday/April 26/04/2026 22:56:14] /home/yannik/Desktop/del/Euphoria (2019-2026) (Eng Dub)/1. S1 (2019)/7. Euphoria - S01E07 - The Trials and Tribulations of Trying to Pee While Depressed.mkv | length=3701.748 | time=3534.823
[Sunday/April 26/04/2026 23:21:21] /home/yannik/Desktop/del/Euphoria (2019-2026) (Eng Dub)/1. S1 (2019)/8. Euphoria - S01E08 - And Salt the Earth Behind You.mkv | length=3969.994 | time=1.418
[Sunday/April 26/04/2026 23:22:11] /home/yannik/Desktop/del/Euphoria (2019-2026) (Eng Dub)/1. S1 (2019)/7. Euphoria - S01E07 - The Trials and Tribulations of Trying to Pee While Depressed.mkv | length=3701.748 | time=3539.87
[Sunday/April 26/04/2026 23:22:11] /home/yannik/Desktop/del/Euphoria (2019-2026) (Eng Dub)/1. S1 (2019)/8. Euphoria - S01E08 - And Salt the Earth Behind You.mkv | length=3969.994 | time=0
[Monday/April 27/04/2026 00:29:00] /home/yannik/Desktop/STUDENTISCHE HILFSKRAFT/PODCAST/Ep. 14 - Fachschaft mit Frederik (25.03.26)/Podcast Episode 14/BOUNCE/#0_ENDE-EXTRA-FOOTAGE_Podcast Episode 14_D26-M04-Y2026_90-BPM_48k-24b.wav | length=143.846125 | time=133.51388888889
[Monday/April 27/04/2026 16:25:51] /home/yannik/Desktop/del/Euphoria (2019-2026) (Eng Dub)/1. S1 (2019)/8. Euphoria - S01E08 - And Salt the Earth Behind You.mkv | length=3969.994 | time=3857.812
[Monday/April 27/04/2026 16:25:52] /home/yannik/Desktop/del/Euphoria (2019-2026) (Eng Dub)/1. S1 (2019)/1. Euphoria - S01E01 - Pilot.mkv | length=3233.268 | time=0.751
[Monday/April 27/04/2026 17:41:22] /home/yannik/Desktop/del/Euphoria (2019-2026) (Eng Dub)/3. S2 (2022)/1. Euphoria - S02E01 - Trying to Get to Heaven Before They Close the Door.mkv | length=3675.172 | time=3586.416
[Monday/April 27/04/2026 22:13:40] /home/yannik/Videos/OBS/2026-04-27 22-12-44.mp4 | length=27.983333333333 | time=15.166666666667
[Monday/April 27/04/2026 22:15:04] /home/yannik/Videos/OBS/2026-04-27 22-14-31.mp4 | length=23.637 | time=16.8
[Monday/April 27/04/2026 22:22:41] /home/yannik/Desktop/del/Euphoria (2019-2026) (Eng Dub)/3. S2 (2022)/2. Euphoria - S02E02 - Out of Touch.mkv | length=3424.922 | time=3338.544
[Monday/April 27/04/2026 23:53:50] /home/yannik/Downloads/Video.mp4 | length=76.598333333333 | time=76.601179138319
[Tuesday/April 28/04/2026 01:15:31] /home/yannik/Desktop/Alles Verloren_Stem_Mix&Master_24_44,1_WAV_24-04-2026.wav | length=33.671111111111 | time=33.666666666667
[Tuesday/April 28/04/2026 01:32:18] /mnt/Data/OUT$IDERZ/SONGS/Projects/2025/08-25/Alles verloren aka In Retrospektive/BEAT/Steven Moses x EKKSTACY Type Beat _Agony_.wav | length=171.07302083333 | time=133.15972222222
[Tuesday/April 28/04/2026 02:37:50] /home/yannik/Desktop/del/Euphoria (2019-2026) (Eng Dub)/3. S2 (2022)/3. Euphoria - S02E03 - Ruminations - Big and Little Bullys.mkv | length=3602.099 | time=11.428
[Tuesday/April 28/04/2026 13:21:01] /home/yannik/Desktop/del/Euphoria (2019-2026) (Eng Dub)/3. S2 (2022)/4. Euphoria - S02E04 - You Who Cannot See, Think of Those Who Can.mkv | length=3718.382 | time=1634.174
[Tuesday/April 28/04/2026 13:21:04] /home/yannik/Desktop/del/Euphoria (2019-2026) (Eng Dub)/3. S2 (2022)/2. Euphoria - S02E02 - Out of Touch.mkv | length=3424.922 | time=3323.32
[Tuesday/April 28/04/2026 13:21:05] /home/yannik/Desktop/del/Euphoria (2019-2026) (Eng Dub)/3. S2 (2022)/3. Euphoria - S02E03 - Ruminations - Big and Little Bullys.mkv | length=3602.099 | time=3470.509
[Tuesday/April 28/04/2026 14:20:02] /home/yannik/Desktop/del/Euphoria (2019-2026) (Eng Dub)/3. S2 (2022)/4. Euphoria - S02E04 - You Who Cannot See, Think of Those Who Can.mkv | length=3718.382 | time=3657.362
[Tuesday/April 28/04/2026 16:09:17] /home/yannik/Desktop/del/Euphoria (2019-2026) (Eng Dub)/3. S2 (2022)/5. Euphoria - S02E05 - Stand Still Like the Hummingbird.mkv | length=3241.238 | time=2683.598
[Tuesday/April 28/04/2026 16:40:00] /home/yannik/Desktop/del/Euphoria (2019-2026) (Eng Dub)/3. S2 (2022)/5. Euphoria - S02E05 - Stand Still Like the Hummingbird.mkv | length=3241.238 | time=3152.107
[Tuesday/April 28/04/2026 17:34:47] /home/yannik/Downloads/Penspinning Tutorials/1 - Penspinning Tutorial für Anfänger - THUMBAROUND [Linkshänder _ Rechtshänder][Deutsch].mp4 | length=313.05142857143 | time=4.12
[Tuesday/April 28/04/2026 17:34:53] /home/yannik/Downloads/Penspinning Tutorials/7 - Penspinning Tutorial [German][#6] - ThumbAround Reverse!.mp4 | length=307.59473922902 | time=3.28
[Tuesday/April 28/04/2026 17:37:58] /run/user/1000/doc/ffc2ef32/WWin liga BiH (6. kolo)_ Borac - Široki Brijeg 5_1.mp4 | length=874.021 | time=874.021
[Tuesday/April 28/04/2026 17:52:13] /home/yannik/Desktop/del/Euphoria (2019-2026) (Eng Dub)/3. S2 (2022)/6. Euphoria - S02E06 - A Thousand Little Trees of Blood.mkv | length=3603.6 | time=2492.532
[Tuesday/April 28/04/2026 18:57:02] /home/yannik/Desktop/del/Euphoria (2019-2026) (Eng Dub)/3. S2 (2022)/6. Euphoria - S02E06 - A Thousand Little Trees of Blood.mkv | length=3603.6 | time=3517.264
[Tuesday/April 28/04/2026 21:34:45] /home/yannik/Desktop/del/Euphoria (2019-2026) (Eng Dub)/3. S2 (2022)/7. Euphoria - S02E07 - The Theater and Its Double.mkv | length=3522.519 | time=2517.014
[Tuesday/April 28/04/2026 21:34:46] /home/yannik/Desktop/del/Euphoria (2019-2026) (Eng Dub)/3. S2 (2022)/6. Euphoria - S02E06 - A Thousand Little Trees of Blood.mkv | length=3603.6 | time=0.25
[Tuesday/April 28/04/2026 21:34:46] /home/yannik/Desktop/del/Euphoria (2019-2026) (Eng Dub)/3. S2 (2022)/5. Euphoria - S02E05 - Stand Still Like the Hummingbird.mkv | length=3241.238 | time=3151.457
[Tuesday/April 28/04/2026 21:34:46] /home/yannik/Desktop/del/Euphoria (2019-2026) (Eng Dub)/3. S2 (2022)/4. Euphoria - S02E04 - You Who Cannot See, Think of Those Who Can.mkv | length=3718.382 | time=0.042
[Tuesday/April 28/04/2026 21:34:46] /home/yannik/Desktop/del/Euphoria (2019-2026) (Eng Dub)/3. S2 (2022)/3. Euphoria - S02E03 - Ruminations - Big and Little Bullys.mkv | length=3602.099 | time=3469.859
[Tuesday/April 28/04/2026 21:34:48] /home/yannik/Desktop/del/Euphoria (2019-2026) (Eng Dub)/3. S2 (2022)/2. Euphoria - S02E02 - Out of Touch.mkv | length=3424.922 | time=3322.319
[Tuesday/April 28/04/2026 22:19:04] /home/yannik/Desktop/del/Euphoria (2019-2026) (Eng Dub)/3. S2 (2022)/7. Euphoria - S02E07 - The Theater and Its Double.mkv | length=3522.519 | time=3435.599
[Wednesday/April 29/04/2026 01:28:19] /mnt/Data/OUT$IDERZ/SONGS/Projects/2026/04-26/Welt schöner aka Schöne Welt/MASTER/BOUNCE/#M11_Welt schöner_MASTER_D29-M04-Y2026_93-BPM_48k-24b.wav | length=163.84535416667 | time=89.381944444444
[Wednesday/April 29/04/2026 01:28:36] /mnt/Data/OUT$IDERZ/SONGS/Projects/2026/04-26/Welt schöner aka Schöne Welt/MASTER/BOUNCE/#M11_Welt schöner_MASTER_D29-M04-Y2026_93-BPM_48k-24b.wav | length=163.84535416667 | time=147.23611111111
[Wednesday/April 29/04/2026 01:30:29] /mnt/Data/OUT$IDERZ/SONGS/Projects/2026/04-26/Welt schöner aka Schöne Welt/MASTER/BOUNCE/#M11_Welt schöner_MASTER_D29-M04-Y2026_93-BPM_48k-24b.wav | length=163.84535416667 | time=153.88888888889
[Wednesday/April 29/04/2026 01:30:31] /home/yannik/Desktop/del/Euphoria (2019-2026) (Eng Dub)/3. S2 (2022)/8. Euphoria - S02E08 - All My Life, My Heart Has Yearned for a Thing I Cannot Name.mkv | length=3705.035 | time=1.084
[Wednesday/April 29/04/2026 01:30:44] /home/yannik/Desktop/del/Euphoria (2019-2026) (Eng Dub)/3. S2 (2022)/7. Euphoria - S02E07 - The Theater and Its Double.mkv | length=3522.519 | time=3363.068
[Wednesday/April 29/04/2026 15:12:36] /home/yannik/Desktop/del/Euphoria (2019-2026) (Eng Dub)/3. S2 (2022)/8. Euphoria - S02E08 - All My Life, My Heart Has Yearned for a Thing I Cannot Name.mkv | length=3705.035 | time=3675.38
[Wednesday/April 29/04/2026 15:12:46] /home/yannik/Desktop/del/Euphoria (2019-2026) (Eng Dub)/3. S2 (2022)/1. Euphoria - S02E01 - Trying to Get to Heaven Before They Close the Door.mkv | length=3675.172 | time=8.967
[Wednesday/April 29/04/2026 16:34:47] /home/yannik/Desktop/del/Euphoria (2019-2026) (Eng Dub)/4. S3 (2026)/Euphoria.US.S03E01.Andale.1080p.WEB-DL.x265.6CH-Pahe.in.mkv | length=3712.979 | time=3708.413
[Wednesday/April 29/04/2026 16:34:50] /home/yannik/Desktop/del/Euphoria (2019-2026) (Eng Dub)/4. S3 (2026)/Euphoria.US.S03E02.America.My.Dream.1080p.WEB-DL.x265.6CH-Pahe.in.mkv | length=3559.592 | time=2.794
[Wednesday/April 29/04/2026 16:34:55] /home/yannik/Desktop/del/Euphoria (2019-2026) (Eng Dub)/4. S3 (2026)/Euphoria.US.S03E01.Andale.1080p.WEB-DL.x265.6CH-Pahe.in.mkv | length=3712.979 | time=0.751
[Wednesday/April 29/04/2026 19:12:08] /home/yannik/Desktop/del/Euphoria (2019-2026) (Eng Dub)/4. S3 (2026)/Euphoria.US.S03E02.America.My.Dream.1080p.WEB-DL.x265.6CH-Pahe.in.mkv | length=3559.592 | time=3441.563
[Wednesday/April 29/04/2026 22:38:07] /home/yannik/Downloads/Euphoria.US.S03E03.The.Ballad.of.Paladin.1080p.WEB-DL.x265.6CH-Pahe.in.mkv | length=3559.678 | time=3442.981
[Wednesday/April 29/04/2026 22:38:49] /home/yannik/Desktop/del/Euphoria (2019-2026) (Eng Dub)/2. Specials (2020-2021)/1. Euphoria - Special 1 - Trouble Don't Last Always (Part 1 - Rue).mkv | length=3427.708 | time=0
[Thursday/April 30/04/2026 00:40:52] /home/yannik/Downloads/React Tutorial for Beginners.mp4 | length=4803.883537415 | time=6.216
[Thursday/April 30/04/2026 00:41:06] /home/yannik/Downloads/Next.js Tutorial 2026 - Start Your Next.js Journey Here.mp4 | length=3361.2741950113 | time=84.599333333333
[Thursday/April 30/04/2026 00:41:11] /home/yannik/Downloads/Next js Tutorial for Beginners _ Nextjs 13 (App Router) with TypeScript.mp4 | length=3774.8215873016 | time=3.4993333333333
[Thursday/April 30/04/2026 00:41:57] /run/user/1000/doc/ba353939/6 - AI Eye Contact & Background Magic with Nvidia Broadcast!.mp4 | length=733.001 | time=5.383
[Friday/May 01/05/2026 00:54:34] /home/yannik/Downloads/5 Tipps für bessere Vocal-Recordings im Homestudio.mp4 | length=201.94394557823 | time=0.84
[Friday/May 01/05/2026 14:48:10] /home/yannik/Desktop/del/Euphoria (2019-2026) (Eng Dub)/2. Specials (2020-2021)/1. Euphoria - Special 1 - Trouble Don't Last Always (Part 1 - Rue).mkv | length=3427.708 | time=3346.677
[Saturday/May 02/05/2026 17:33:14] /home/yannik/Desktop/del/Euphoria (2019-2026) (Eng Dub)/2. Specials (2020-2021)/2. Euphoria - Special 2 - Fuck Everyone Who's Not a Sea Blob (Part 2 - Jules).mkv | length=2976.884 | time=3.795
[Saturday/May 02/05/2026 22:40:44] /home/yannik/Desktop/del/Euphoria (2019-2026) (Eng Dub)/2. Specials (2020-2021)/2. Euphoria - Special 2 - Fuck Everyone Who's Not a Sea Blob (Part 2 - Jules).mkv | length=2976.884 | time=0
[Saturday/May 02/05/2026 23:34:24] /mnt/Data/OUT$IDERZ/SONGS/Projects/2026/03-26/Southside/BOUNCE/MARIUS/Southside_D02-M05-Y2026_73-BPM_48k-24b-006.wav | length=213.55479166667 | time=205.78472222222
[Saturday/May 02/05/2026 23:35:06] /mnt/Data/OUT$IDERZ/SONGS/Projects/2026/03-26/Southside/BOUNCE/MARIUS/VOX_Adlibs_Southside_D02-M05-Y2026_73-BPM_48k-24b.wav | length=213.55479166667 | time=1.3472222222222
[Saturday/May 02/05/2026 23:35:13] /mnt/Data/OUT$IDERZ/SONGS/Projects/2026/03-26/Southside/BOUNCE/MARIUS/SP_NY-COMP_Southside_D02-M05-Y2026_73-BPM_48k-24b.wav | length=213.55479166667 | time=179.27777777778
[Saturday/May 02/05/2026 23:35:56] /mnt/Data/OUT$IDERZ/SONGS/Projects/2026/03-26/Southside/BOUNCE/MARIUS/#_VOX-BUS_Southside_D02-M05-Y2026_73-BPM_48k-24b.wav | length=213.55479166667 | time=138.29166666667
[Saturday/May 02/05/2026 23:39:04] /home/yannik/Desktop/COZY - SOUTHSIDE/REFERENCE MIX/#M5_Southside_MASTER_D02-M05-Y2026_73-BPM_48k-24b.wav | length=214.15897916667 | time=139.29861111111
[Saturday/May 02/05/2026 23:43:03] /home/yannik/Desktop/COZY - SOUTHSIDE/BOUNCE/SP_DELAY_Southside_D02-M05-Y2026_73-BPM_48k-24b.wav | length=213.55479166667 | time=99.861111111111
[Saturday/May 02/05/2026 23:43:18] /home/yannik/Desktop/COZY - SOUTHSIDE/BOUNCE/SP_NY-COMP_Southside_D02-M05-Y2026_73-BPM_48k-24b.wav | length=213.55479166667 | time=153.53472222222
[Saturday/May 02/05/2026 23:43:27] /home/yannik/Desktop/COZY - SOUTHSIDE/BOUNCE/SP_VERB_Southside_D02-M05-Y2026_73-BPM_48k-24b.wav | length=213.55479166667 | time=143.14583333333
[Saturday/May 02/05/2026 23:43:36] /home/yannik/Desktop/COZY - SOUTHSIDE/BOUNCE/VOX_Bridge_Southside_D02-M05-Y2026_73-BPM_48k-24b.wav | length=213.55479166667 | time=45.277777777778
[Saturday/May 02/05/2026 23:43:57] /home/yannik/Desktop/COZY - SOUTHSIDE/BOUNCE/VOX_Intro + Outro_Southside_D02-M05-Y2026_73-BPM_48k-24b.wav | length=213.55479166667 | time=206.36111111111
[Saturday/May 02/05/2026 23:44:05] /home/yannik/Desktop/COZY - SOUTHSIDE/BOUNCE/VOX_MAIN-VERSE_Southside_D02-M05-Y2026_73-BPM_48k-24b.wav | length=213.55479166667 | time=132.69444444444
[Saturday/May 02/05/2026 23:44:15] /home/yannik/Desktop/COZY - SOUTHSIDE/BOUNCE/SP_NY-COMP_Southside_D02-M05-Y2026_73-BPM_48k-24b.wav | length=213.55479166667 | time=94.520833333333
[Saturday/May 02/05/2026 23:45:17] /home/yannik/Desktop/COZY - SOUTHSIDE/BOUNCE/SP_NY-COMP_Southside_D02-M05-Y2026_73-BPM_48k-24b.wav | length=213.55479166667 | time=98.541666666667
[Saturday/May 02/05/2026 23:45:30] /home/yannik/Desktop/COZY - SOUTHSIDE/BOUNCE/SP_VERB_Southside_D02-M05-Y2026_73-BPM_48k-24b.wav | length=213.55479166667 | time=82.194444444444
[Saturday/May 02/05/2026 23:45:51] /home/yannik/Desktop/COZY - SOUTHSIDE/BOUNCE/VOX_LAYER_Southside_D02-M05-Y2026_73-BPM_48k-24b.wav | length=213.55479166667 | time=135.56944444444
[Saturday/May 02/05/2026 23:46:23] /home/yannik/Desktop/COZY - SOUTHSIDE/BOUNCE/SP_DELAY_Southside_D02-M05-Y2026_73-BPM_48k-24b.wav | length=213.55479166667 | time=116.39583333333
[Saturday/May 02/05/2026 23:51:10] /home/yannik/Desktop/COZY - SOUTHSIDE/BOUNCE/VOX_MAIN-VERSEhall_Southside_D02-M05-Y2026_73-BPM_48k-24b.wav | length=213.55479166667 | time=86.541666666667
[Saturday/May 02/05/2026 23:52:39] /home/yannik/Desktop/COZY - SOUTHSIDE/BOUNCE/VOX_MAIN-VERSE_Southside_D02-M05-Y2026_73-BPM_48k-24b.wav | length=213.55479166667 | time=174.18055555556
[Saturday/May 02/05/2026 23:52:45] /home/yannik/Desktop/COZY - SOUTHSIDE/BOUNCE/Cant-Complain--Mac-Miller-type-beat_Southside_D02-M05-Y2026_73-BPM_48k-24b.wav | length=213.55479166667 | time=145.40277777778
[Saturday/May 02/05/2026 23:52:57] /home/yannik/Desktop/COZY - SOUTHSIDE/BOUNCE/SP_DELAY_Southside_D02-M05-Y2026_73-BPM_48k-24b.wav | length=213.55479166667 | time=126.29861111111
[Saturday/May 02/05/2026 23:53:03] /home/yannik/Desktop/COZY - SOUTHSIDE/BOUNCE/VOX_Ende Layer_Southside_D02-M05-Y2026_73-BPM_48k-24b.wav | length=213.55479166667 | time=168.09722222222
[Saturday/May 02/05/2026 23:54:03] /home/yannik/Desktop/COZY - SOUTHSIDE/BOUNCE/#_VOX-BUS_Southside_D02-M05-Y2026_73-BPM_48k-24b.wav | length=213.55479166667 | time=83.305555555556
[Saturday/May 02/05/2026 23:54:16] /home/yannik/Desktop/COZY - SOUTHSIDE/REFERENCE MIX/#M5_Southside_MASTER_D02-M05-Y2026_73-BPM_48k-24b.wav | length=214.15897916667 | time=2.4930555555556
[Sunday/May 03/05/2026 00:07:14] /home/yannik/Desktop/COZY - SOUTHSIDE/BOUNCE/#_VOX-BUS_Southside_D02-M05-Y2026_73-BPM_48k-24b.wav | length=213.55479166667 | time=186.86111111111
[Sunday/May 03/05/2026 00:07:38] /home/yannik/Desktop/COZY - SOUTHSIDE/BOUNCE/VOX_MAIN-VERSE_Southside_D02-M05-Y2026_73-BPM_48k-24b.wav | length=213.55479166667 | time=190.43055555556
[Sunday/May 03/05/2026 00:07:57] /home/yannik/Desktop/COZY - SOUTHSIDE/REFERENCE MIX/#M5_Southside_MASTER_D02-M05-Y2026_73-BPM_48k-24b.wav | length=214.15897916667 | time=168.70138888889
[Sunday/May 03/05/2026 06:54:01] /home/yannik/Downloads/Laute Masters_ Limiter & LUFS.mp4 | length=1710.2193197279 | time=5.68
[Sunday/May 03/05/2026 22:48:53] /run/user/1000/doc/ab17ddab/One.Piece.Die.Koenige.des.Fussballs.2002.German.DL.DTS.1080p.BluRay.x264-ABJ.mkv | length=330.422 | time=58.934
[Monday/May 04/05/2026 01:14:18] /mnt/Data/OUT$IDERZ/SONGS/Projects/2025/08-25/Alles verloren aka In Retrospektive/MASTER/BOUNCE/#M12_Alles verloren_MASTER_D04-M05-Y2026_80-BPM_48k-24b.wav | length=170.63429166667 | time=162.77083333333
[Monday/May 04/05/2026 23:18:47] /home/yannik/Desktop/Alles Verloren_Stem_Mix&Master_24_44,1_WAV_24-04-2026.wav | length=33.671111111111 | time=27.833333333333
[Monday/May 04/05/2026 23:21:48] /mnt/Data/OUT$IDERZ/SONGS/Projects/2025/08-25/Alles verloren aka In Retrospektive/MASTER/BOUNCE/#M13_Alles verloren_MASTER_D04-M05-Y2026_80-BPM_48k-24b.wav | length=170.44470833333 | time=170.44470833333
[Monday/May 04/05/2026 23:44:50] /home/yannik/Desktop/STUDENTISCHE HILFSKRAFT/PODCAST/Ep. 14 - Fachschaft mit Frederik (25.03.26)/Podcast Episode 14/BOUNCE/#1_Podcast Episode 14_D27-M04-Y2026_90-BPM_48k-24b.wav | length=2337.4426875 | time=281.29861111111
[Monday/May 04/05/2026 23:45:41] /home/yannik/Desktop/STUDENTISCHE HILFSKRAFT/PODCAST/Ep. 14 - Fachschaft mit Frederik (25.03.26)/Podcast Episode 14/BOUNCE/#1_Podcast Episode 14_D27-M04-Y2026_90-BPM_48k-24b.wav | length=2337.4426875 | time=0
[Tuesday/May 05/05/2026 00:00:30] /home/yannik/Downloads/This Is What Winning Looks Like (Full Length).mp4 | length=5350.4812698413 | time=3565.16
[Tuesday/May 05/05/2026 00:11:21] /home/yannik/Desktop/Tschernobyl/Tschernobyl.Chronik.einer.Katastrophe.S01E01.GERMAN.DL.DOKU.1080p.WEB.H264-SYNERGiE.mkv | length=2660.864 | time=877.64
[Tuesday/May 05/05/2026 00:15:49] /home/yannik/Desktop/s/The.Perfect.Date.2019.German.DL.1080p.WEBRiP.x264-muhHD/muhhd-perfectdate2019-1080p.mkv | length=5444 | time=3189.853
[Tuesday/May 05/05/2026 00:18:55] /run/user/1000/doc/e4daaa04/rudolf.der.schwarze.kater.2016.german.1080p.bluray.x264-universum.mkv | length=5320.246 | time=2.503
[Tuesday/May 05/05/2026 01:34:20] /home/yannik/Desktop/STUDENTISCHE HILFSKRAFT/PODCAST/Ep. 14 - Fachschaft mit Frederik (25.03.26)/Podcast Episode 14/BOUNCE/#1_Podcast Episode 14_D27-M04-Y2026_90-BPM_48k-24b.wav | length=2337.4426875 | time=1000.4236111111
[Tuesday/May 05/05/2026 01:34:37] /home/yannik/Desktop/STUDENTISCHE HILFSKRAFT/PODCAST/Ep. 14 - Fachschaft mit Frederik (25.03.26)/Podcast Episode 14/BOUNCE/#2_Podcast Episode 14_D05-M05-Y2026_90-BPM_48k-24b.wav | length=1662.7404583333 | time=3.8680555555556
[Tuesday/May 05/05/2026 01:58:57] /home/yannik/Desktop/del/Euphoria (2019-2026) (Eng Dub)/2. Specials (2020-2021)/2. Euphoria - Special 2 - Fuck Everyone Who's Not a Sea Blob (Part 2 - Jules).mkv | length=2976.884 | time=2875.956
[Tuesday/May 05/05/2026 01:59:37] /run/user/1000/doc/d019b1c4/Euphoria.US.S03E03.The.Ballad.of.Paladin.1080p.WEB-DL.x265.6CH-Pahe.in.mkv | length=3559.678 | time=3439.728
[Tuesday/May 05/05/2026 01:59:37] /run/user/1000/doc/d019b1c4/Euphoria.US.S03E03.The.Ballad.of.Paladin.1080p.WEB-DL.x265.6CH-Pahe.in.mkv | length=3559.678 | time=0
[Tuesday/May 05/05/2026 01:59:47] /run/user/1000/doc/199a2f58/Euphoria.US.S03E04.Kitty.Likes.to.Dance.1080p.WEB-DLx265.6CH-Pahe.in.mkv | length=3670.867 | time=3.253
[Tuesday/May 05/05/2026 01:59:54] /run/user/1000/doc/199a2f58/Euphoria.US.S03E04.Kitty.Likes.to.Dance.1080p.WEB-DLx265.6CH-Pahe.in.mkv | length=3670.867 | time=0
[Tuesday/May 05/05/2026 03:18:36] /home/yannik/Desktop/STUDENTISCHE HILFSKRAFT/PODCAST/Ep. 14 - Fachschaft mit Frederik (25.03.26)/Podcast Episode 14/BOUNCE/#2_Podcast Episode 14_D05-M05-Y2026_90-BPM_48k-24b.wav | length=1662.7404583333 | time=73.326388888889
[Tuesday/May 05/05/2026 03:49:51] /run/user/1000/doc/199a2f58/Euphoria.US.S03E04.Kitty.Likes.to.Dance.1080p.WEB-DLx265.6CH-Pahe.in.mkv | length=3670.867 | time=3602.682
[Tuesday/May 05/05/2026 04:49:34] /run/user/1000/doc/8ecabf29/MTV True Life - I'm a Gamer.mp4 | length=2478.2449115782 | time=2478.2449115782
[Tuesday/May 05/05/2026 05:17:43] /home/yannik/Downloads/Werckmeister.Harmonies.2000.1080p.UHD.BluRay.x265.AAC1.0-Pahe.in.mkv | length=8799.168 | time=5797.125
[Tuesday/May 05/05/2026 07:07:57] /home/yannik/Downloads/Character Rigging in Blender _ Easy Setup for Beginners.mp4 | length=536.4041723356 | time=11.916
[Tuesday/May 05/05/2026 08:57:24] /home/yannik/Downloads/Character Rigging in Blender : Easy Setup for Beginners.mp4 | length=536.4041723356 | time=7.8826666666667
[Tuesday/May 05/05/2026 18:40:34] /home/yannik/Downloads/_Wir machen's kurz, ich hab keinen Führerschein!_ 🤷 Fahrer auch noch bekifft_ _ Achtung Kontrolle.mp4 | length=788.89795918367 | time=3.04
[Wednesday/May 06/05/2026 03:51:56] /mnt/Data/Music_Collection/Luis (5 Untagged)/luis_ind1go-21/STEPBROS (2021)/14. BOUNCE.mp3 | length=165.25 | time=0.92833596594331
[Wednesday/May 06/05/2026 11:40:49] /home/yannik/Downloads/Reaper 101 - How to use your DAW/4 - Reaper 101 Part 3_- Computer Performance.mp4 | length=1116.1367800454 | time=5.04
[Wednesday/May 06/05/2026 17:02:43] /home/yannik/Downloads/Ultimate Reaper Routing – Folders, Buses & Sends Explained.mp4 | length=1426.1696145125 | time=5.6826666666667
[Wednesday/May 06/05/2026 23:39:28] /mnt/Data/OUT$IDERZ/SONGS/Projects/2025/08-25/Alles verloren aka In Retrospektive/MASTER/BOUNCE/#M15_Alles verloren_MASTER_D06-M05-Y2026_80-BPM_48k-24b.wav | length=170.63429166667 | time=170.63429166667
[Thursday/May 07/05/2026 00:00:58] /mnt/Data/OUT$IDERZ/SONGS/Released Projects/OT$Z DI$COGRAPHY/Cozy/2026/8. OT$Z Cozy - Alles verloren (2026 Single)/#M15_Alles verloren_MASTER_D06-M05-Y2026_80-BPM_48k-24b.wav | length=170.63429166667 | time=30
[Thursday/May 07/05/2026 03:22:01] /home/yannik/Desktop/STUDENTISCHE HILFSKRAFT/PODCAST/Ep. 14 - Fachschaft mit Frederik & Clara (25.03.26)/Podcast Episode 14/BOUNCE/#2_Podcast Episode 14_D05-M05-Y2026_90-BPM_48k-24b.wav | length=1662.7404583333 | time=4.0555555555556
[Thursday/May 07/05/2026 03:22:07] /home/yannik/Desktop/STUDENTISCHE HILFSKRAFT/PODCAST/Ep. 14 - Fachschaft mit Frederik & Clara (25.03.26)/Podcast Episode 14/BOUNCE/Podcast Episode 14_D07-M05-Y2026_90-BPM_48k-24b.wav | length=1643.0181458333 | time=5.1736111111111
[Thursday/May 07/05/2026 03:22:16] /home/yannik/Desktop/STUDENTISCHE HILFSKRAFT/PODCAST/Ep. 14 - Fachschaft mit Frederik & Clara (25.03.26)/Podcast Episode 14/BOUNCE/#2_Podcast Episode 14_D05-M05-Y2026_90-BPM_48k-24b.wav | length=1662.7404583333 | time=7.1180555555556
[Thursday/May 07/05/2026 05:26:10] /home/yannik/Desktop/STUDENTISCHE HILFSKRAFT/PODCAST/Ep. 14 - Fachschaft mit Frederik & Clara (25.03.26)/Podcast Episode 14/BOUNCE/#3_Podcast Episode 14_D07-M05-Y2026_90-BPM_48k-24b.wav | length=1643.0181458333 | time=3.1944444444444
[Thursday/May 07/05/2026 05:26:49] /home/yannik/Desktop/STUDENTISCHE HILFSKRAFT/PODCAST/Ep. 14 - Fachschaft mit Frederik & Clara (25.03.26)/Podcast Episode 14/BOUNCE/#4_Podcast Episode 14_D07-M05-Y2026_90-BPM_48k-24b.wav | length=1612.0633333333 | time=1571.4027777778
[Thursday/May 07/05/2026 05:26:53] /home/yannik/Desktop/STUDENTISCHE HILFSKRAFT/PODCAST/Ep. 14 - Fachschaft mit Frederik & Clara (25.03.26)/Podcast Episode 14/BOUNCE/#2_Podcast Episode 14_D05-M05-Y2026_90-BPM_48k-24b.wav | length=1662.7404583333 | time=3.8472222222222
[Thursday/May 07/05/2026 05:26:56] /home/yannik/Desktop/STUDENTISCHE HILFSKRAFT/PODCAST/Ep. 14 - Fachschaft mit Frederik & Clara (25.03.26)/Podcast Episode 14/BOUNCE/#4_Podcast Episode 14_D07-M05-Y2026_90-BPM_48k-24b.wav | length=1612.0633333333 | time=372.75694444444
[Thursday/May 07/05/2026 06:53:26] /home/yannik/Desktop/STUDENTISCHE HILFSKRAFT/PODCAST/Ep. 14 - Fachschaft mit Frederik & Clara (25.03.26)/Podcast Episode 14/BOUNCE/#4_Podcast Episode 14_D07-M05-Y2026_90-BPM_48k-24b.wav | length=1612.0633333333 | time=894.75
[Thursday/May 07/05/2026 16:23:00] /home/yannik/Desktop/Praktische Abschlussaufgabe/Praktische Abschlussaufgabe - Band Editing/FOOTAGE/Guitar_2.wav | length=20.25975 | time=20.25975
[Thursday/May 07/05/2026 20:17:21] /home/yannik/Desktop/BLENDER/SOUNDS/LOSE/WIN --- 412427__florianreichelt__fail-sound-effect-accoustic-guitar.wav | length=8.8806666666667 | time=4.2013888888889
[Thursday/May 07/05/2026 20:18:24] /home/yannik/Desktop/BLENDER/SOUNDS/WIN/WIN --- 337049__shinephoenixstormcrow__320655__rhodesmas__level-up-01.mp3 | length=1.1 | time=1.1
[Thursday/May 07/05/2026 20:18:30] /home/yannik/Desktop/BLENDER/SOUNDS/OTHER/BONUS --- 833037__zeltbolt__battle_win.wav | length=2.9589166666667 | time=2.9589166666667
[Thursday/May 07/05/2026 20:18:40] /home/yannik/Desktop/BLENDER/SOUNDS/LOSE/LOSE --- 412427__florianreichelt__fail-sound-effect-accoustic-guitar.wav | length=8.8806666666667 | time=4.0694444444444
[Thursday/May 07/05/2026 20:21:25] /home/yannik/Desktop/BLENDER/SOUNDS/WIN/274182__littlerobotsoundfactory__jingle_win_synth_05.wav | length=2.6664166666667 | time=0.625
[Thursday/May 07/05/2026 20:23:02] /home/yannik/Desktop/BLENDER/SOUNDS/LOSE/LOSE --- 412427__florianreichelt__fail-sound-effect-accoustic-guitar.wav | length=8.8806666666667 | time=6.0208333333333
[Thursday/May 07/05/2026 20:25:34] /home/yannik/Desktop/BLENDER/TOUCHDESIGNER SOUND FX/WIN/607407__colorscrimsontears__fanfare-3-rpg.wav | length=5.5786666666667 | time=0.67361111111111
[Thursday/May 07/05/2026 20:25:44] /home/yannik/Desktop/BLENDER/TOUCHDESIGNER SOUND FX/OTHER/BONUS --- 833037__zeltbolt__battle_win.wav | length=2.9589166666667 | time=1.6388888888889
[Thursday/May 07/05/2026 20:25:47] /home/yannik/Desktop/BLENDER/TOUCHDESIGNER SOUND FX/OTHER/BONUS --- 789040__mediasaur__login_jingle.wav | length=3.4285714285714 | time=2.2361111111111
[Thursday/May 07/05/2026 20:25:49] /home/yannik/Desktop/BLENDER/TOUCHDESIGNER SOUND FX/OTHER/BONUS --- 841520__imp_sounds__waving-a-tube.mp3 | length=1.599 | time=0.90277777777778
[Thursday/May 07/05/2026 20:25:52] /home/yannik/Desktop/BLENDER/TOUCHDESIGNER SOUND FX/LOSE/LOSE --- 76376__deleted_user_877451__game_over.wav | length=1.5673469387755 | time=0.79861111111111
[Thursday/May 07/05/2026 20:25:56] /home/yannik/Desktop/BLENDER/TOUCHDESIGNER SOUND FX/LOSE/LOSE --- 412427__florianreichelt__fail-sound-effect-accoustic-guitar.wav | length=8.8806666666667 | time=2.5486111111111
[Thursday/May 07/05/2026 23:44:28] /home/yannik/Downloads/DIESE PLUGINS brauchst du als Musikproduzent _ Vincent Lee.mp4 | length=524.02793650794 | time=15.473791666667
[Thursday/May 07/05/2026 23:50:11] /home/yannik/Downloads/DIESE PLUGINS brauchst du als Musikproduzent _ Vincent Lee.mp4 | length=524.034 | time=18.143
[Saturday/May 09/05/2026 02:56:56] /home/yannik/Desktop/Praktische Abschlussaufgabe/Praktische Abschlussaufgabe - Band Editing/BOUNCE/Drums_Praktische Abschlussaufgabe - Band Editing - Yannik Riekert_D09-M05-Y2026_154-BPM_48k-24b.wav | length=19.277145833333 | time=2.7569444444444
[Saturday/May 09/05/2026 02:57:53] /home/yannik/Desktop/Praktische Abschlussaufgabe/Praktische Abschlussaufgabe - Band Editing/BOUNCE/Drums_Praktische Abschlussaufgabe - Band Editing - Yannik Riekert_D09-M05-Y2026_154-BPM_48k-24b.wav | length=19.277145833333 | time=4.5416666666667
[Saturday/May 09/05/2026 02:59:28] /home/yannik/Desktop/Praktische Abschlussaufgabe/Praktische Abschlussaufgabe - Band Editing/BOUNCE/Bass_Guitar_Praktische Abschlussaufgabe - Band Editing - Yannik Riekert_D09-M05-Y2026_154-BPM_48k-24b.wav | length=19.277145833333 | time=18.979166666667
[Saturday/May 09/05/2026 02:59:52] /home/yannik/Desktop/Praktische Abschlussaufgabe/Praktische Abschlussaufgabe - Band Editing/BOUNCE/Guitars_Praktische Abschlussaufgabe - Band Editing - Yannik Riekert_D09-M05-Y2026_154-BPM_48k-24b.wav | length=19.277145833333 | time=1.1805555555556
[Saturday/May 09/05/2026 03:00:42] /home/yannik/Desktop/Praktische Abschlussaufgabe/Praktische Abschlussaufgabe - Band Editing/BOUNCE/Guitars_Praktische Abschlussaufgabe - Band Editing - Yannik Riekert_D09-M05-Y2026_154-BPM_48k-24b.wav | length=19.277145833333 | time=18.8125
[Saturday/May 09/05/2026 03:03:04] /home/yannik/Desktop/Praktische Abschlussaufgabe/Praktische Abschlussaufgabe - Band Editing/BOUNCE/Guitars_Praktische Abschlussaufgabe - Band Editing - Yannik Riekert_D09-M05-Y2026_154-BPM_48k-24b.wav | length=19.277145833333 | time=19.277145833333
[Saturday/May 09/05/2026 03:08:44] /home/yannik/Desktop/Modul Schnitt & Editing 3 - Yannik Riekert - 05.26/Praktische Abschlussaufgabe - Band Editing/ABGABE/Guitars_Praktische Abschlussaufgabe - Band Editing - Yannik Riekert_D09-M05-Y2026_154-BPM_48k-24b.wav | length=19.277145833333 | time=1.4722222222222
[Saturday/May 09/05/2026 03:09:02] /home/yannik/Desktop/Modul Schnitt & Editing 3 - Yannik Riekert - 05.26/Praktische Abschlussaufgabe - Band Editing/ABGABE/Guitars_Praktische Abschlussaufgabe - Band Editing - Yannik Riekert_D09-M05-Y2026_154-BPM_48k-24b.wav | length=19.277145833333 | time=19.006944444444
[Saturday/May 09/05/2026 03:09:29] /home/yannik/Desktop/Modul Schnitt & Editing 3 - Yannik Riekert - 05.26/Praktische Abschlussaufgabe - Band Editing/OTHER/FULL/FULL_Praktische Abschlussaufgabe - Band Editing - Yannik Riekert_D09-M05-Y2026_154-BPM_48k-24b.wav | length=19.277145833333 | time=19.277145833333
[Saturday/May 09/05/2026 03:11:08] /home/yannik/Desktop/Modul Schnitt & Editing 3 - Yannik Riekert - 05.26/Praktische Abschlussaufgabe - Vocal Pitch Correction/OTHER/FULL/FULL_Praktische Abschlussaufgabe - Vocal Pitch Correction - Yannik Riekert_D09-M05-Y2026_90-BPM_44.1k-24b.wav | length=18.544081632653 | time=5.6875
[Saturday/May 09/05/2026 03:18:11] /home/yannik/Desktop/Praktische Abschlussaufgabe/Praktische Abschlussaufgabe - Vocal Pitch Correction/BOUNCE/Praktische Abschlussaufgabe - Vocal Pitch Correction - Yannik Riekert_D09-M05-Y2026_90-BPM_44.1k-24b.wav | length=18.544081632653 | time=18.541666666667
[Saturday/May 09/05/2026 03:18:14] /home/yannik/Desktop/Praktische Abschlussaufgabe/Praktische Abschlussaufgabe - Vocal Pitch Correction/BOUNCE/VOX-EDIT_The Mad Lady and Me_TuneMe_Praktische Abschlussaufgabe - Vocal Pitch Correction - Yannik Riekert_D09-M05-Y2026_90-BPM_44.1k-24b.wav | length=18.544081632653 | time=2.5486111111111
[Saturday/May 09/05/2026 03:18:42] /home/yannik/Desktop/Praktische Abschlussaufgabe/Praktische Abschlussaufgabe - Vocal Pitch Correction/BOUNCE/VOX-EDIT_The Mad Lady and Me_TuneMe_Praktische Abschlussaufgabe - Vocal Pitch Correction - Yannik Riekert_D09-M05-Y2026_90-BPM_44.1k-24b.wav | length=18.544081632653 | time=18.544081632653
[Saturday/May 09/05/2026 03:19:10] /home/yannik/Desktop/Modul Schnitt & Editing 3 - Yannik Riekert - 05.26/Praktische Abschlussaufgabe - Band Editing/ABGABE/Bass_Guitar_Praktische Abschlussaufgabe - Band Editing - Yannik Riekert_D09-M05-Y2026_154-BPM_48k-24b.wav | length=19.277145833333 | time=19.270833333333
[Saturday/May 09/05/2026 03:19:11] /home/yannik/Desktop/Modul Schnitt & Editing 3 - Yannik Riekert - 05.26/Praktische Abschlussaufgabe - Band Editing/ABGABE/Drums_Praktische Abschlussaufgabe - Band Editing - Yannik Riekert_D09-M05-Y2026_154-BPM_48k-24b.wav | length=19.277145833333 | time=19.270833333333
[Saturday/May 09/05/2026 03:19:35] /home/yannik/Desktop/Modul Schnitt & Editing 3 - Yannik Riekert - 05.26/Praktische Abschlussaufgabe - Band Editing/ABGABE/Guitars_Praktische Abschlussaufgabe - Band Editing - Yannik Riekert_D09-M05-Y2026_154-BPM_48k-24b.wav | length=19.277145833333 | time=17.604166666667
[Saturday/May 09/05/2026 03:19:57] /home/yannik/Desktop/Modul Schnitt & Editing 3 - Yannik Riekert - 05.26/Praktische Abschlussaufgabe - Band Editing/ABGABE/Drums_Praktische Abschlussaufgabe - Band Editing - Yannik Riekert_D09-M05-Y2026_154-BPM_48k-24b.wav | length=19.277145833333 | time=1.2916666666667
[Saturday/May 09/05/2026 03:20:27] /home/yannik/Desktop/Modul Schnitt & Editing 3 - Yannik Riekert - 05.26/Praktische Abschlussaufgabe - Band Editing/ABGABE/Bass_Guitar_Praktische Abschlussaufgabe - Band Editing - Yannik Riekert_D09-M05-Y2026_154-BPM_48k-24b.wav | length=19.277145833333 | time=0.9375
[Saturday/May 09/05/2026 03:21:03] /home/yannik/Desktop/Modul Schnitt & Editing 3 - Yannik Riekert - 05.26/Praktische Abschlussaufgabe - Vocal Pitch Correction/BOUNCE/VOX-EDIT_The Mad Lady and Me_TuneMe_Praktische Abschlussaufgabe - Vocal Pitch Correction - Yannik Riekert_D09-M05-Y2026_90-BPM_44.1k-24b.wav | length=18.544081632653 | time=18.458333333333
[Saturday/May 09/05/2026 03:21:37] /home/yannik/Desktop/Modul Schnitt & Editing 3 - Yannik Riekert - 05.26/Praktische Abschlussaufgabe - Vocal Pitch Correction/OTHER/FULL/FULL_Praktische Abschlussaufgabe - Vocal Pitch Correction - Yannik Riekert_D09-M05-Y2026_90-BPM_44.1k-24b.wav | length=18.544081632653 | time=18.544081632653
[Saturday/May 09/05/2026 15:03:33] /run/user/1000/doc/de1555e/Fight Club (1999) (Eng Dub).mkv | length=8348.632 | time=6.006
[Sunday/May 10/05/2026 15:46:25] /home/yannik/Downloads/Track Lanes & Comping in REAPER 7.mp4 | length=642.12462585034 | time=1.933
[Sunday/May 10/05/2026 15:56:43] /home/yannik/Downloads/Track Lanes - Advanced in REAPER.mp4 | length=1353.2821768707 | time=2.6663333333333
[Sunday/May 10/05/2026 16:01:58] /home/yannik/Downloads/Sample Level Editing in REAPER.mp4 | length=626.28861678005 | time=2.3663333333333
[Sunday/May 10/05/2026 19:21:36] /run/user/1000/doc/4c632519/1. Euphoria - S01E01 - Pilot.mkv | length=3233.268 | time=2590.087
[Sunday/May 10/05/2026 21:16:56] /run/user/1000/doc/9d335152/1 - Reaper 101 Part 0_- Why Reaper_.mp4 | length=646.30421768707 | time=419.36
[Sunday/May 10/05/2026 21:17:17] /run/user/1000/doc/398bf5d/Inkscape Beginner Tutorial_ Use Shapes To Draw Objects.mp4 | length=2591.184399093 | time=4.15
[Sunday/May 10/05/2026 21:17:22] /run/user/1000/doc/9ca842c5/Inkscape Beginner Tutorial - Simple Icon Drawings.mp4 | length=2417.1508390023 | time=3.166
[Monday/May 11/05/2026 00:39:09] /home/yannik/Desktop/STUDENTISCHE HILFSKRAFT/PODCAST/Ep. 19 - Forum (06.06.26)/FOOTAGE/riverside_ludwig,_mel, hochschule_studio_von hochschu.wav | length=87.166666666667 | time=6.0069444444444
[Monday/May 11/05/2026 00:44:58] /home/yannik/Desktop/STUDENTISCHE HILFSKRAFT/PODCAST/Ep. 19 - Forum (06.06.26)/FOOTAGE/Audio Files/SprecherIn 1#33.aif | length=2656.5902721088 | time=5.3819444444444
[Monday/May 11/05/2026 01:54:09] /home/yannik/Downloads/Mixing & Mastering Tipps/6 - Low End mono - Das machen Profis    #mixing #mastering #musikproduktion.mp4 | length=375.51310657596 | time=3.6
[Monday/May 11/05/2026 02:03:33] /mnt/Data/OUT$IDERZ/VISUALS/Videos (YT + Socials)/YT Videos/2026/09. Splitter zählen YT/EXP/#1_Splitter zählen_YT_D16-M04-Y26_4K-60FPS-libx264-FLAC.mp4 | length=153.888 | time=1.25
[Monday/May 11/05/2026 02:03:59] /mnt/Data/OUT$IDERZ/VISUALS/Videos (YT + Socials)/YT Videos/2026/09. Splitter zählen YT/EXP/#1_Splitter zählen_YT_D16-M04-Y26_4K-60FPS-libx264-FLAC.mp4 | length=153.888 | time=14.25
[Monday/May 11/05/2026 02:18:54] /mnt/Data/OUT$IDERZ/VISUALS/Videos (YT + Socials)/Vertical Videos/2026/09. Splitter zählen Vertical/EXP/#3_Splitter zählen_Vertical_D16-M04-Y26_4K-60FPS-FLAC.mp4 | length=18.144 | time=2.7833333333333
[Monday/May 11/05/2026 12:45:52] /home/yannik/Desktop/Praktische Abschlussaufgabe/Praktische Abschlussaufgabe - Band Editing/BOUNCE/Bass_Guitar_Praktische Abschlussaufgabe - Band Editing - Yannik Riekert_D09-M05-Y2026_154-BPM_48k-24b.wav | length=19.277145833333 | time=19.270833333333
[Monday/May 11/05/2026 12:45:54] /home/yannik/Desktop/Praktische Abschlussaufgabe/Praktische Abschlussaufgabe - Band Editing/BOUNCE/Drums_Praktische Abschlussaufgabe - Band Editing - Yannik Riekert_D09-M05-Y2026_154-BPM_48k-24b.wav | length=19.277145833333 | time=19.270833333333
[Monday/May 11/05/2026 12:46:01] /home/yannik/Desktop/Praktische Abschlussaufgabe/Praktische Abschlussaufgabe - Band Editing/BOUNCE/FULL_Praktische Abschlussaufgabe - Band Editing - Yannik Riekert_D09-M05-Y2026_154-BPM_48k-24b.wav | length=19.277145833333 | time=5.4583333333333
[Monday/May 11/05/2026 14:07:19] /home/yannik/Downloads/Richard David Precht bei Anne Will über Hartz4 und spätrömische Dekadenz der Gesellschaft.mp4 | length=317.4864399093 | time=128.56
[Monday/May 11/05/2026 14:09:47] /home/yannik/Downloads/Richard David Precht bei Anne Will über Hartz4 und spätrömische Dekadenz der Gesellschaft.mp4 | length=317.4864399093 | time=132.64
[Monday/May 11/05/2026 14:13:06] /home/yannik/Downloads/Richard David Precht bei Anne Will über Hartz4 und spätrömische Dekadenz der Gesellschaft.mp4 | length=317.4864399093 | time=317.44
[Monday/May 11/05/2026 14:13:11] /home/yannik/Downloads/SI - Ralph Boes bei Maischberger.jpg | length=0 | time=0
[Monday/May 11/05/2026 14:13:19] /home/yannik/Downloads/SI - Ralph Boes bei Maischberger.mp4 | length=1331.2 | time=5.2
[Monday/May 11/05/2026 14:22:25] /home/yannik/Downloads/Richard David Precht zu Hartz IV.mp4 | length=219.0570521542 | time=5.12
[Monday/May 11/05/2026 14:22:47] /home/yannik/Downloads/Hartz IV und die besseren Menschen  -  Richard David Precht bei Anne Will.mp4 | length=219.08027210884 | time=1.6
[Monday/May 11/05/2026 14:22:50] /home/yannik/Downloads/Richard David Precht zu Hartz IV.mp4 | length=219.0570521542 | time=2
[Monday/May 11/05/2026 16:17:01] /home/yannik/Desktop/Praktische Abschlussaufgabe/Praktische Abschlussaufgabe - Band Editing/FOOTAGE/Bass_Guitar.wav | length=20.25975 | time=12.013888888889
[Monday/May 11/05/2026 16:29:22] /home/yannik/Desktop/Praktische Abschlussaufgabe/Praktische Abschlussaufgabe - Band Editing/BOUNCE/Praktische Abschlussaufgabe - Band Editing - Yannik Riekert_D11-M05-Y2026_154-BPM_48k-24b.wav | length=19.161541666667 | time=19.161541666667
[Monday/May 11/05/2026 16:30:25] /home/yannik/Desktop/Praktische Abschlussaufgabe/Praktische Abschlussaufgabe - Band Editing/BOUNCE/Praktische Abschlussaufgabe - Band Editing - D11-M05-Y2026_154-BPM_48k-24b.wav | length=19.161541666667 | time=19.161541666667
[Monday/May 11/05/2026 17:12:44] /run/user/1000/doc/a26bf930/Euphoria.US.S03E04.Kitty.Likes.to.Dance.1080p.WEB-DLx265.6CH-Pahe.in.mkv | length=3670.867 | time=3551.548
[Monday/May 11/05/2026 17:12:46] /run/user/1000/doc/a26bf930/Euphoria.US.S03E04.Kitty.Likes.to.Dance.1080p.WEB-DLx265.6CH-Pahe.in.mkv | length=3670.867 | time=3552.507
[Monday/May 11/05/2026 18:43:57] /run/user/1000/doc/18fc840e/Euphoria.US.S03E05.This.Little.Piggy.1080p.WEB-DL.x265.6CH-Pahe.in.mkv | length=3637.971 | time=3596.468
[Monday/May 11/05/2026 22:59:46] /run/user/1000/doc/726ac02b/tv4a-tatortreiniger.s05e01-720p.mkv | length=1669.12 | time=73
[Monday/May 11/05/2026 22:59:54] /run/user/1000/doc/f10ad38e/tv4a-tatortreiniger.s05e01-1080p.mkv | length=1669.12 | time=51.16
[Tuesday/May 12/05/2026 20:56:09] /run/media/yannik/Y_BUP_3/Fotoalbum/GoPro August 2017/GOPR0052.MP4 | length=1045.4193666667 | time=391.14075
[Tuesday/May 12/05/2026 20:56:34] /run/media/yannik/Y_BUP_3/Fotoalbum/GoPro August 2017/GP010052.MP4 | length=1045.4193666667 | time=814.02154166667
[Tuesday/May 12/05/2026 20:56:47] /run/media/yannik/Y_BUP_3/Fotoalbum/Silvester 2024 bei Dani/VID_20250101_000157.mp4 | length=160 | time=33.966966666667
[Tuesday/May 12/05/2026 20:56:59] /run/media/yannik/Y_BUP_3/Fotoalbum/Silvester 2024 bei Dani/VID_20241231_235919.mp4 | length=155.008 | time=131.58452222222
[Tuesday/May 12/05/2026 20:57:44] /run/media/yannik/Y_BUP_3/Fotoalbum/Silvester 2024 bei Dani/VID_20241231_235919.mp4 | length=155.008 | time=36.247766666667
[Tuesday/May 12/05/2026 21:01:18] /run/media/yannik/Y_BUP_3/Handy/2016-2018_Samsung_Galaxy_S5_Mini/WhatsApp/Media/WhatsApp Voice Notes/201550/PTT-20151211-WA0000.aac | length=3.019596619898 | time=2.9257142857143
[Tuesday/May 12/05/2026 21:01:22] /run/media/yannik/Y_BUP_3/Handy/2016-2018_Samsung_Galaxy_S5_Mini/WhatsApp/Media/WhatsApp Voice Notes/201550/PTT-20151212-WA0001.aac | length=3.7294125566893 | time=0
[Tuesday/May 12/05/2026 21:02:20] /run/media/yannik/Y_BUP_3/Handy/2016-2018_Samsung_Galaxy_S5_Mini/WhatsApp/Media/WhatsApp Voice Notes/201603/PTT-20160114-WA0065.aac | length=93.068718714569 | time=47.256944444444
[Tuesday/May 12/05/2026 21:22:20] /run/media/yannik/Y_BUP_3/Handy/2016-2018_Samsung_Galaxy_S5_Mini/Telegram/Telegram Video/2_5260366723122462832.mp4 | length=111.3082 | time=47.274433333333
[Tuesday/May 12/05/2026 21:50:14] /home/yannik/Desktop/MARIUS BONG HIT MEMOS/WhatsApp Voice Notes/201605/PTT-20160127-WA0013.aac | length=2.6599077026644 | time=1.6597222222222
[Wednesday/May 13/05/2026 01:45:24] /mnt/Data/OUT$IDERZ/SONGS/Projects/2025/08-25/Alles verloren aka In Retrospektive/MASTER/BOUNCE/#M15_Alles verloren_MASTER_D06-M05-Y2026_80-BPM_48k-24b.wav | length=170.63429166667 | time=2.7222222222222
[Wednesday/May 13/05/2026 02:03:12] /mnt/Data/OUT$IDERZ/SONGS/Projects/2025/08-25/Außer ihr/MASTER/BOUNCE/#M3_Außer ihr_MASTER_D21-M02-Y2026_110-BPM_48k-24b.wav | length=136.27841666667 | time=27.902777777778
[Wednesday/May 13/05/2026 13:58:11] /home/yannik/Desktop/UNUSED BEATS/UNUSED BEATS/Unused Beats with License/Always prod. Toni/Always--Mac-Miller-type-beat.wav | length=192 | time=67.319444444444
[Wednesday/May 13/05/2026 21:01:07] /home/yannik/Desktop/Dreamville/MASTER/BOUNCE/#M1_Dreamville_MASTER_D13-M05-Y2026_80-BPM_48k-24b.wav | length=192 | time=93.430555555556
[Wednesday/May 13/05/2026 22:43:16] /mnt/Data/OUT$IDERZ/SONGS/Projects/2025/05-25/marco_somewhere-over-the-rainbow_25-05-25/Bounce/#3_marco_clarity.wav | length=211.16666666667 | time=211.16666666667
[Thursday/May 14/05/2026 00:35:25] /mnt/Data/OUT$IDERZ/VISUALS/Videos (YT + Socials)/YT Videos/2026/10. Alles verloren YT/EXP/#1_Alles verloren_YT_D07-M05-Y26_4K-60FPS-libx264-FLAC.mp4 | length=170.688 | time=4.3166666666667
[Thursday/May 14/05/2026 00:37:45] /mnt/Data/OUT$IDERZ/VISUALS/Videos (YT + Socials)/Vertical Videos/2026/10. Alles verloren Vertical/EXP/#1_Alles verloren_Vertical_D09-M05-Y26_4K-60FPS-FLAC.mp4 | length=18.048 | time=18.048
[Thursday/May 14/05/2026 17:06:29] /mnt/Data/OUT$IDERZ/SONGS/Projects/2026/05-26/Dreamville/MASTER/BOUNCE/#M5_Dreamville_MASTER_D14-M05-Y2026_80-BPM_48k-24b.wav | length=192 | time=192
[Thursday/May 14/05/2026 18:15:17] /home/yannik/Downloads/Blender for Beginners.mp4 | length=13407.317913832 | time=1.2342
[Friday/May 15/05/2026 02:06:27] /mnt/Data/OUT$IDERZ/VISUALS/Videos (YT + Socials)/Vertical Videos/2026/10. Alles verloren Vertical/EXP/#2_Alles verloren_Vertical_D14-M05-Y26_4K-60FPS-FLAC.mp4 | length=18.048 | time=1.1
[Friday/May 15/05/2026 02:12:00] /mnt/Data/OUT$IDERZ/VISUALS/Videos (YT + Socials)/Vertical Videos/2026/10. Alles verloren Vertical/EXP/#3_Alles verloren_Vertical_D15-M05-Y26_4K-60FPS-FLAC.mp4 | length=18.048 | time=3.1833333333333
[Friday/May 15/05/2026 02:56:00] /run/user/1000/doc/6e773c76/009. 3 Gründe, warum Cannabis verboten bleiben sollte.mp4 | length=627.14775510204 | time=26.216655555556
[Friday/May 15/05/2026 21:36:33] /mnt/Data/OUT$IDERZ/VISUALS/Videos (YT + Socials)/Vertical Videos/IN DA PIPELINE/Yin-Yang Vertical/1. Richtung Spitze/EXP/#1_Richtung Spitze_Vertical_D30-M03-Y26-4K-FLAC.mp4 | length=22.656 | time=0.3
[Friday/May 15/05/2026 23:41:48] /mnt/Data/OUT$IDERZ/SONGS/Projects/2026/01-26/Coyote Time/MASTER/BOUNCE/#M5_Coyote Time_MASTER_D23-M02-Y2026_86-BPM_48k-24b.wav | length=158.16604166667 | time=19.347222222222
[Friday/May 15/05/2026 23:41:53] /mnt/Data/OUT$IDERZ/SONGS/Projects/2026/01-26/Coyote Time/MASTER/BOUNCE/#M6_Coyote Time_MASTER_D15-M05-Y2026_86-BPM_48k-24b.wav | length=156.28897916667 | time=13.986111111111
[Friday/May 15/05/2026 23:42:01] /mnt/Data/OUT$IDERZ/SONGS/Projects/2026/01-26/Coyote Time/MASTER/BOUNCE/#M5_Coyote Time_MASTER_D23-M02-Y2026_86-BPM_48k-24b.wav | length=158.16604166667 | time=16.055555555556
[Friday/May 15/05/2026 23:42:08] /mnt/Data/OUT$IDERZ/SONGS/Projects/2026/01-26/Coyote Time/MASTER/BOUNCE/#M6_Coyote Time_MASTER_D15-M05-Y2026_86-BPM_48k-24b.wav | length=156.28897916667 | time=14.708333333333
[Saturday/May 16/05/2026 15:37:15] /home/yannik/Downloads/Gib mir 9 Minuten und du HÖRST den Kompressor bei Vocals.mp4 | length=574.39201814059 | time=2.4
[Saturday/May 16/05/2026 15:37:27] /home/yannik/Downloads/Slip Edit Guitars in Reaper.mp4 | length=472.54929705215 | time=9.1663333333333
[Saturday/May 16/05/2026 15:57:10] /run/user/1000/doc/166cfa72/5 - Reaper 101 Part 4_- Inbuilt Stock Effects.mp4 | length=1415.9760544218 | time=6.32
[Saturday/May 16/05/2026 16:01:48] /run/user/1000/doc/195e7cd6/DIESE PLUGINS brauchst du als Musikproduzent _ Vincent Lee.mp4 | length=524.034 | time=1.084
[Saturday/May 16/05/2026 16:01:59] /run/user/1000/doc/195e7cd6/DIESE PLUGINS brauchst du als Musikproduzent _ Vincent Lee.mp4 | length=524.034 | time=476.017
[Saturday/May 16/05/2026 22:33:29] /mnt/Data/OUT$IDERZ/SONGS/Projects/2025/09-25/Melancholie/MASTER/BOUNCE/#M3_Melancholie_MASTER_D02-M04-Y2026_90-BPM_48k-24b.wav | length=170.1371875 | time=51.555555555556
[Sunday/May 17/05/2026 02:25:18] /home/yannik/Downloads/716157__lumamorph__loop.wav | length=17.454557823129 | time=1.3958333333333
[Monday/May 18/05/2026 01:12:03] /mnt/Data/OUT$IDERZ/VISUALS/Videos (YT + Socials)/YT Videos/IN DA PIPELINE/Außenseiter YT/4. Candies/EXP/#2_Candies_YT_22-04-26_4K-60FPS-libx264-FLAC.mp4 | length=112.608 | time=106.93333333333
[Monday/May 18/05/2026 01:12:26] /mnt/Data/OUT$IDERZ/VISUALS/Videos (YT + Socials)/YT Videos/IN DA PIPELINE/Außenseiter YT/5. So wie ich/EXP/#2_So wie ich_YT_22-04-26_4K-60FPS-libx264-FLAC.mp4 | length=189.6 | time=2.6333333333333
[Monday/May 18/05/2026 01:12:34] /mnt/Data/OUT$IDERZ/VISUALS/Videos (YT + Socials)/YT Videos/IN DA PIPELINE/Außenseiter YT/4. Candies/EXP/#2_Candies_YT_22-04-26_4K-60FPS-libx264-FLAC.mp4 | length=112.608 | time=110.35
[Monday/May 18/05/2026 01:12:38] /mnt/Data/OUT$IDERZ/VISUALS/Videos (YT + Socials)/YT Videos/IN DA PIPELINE/Außenseiter YT/3. Kurt Cobain/EXP/#3_Kurt Cobain_YT_22-04-26_4K-60FPS-libx264-FLAC.mp4 | length=194.784 | time=1.3333333333333
[Monday/May 18/05/2026 01:13:16] /mnt/Data/OUT$IDERZ/VISUALS/Videos (YT + Socials)/YT Videos/IN DA PIPELINE/Außenseiter YT/7. Schlechtes Omen/EXP/#1_Schlechtes Omen_YT_29-01-26_4K-60FPS-libx264-FLAC.mp4 | length=124.8 | time=0.68333333333333
[Monday/May 18/05/2026 01:14:22] /mnt/Data/OUT$IDERZ/VISUALS/Videos (YT + Socials)/YT Videos/IN DA PIPELINE/Dezember YT/EXP/#3_Dezember_YT_29-01-26_4K-60FPS-libx264-FLAC.mp4 | length=132.384 | time=41.65
[Monday/May 18/05/2026 01:14:40] /mnt/Data/OUT$IDERZ/VISUALS/Videos (YT + Socials)/YT Videos/IN DA PIPELINE/Ganz bestimmt YT/EXP/#2_Ganz bestimmt YT_29-01-26_4K-60FPS-libx264-FLAC.mp4 | length=165.408 | time=165.408
[Monday/May 18/05/2026 01:14:52] /mnt/Data/OUT$IDERZ/VISUALS/Videos (YT + Socials)/YT Videos/IN DA PIPELINE/Ganz bestimmt YT/EXP/#2_Ganz bestimmt YT_29-01-26_4K-60FPS-libx264-FLAC.mp4 | length=165.408 | time=9.5666666666667
[Monday/May 18/05/2026 01:15:41] /mnt/Data/OUT$IDERZ/VISUALS/Videos (YT + Socials)/YT Videos/IN DA PIPELINE/Regen YT/EXP/#4_Regen YT_4K-60FPS-libx264-FLAC.mp4 | length=197.28 | time=38.266666666667
[Monday/May 18/05/2026 01:16:02] /mnt/Data/OUT$IDERZ/VISUALS/Videos (YT + Socials)/YT Videos/IN DA PIPELINE/TELL ME ABOUT YOU (INSTRUMENTAL TAPE) YT/1. Januar (Instrumental)/EXP/#1_Januar (Instrumental)_YT_30-01-26_4K-60FPS-libx264-FLAC.mp4 | length=74.688 | time=74.033333333333
[Monday/May 18/05/2026 01:16:13] /mnt/Data/OUT$IDERZ/VISUALS/Videos (YT + Socials)/YT Videos/IN DA PIPELINE/TELL ME ABOUT YOU (INSTRUMENTAL TAPE) YT/2. Was Liebe ist (Instrumental)/EXP/#1_Was Liebe ist (Instrumental)_YT_30-01-26_4K-60FPS-libx264-FLAC.mp4 | length=132.48 | time=132.48
[Monday/May 18/05/2026 01:16:25] /mnt/Data/OUT$IDERZ/VISUALS/Videos (YT + Socials)/YT Videos/IN DA PIPELINE/TELL ME ABOUT YOU (INSTRUMENTAL TAPE) YT/3. Back in the Day (Instrumental)/EXP/#2_Back in the Day (Instrumental)_YT_30-01-26_4K-60FPS-libx264-FLAC.mp4 | length=61.536 | time=61.536
[Monday/May 18/05/2026 01:16:35] /mnt/Data/OUT$IDERZ/VISUALS/Videos (YT + Socials)/YT Videos/IN DA PIPELINE/TELL ME ABOUT YOU (INSTRUMENTAL TAPE) YT/4. Unter 30 (Bonus Instrumental)/EXP/#2_Unter 30 (Bonus Instrumental)_YT_30-01-26_4K-60FPS-libx264-FLAC.mp4 | length=88.032 | time=87.8
[Monday/May 18/05/2026 01:16:52] /mnt/Data/OUT$IDERZ/VISUALS/Videos (YT + Socials)/YT Videos/IN DA PIPELINE/TELL ME ABOUT YOU (INSTRUMENTAL TAPE) YT/5. Bunte Farben (Instrumental)/EXP/#1_Bunte Farben (Instrumental)_YT_30-01-26_4K-60FPS-libx264-FLAC.mp4 | length=192 | time=192
[Monday/May 18/05/2026 01:17:15] /mnt/Data/OUT$IDERZ/VISUALS/Videos (YT + Socials)/YT Videos/IN DA PIPELINE/TELL ME ABOUT YOU (INSTRUMENTAL TAPE) YT/6. Silvester (Instrumental)/EXP/#1_Silvester (Instrumental)_YT_30-01-26_4K-60FPS-libx264-FLAC.mp4 | length=168 | time=168
[Monday/May 18/05/2026 01:17:24] /mnt/Data/OUT$IDERZ/VISUALS/Videos (YT + Socials)/YT Videos/IN DA PIPELINE/TELL ME ABOUT YOU YT/1. Januar/EXP/#2_Januar_YT_30-01-26_4K-60FPS-libx264-FLAC.mp4 | length=74.688 | time=74.688
[Monday/May 18/05/2026 01:17:34] /mnt/Data/OUT$IDERZ/VISUALS/Videos (YT + Socials)/YT Videos/IN DA PIPELINE/TELL ME ABOUT YOU YT/2. Was Liebe ist/EXP/#1_Januar_YT_30-01-26_4K-60FPS-libx264-FLAC.mp4 | length=132.48 | time=132.48
[Monday/May 18/05/2026 01:17:44] /mnt/Data/OUT$IDERZ/VISUALS/Videos (YT + Socials)/YT Videos/IN DA PIPELINE/TELL ME ABOUT YOU YT/3. Back in the Day/EXP/#1_Back in the Day_YT_30-01-26_4K-60FPS-libx264-FLAC.mp4 | length=165.408 | time=165.408
[Monday/May 18/05/2026 01:17:57] /mnt/Data/OUT$IDERZ/VISUALS/Videos (YT + Socials)/YT Videos/IN DA PIPELINE/TELL ME ABOUT YOU YT/4. Bunte Farben/EXP/#1_Bunte Farben_YT_30-01-26_4K-60FPS-libx264-FLAC.mp4 | length=192 | time=192
[Monday/May 18/05/2026 01:18:11] /mnt/Data/OUT$IDERZ/VISUALS/Videos (YT + Socials)/YT Videos/IN DA PIPELINE/TELL ME ABOUT YOU YT/5. Silvester/EXP/#1_Silvester_YT_30-01-26_4K-60FPS-libx264-FLAC.mp4 | length=181.44 | time=181.44
[Monday/May 18/05/2026 01:18:26] /mnt/Data/OUT$IDERZ/VISUALS/Videos (YT + Socials)/YT Videos/IN DA PIPELINE/Yin-Yang YT/1. Richtung Spitze/EXP/#1_Richtung Spitze_YT_17-11-25_4K-60FPS-libx264-FLAC.mp4 | length=142.656 | time=142.656
[Monday/May 18/05/2026 01:18:47] /mnt/Data/OUT$IDERZ/VISUALS/Videos (YT + Socials)/YT Videos/IN DA PIPELINE/Yin-Yang YT/2. Manchmal/EXP/#1_Manchmal_YT_29-01-26_4K-60FPS-libx264-FLAC.mp4 | length=160.992 | time=160.992
[Monday/May 18/05/2026 01:18:54] /mnt/Data/OUT$IDERZ/VISUALS/Videos (YT + Socials)/YT Videos/IN DA PIPELINE/Yin-Yang YT/3. A.W.I.T.K/EXP/#1_A.W.I.T.K_YT_29-01-26_4K-60FPS-libx264-FLAC.mp4 | length=135.552 | time=135.552
[Monday/May 18/05/2026 01:19:04] /mnt/Data/OUT$IDERZ/VISUALS/Videos (YT + Socials)/YT Videos/IN DA PIPELINE/Yin-Yang YT/4. Gift/EXP/#1_Gift_YT_29-01-26_4K-60FPS-libx264-FLAC.mp4 | length=153.408 | time=153.3
[Monday/May 18/05/2026 01:19:11] /mnt/Data/OUT$IDERZ/VISUALS/Videos (YT + Socials)/YT Videos/IN DA PIPELINE/Yin-Yang YT/5. Crib Interlude/EXP/#1_Crib Interlude_YT_29-01-26_4K-60FPS-libx264-FLAC.mp4 | length=76.416 | time=76.416
[Monday/May 18/05/2026 01:19:20] /mnt/Data/OUT$IDERZ/VISUALS/Videos (YT + Socials)/YT Videos/IN DA PIPELINE/Yin-Yang YT/6. Alte Zeit/EXP/#1_Alte Zeit_YT_29-01-26_4K-60FPS-libx264-FLAC.mp4 | length=183.552 | time=183.552
[Monday/May 18/05/2026 01:19:29] /mnt/Data/OUT$IDERZ/VISUALS/Videos (YT + Socials)/YT Videos/IN DA PIPELINE/Yin-Yang YT/7. Jackpot/EXP/#1_Jackpot_YT_29-01-26_4K-60FPS-libx264-FLAC.mp4 | length=187.008 | time=187.008
[Monday/May 18/05/2026 01:19:37] /mnt/Data/OUT$IDERZ/VISUALS/Videos (YT + Socials)/YT Videos/IN DA PIPELINE/Yin-Yang YT/8. Tracksuit/EXP/#1_Tracksuit_YT_30-01-26_4K-60FPS-libx264-FLAC.mp4 | length=147.072 | time=147.072
[Monday/May 18/05/2026 01:19:48] /mnt/Data/OUT$IDERZ/VISUALS/Videos (YT + Socials)/YT Videos/IN DA PIPELINE/Yin-Yang YT/9. Veränderung/EXP/#1_Veränderung_YT_30-01-26_4K-60FPS-libx264-FLAC.mp4 | length=233.856 | time=233.856
[Monday/May 18/05/2026 23:55:25] /home/yannik/Desktop/STUDENTISCHE HILFSKRAFT/PODCAST/Ep. 19 - Forum (06.06.26)/Podcast Episode 19/BOUNCE/#1_Podcast Episode 19_D12-M05-Y2026_90-BPM_48k-24b.wav | length=2232.017625 | time=220.60416666667
[Monday/May 18/05/2026 23:56:00] /home/yannik/Desktop/STUDENTISCHE HILFSKRAFT/PODCAST/Ep. 19 - Forum (06.06.26)/Podcast Episode 19/BOUNCE/#1_Podcast Episode 19_D12-M05-Y2026_90-BPM_48k-24b.wav | length=2232.017625 | time=516.9375
[Tuesday/May 19/05/2026 00:06:38] /home/yannik/Desktop/STUDENTISCHE HILFSKRAFT/PODCAST/Ep. 19 - Forum (06.06.26)/Podcast Episode 19/BOUNCE/#1_Podcast Episode 19_D12-M05-Y2026_90-BPM_48k-24b.wav | length=2232.017625 | time=518.5
[Tuesday/May 19/05/2026 19:08:47] /run/user/1000/doc/fcf8586f/Euphoria.US.S03E05.This.Little.Piggy.1080p.WEB-DL.x265.6CH-Pahe.in.mkv | length=3637.971 | time=3580.827
[Tuesday/May 19/05/2026 20:39:36] /run/user/1000/doc/e3278a62/Mortal Kombat II (2026) (Eng Dub).mkv | length=6358.601 | time=4295.958
[Tuesday/May 19/05/2026 20:41:42] /run/user/1000/doc/e7cb456d/Mortal Kombat Legends - Battle of the Realms (2021) (Eng Dub).mkv | length=4789.748 | time=3420.792
[Tuesday/May 19/05/2026 20:41:49] /run/user/1000/doc/aa078fdb/Mortal Kombat Legends - Snow Blind (2022) (Eng Dub).mkv | length=4919.072 | time=4261.132
[Tuesday/May 19/05/2026 20:42:00] /run/user/1000/doc/16d6ed4/Mortal Kombat - Annihilation (1997) (Eng Dub).mkv | length=5741.747 | time=2412.577
[Tuesday/May 19/05/2026 20:42:09] /run/user/1000/doc/90e32a03/Mortal Kombat 2 - Annihilation (1997) (Ger Dub).mp4 | length=5686.72 | time=4103.724625
[Tuesday/May 19/05/2026 20:42:14] /run/user/1000/doc/16d6ed4/Mortal Kombat - Annihilation (1997) (Eng Dub).mkv | length=5741.747 | time=2413.995
[Tuesday/May 19/05/2026 20:45:30] /run/user/1000/doc/15f1ad1d/Street Fighter II - The Animated Movie (1994 Uncut) (Eng Dub).mkv | length=6086.11 | time=5202.822
[Tuesday/May 19/05/2026 20:45:34] /run/user/1000/doc/15f1ad1d/Street Fighter II - The Animated Movie (1994 Uncut) (Eng Dub).mkv | length=6086.11 | time=318.985
[Tuesday/May 19/05/2026 20:46:02] /run/user/1000/doc/cf378d97/Street Fighter - Assassins Fist (2014) (Eng Dub).mkv | length=9146.441 | time=5391.375
[Tuesday/May 19/05/2026 20:49:43] /run/user/1000/doc/507dd3fc/Mortal Kombat (1995) (Eng Dub).mkv | length=6081.204 | time=2565.897
[Tuesday/May 19/05/2026 20:50:11] /run/user/1000/doc/ba74b8d7/3. Mortal Kombat (2021) (Eng Dub).mkv | length=6603.68 | time=2989.82
[Tuesday/May 19/05/2026 20:50:19] /run/user/1000/doc/3add7a37/4. Mortal Kombat II (2026) (Eng Dub).mkv | length=6358.601 | time=2783.25
[Tuesday/May 19/05/2026 21:31:23] /home/yannik/Downloads/Why Linus Torvalds doesn't use Ubuntu or Debian.mp4 | length=162.23782312925 | time=1.0006333333333
[Tuesday/May 19/05/2026 21:31:24] /home/yannik/Downloads/Why Linus Torvalds doesn't use Ubuntu or Debian.mp4 | length=162.23782312925 | time=8.6749666666667
[Tuesday/May 19/05/2026 23:47:23] /home/yannik/Desktop/Modul Digital Art/TOUCHDESIGNER SOUNDS/BG MUSIC/ATMOSPHÄRISCH - CINEMATISCH/652695__gregorquendel__cinematic-action-trailer-score-with-sfx.wav | length=67.200022675737 | time=2.4236111111111
[Tuesday/May 19/05/2026 23:47:29] /home/yannik/Desktop/Modul Digital Art/TOUCHDESIGNER SOUNDS/BG MUSIC/ATMOSPHÄRISCH - CINEMATISCH/703377__solomonmax__aggressive_background.mp3 | length=23.248979591837 | time=6.1666666666667
[Tuesday/May 19/05/2026 23:47:42] /home/yannik/Desktop/Modul Digital Art/TOUCHDESIGNER SOUNDS/BG MUSIC/PSYCHOSE - CRAZY/241149__orangefreesounds__saw-synth-bass-loop.wav | length=8.3478458049887 | time=2.9305555555556
[Tuesday/May 19/05/2026 23:47:45] /home/yannik/Desktop/Modul Digital Art/TOUCHDESIGNER SOUNDS/BG MUSIC/PSYCHOSE - CRAZY/348565__gis_sweden__playful-modular-sounds.wav | length=71.685941043084 | time=1.7152777777778
[Tuesday/May 19/05/2026 23:47:47] /home/yannik/Desktop/Modul Digital Art/TOUCHDESIGNER SOUNDS/BG MUSIC/PSYCHOSE - CRAZY/716157__lumamorph__loop.wav | length=17.454557823129 | time=1.5138888888889
[Tuesday/May 19/05/2026 23:47:57] /home/yannik/Desktop/Modul Digital Art/TOUCHDESIGNER SOUNDS/BG MUSIC/HAPPY/726514__audiocoffee__happy-for-kids-loop-ver.wav | length=42.666666666667 | time=0.8125
[Tuesday/May 19/05/2026 23:51:23] /home/yannik/Downloads/849033__sergequadrado__country-loop.wav | length=18.947369614512 | time=1.2569444444444
[Tuesday/May 19/05/2026 23:53:50] /home/yannik/Downloads/221870__zagi2__destroyer-loop.wav | length=15.981405895692 | time=1.7638888888889
[Wednesday/May 20/05/2026 00:31:28] /mnt/Data/OUT$IDERZ/VISUALS/Videos (YT + Socials)/Vertical Videos/IN DA PIPELINE/Regen Vertical/EXP/#3_Regen_Vertical_D05-M02-Y26_4K-60FPS-libx264-FLAC.mp4 | length=51.552 | time=51.551999999999
[Wednesday/May 20/05/2026 14:03:55] /mnt/Data/OUT$IDERZ/VISUALS/Videos (YT + Socials)/Vertical Videos/IN DA PIPELINE/Regen Vertical/EXP/#3_Regen_Vertical_D05-M02-Y26_4K-60FPS-libx264-FLAC.mp4 | length=51.552 | time=0.88333333333333
[Wednesday/May 20/05/2026 14:08:35] /run/user/1000/doc/5ef443c2/Asterix.and.Obelix.The.Big.Fight.S01E03.Episode.III.1080p.WEB-DL.x265.6CH-Pahe.in.mkv | length=1922.942 | time=4
[Wednesday/May 20/05/2026 14:08:54] /run/user/1000/doc/60ff2acc/Euphoria.US.S03E03.The.Ballad.of.Paladin.1080p.WEB-DL.x265.6CH-Pahe.in.mkv | length=3559.678 | time=2.336
[Wednesday/May 20/05/2026 14:08:58] /run/user/1000/doc/23ce7432/Euphoria.US.S03E04.Kitty.Likes.to.Dance.1080p.WEB-DLx265.6CH-Pahe.in.mkv | length=3670.867 | time=0.751
[Wednesday/May 20/05/2026 14:09:14] /run/user/1000/doc/44d43e24/Marvels.Daredevil.S02E10.The.Man.in.the.Box.1080p.BluRay.x264.DD5.1-Pahe.in.mkv | length=3113.152 | time=1.877
[Wednesday/May 20/05/2026 14:10:37] /run/user/1000/doc/84c6cc61/07. Maxi Gstettenbauer über Beziehung, Videospiele und verlorne Penisbilder - NightWash live.mp4 | length=889.41714285714 | time=9.1599888888889
[Wednesday/May 20/05/2026 14:12:18] /run/user/1000/doc/84c6cc61/07. Maxi Gstettenbauer über Beziehung, Videospiele und verlorne Penisbilder - NightWash live.mp4 | length=889.41714285714 | time=10.959988888889
[Wednesday/May 20/05/2026 14:12:54] /run/user/1000/doc/84c6cc61/07. Maxi Gstettenbauer über Beziehung, Videospiele und verlorne Penisbilder - NightWash live.mp4 | length=889.41714285714 | time=12.999988888889
[Wednesday/May 20/05/2026 14:13:08] /run/user/1000/doc/829c44c4/12. Maxi Gstettenbauer Ich möchte nicht reich sein   Comedy aus dem Labor   SRF Comedy.mp4 | length=338.01287981859 | time=5.5999888888889
[Wednesday/May 20/05/2026 14:13:21] /run/user/1000/doc/829c44c4/12. Maxi Gstettenbauer Ich möchte nicht reich sein   Comedy aus dem Labor   SRF Comedy.mp4 | length=338.01287981859 | time=1.7599888888889
[Wednesday/May 20/05/2026 22:02:04] /mnt/Data/OUT$IDERZ/VISUALS/Videos (YT + Socials)/YT Videos/IN DA PIPELINE/Regen YT/EXP/#5_Regen YT_D18-M05-Y26_4K-60FPS-libx264-FLAC.mp4 | length=197.28 | time=29.85
[Wednesday/May 20/05/2026 22:02:28] /mnt/Data/OUT$IDERZ/VISUALS/Videos (YT + Socials)/YT Videos/IN DA PIPELINE/Regen YT/EXP/#5_Regen YT_D18-M05-Y26_4K-60FPS-libx264-FLAC.mp4 | length=197.28 | time=30.033333333333
[Thursday/May 21/05/2026 00:13:24] /run/user/1000/doc/5409858c/Timecrimes.2007.1080p.BluRay.x265.DD+5.1-Pahe.in.mkv | length=5546.323 | time=222.973
[Thursday/May 21/05/2026 00:14:53] /run/user/1000/doc/3e716bde/Athena (2022) (Fre Dub).mkv | length=5972.832 | time=3622.208
[Thursday/May 21/05/2026 00:17:27] /run/user/1000/doc/e970345e/Bad Santa (2003 Unrated Director's Cut) (Eng Dub).mkv | length=5311.87 | time=1.376
[Thursday/May 21/05/2026 00:17:37] /run/user/1000/doc/51d0e8ab/Bad Santa (2003 Unrated) (Eng Dub).mkv | length=5974.985 | time=72.99
[Thursday/May 21/05/2026 00:17:43] /run/user/1000/doc/e970345e/Bad Santa (2003 Unrated Director's Cut) (Eng Dub).mkv | length=5311.87 | time=38.413
[Thursday/May 21/05/2026 00:17:54] /run/user/1000/doc/51d0e8ab/Bad Santa (2003 Unrated) (Eng Dub).mkv | length=5974.985 | time=1.168
[Thursday/May 21/05/2026 00:19:56] /run/user/1000/doc/951f0adf/Diao shou guai zhao aka Snake Fist Fighter (1973) (Eng Dub).mkv | length=5113.108 | time=3.42
[Thursday/May 21/05/2026 00:21:47] /run/user/1000/doc/a00fd7a8/Fat Albert (2004) (Eng & Ger Dub).mkv | length=5382.229 | time=2.76
[Thursday/May 21/05/2026 00:43:00] /run/user/1000/doc/a456737c/The Perfect Date (2019) (Eng Dub).mkv | length=5440.202 | time=4.379
[Thursday/May 21/05/2026 00:43:09] /run/user/1000/doc/20ac515f/The Perfect Date (2019) (Eng & Ger Dub).mkv | length=5444 | time=33.617
[Thursday/May 21/05/2026 00:43:13] /run/user/1000/doc/a456737c/The Perfect Date (2019) (Eng Dub).mkv | length=5440.202 | time=31.823
[Thursday/May 21/05/2026 00:43:49] /run/user/1000/doc/d6b0be76/The Girl Next Door (2004 Unrated) (Eng Dub).mkv | length=6568.608 | time=1.418
[Thursday/May 21/05/2026 00:43:57] /run/user/1000/doc/d6b0be76/The Girl Next Door (2004 Unrated) (Eng Dub).mkv | length=6568.608 | time=12.429
[Thursday/May 21/05/2026 00:44:02] /run/user/1000/doc/d5ce854f/The Girl Next Door (2004) (Ger Dub).mp4 | length=6328.161 | time=1.1
[Thursday/May 21/05/2026 00:47:35] /run/user/1000/doc/cda1e96d/The Rise of Jordan Peterson (2019) (Eng Dub).mkv | length=5441.365 | time=2884.6935698359
[Thursday/May 21/05/2026 00:47:39] /run/user/1000/doc/cda1e96d/The Rise of Jordan Peterson (2019) (Eng Dub).mkv | length=5441.365 | time=3283.593
[Thursday/May 21/05/2026 00:50:58] /run/user/1000/doc/c50a30d4/The Cakemaker (2017) (Isr Dub).mkv | length=6558.974 | time=5118.625
[Thursday/May 21/05/2026 00:53:11] /run/user/1000/doc/4b958567/Somersault.2004.1080p.BluRay.x264.DD+5.1-Pahe.in.mkv | length=6402.472 | time=1475.849
[Thursday/May 21/05/2026 00:54:14] /run/user/1000/doc/b67a4d3a/muhhd-dolemiteismyname-hdr-1080p.mkv | length=7096.736 | time=3523.667
[Thursday/May 21/05/2026 00:59:44] /mnt/Data/Music_Collection/Eko Fresh/Deutscher Traum (2014)/10. Eko Fresh - Es brennt (ft. Brings).mp3 | length=256.92698888889 | time=9.5903837334241
[Thursday/May 21/05/2026 00:59:47] /mnt/Data/Music_Collection/Eko Fresh/Deutscher Traum (2014)/15. Eko Fresh - Alta (ft. MC Hassan).mp3 | length=158.60764444444 | time=0.35359663338549
[Thursday/May 21/05/2026 01:06:48] /mnt/Data/OUT$IDERZ/VISUALS/Videos (YT + Socials)/Vertical Videos/IN DA PIPELINE/Regen Vertical/EXP/#4_Regen_Vertical_D20-M05-Y26_4K-60FPS-libx264-FLAC.mp4 | length=51.744 | time=47.333333333333
[Thursday/May 21/05/2026 19:43:43] /run/user/1000/doc/71e3ab97/Off.Campus.S01E01.The.Deal.1080p.WEB-HD.x265.6CH-Pahe.in.mkv | length=3209.171 | time=2875.167
[Thursday/May 21/05/2026 23:34:07] /mnt/Data/Music_Collection/The Bloodhound Gang/Other/The Bloodhound Gang - The Ballad of Chasey Lain.mp3 | length=141.76653333333 | time=0.99218150180045
[Thursday/May 21/05/2026 23:44:27] /home/yannik/Downloads/Objekte Ausschneiden _ Blender Tutorial Deutsch.mp4 | length=154.11083900227 | time=5.76
[Thursday/May 21/05/2026 23:46:32] /run/user/1000/doc/71e3ab97/Off.Campus.S01E01.The.Deal.1080p.WEB-HD.x265.6CH-Pahe.in.mkv | length=3209.171 | time=3182.583
[Thursday/May 21/05/2026 23:46:32] /run/user/1000/doc/71e3ab97/Off.Campus.S01E01.The.Deal.1080p.WEB-HD.x265.6CH-Pahe.in.mkv | length=3209.171 | time=0
[Thursday/May 21/05/2026 23:46:40] /run/user/1000/doc/1da4ea98/Off.Campus.S01E02.The.Practice.1080p.WEB-HD.x265.6CH-Pahe.in.mkv | length=3025.832 | time=0
[Friday/May 22/05/2026 00:29:49] /run/user/1000/doc/d7351265/Mischen – die Basics - Kompression.mp4 | length=341.23333333333 | time=1.2666666666667
[Friday/May 22/05/2026 00:30:00] /run/user/1000/doc/c66cf2c8/Workshop - Einstieg in das Thema Kompression (01-03-24).mp4 | length=7699.35 | time=105.15
[Friday/May 22/05/2026 00:30:05] /run/user/1000/doc/aa05d36d/Kompression – einfach erklärt! - HOFA-College.mp4 | length=5981.6460770975 | time=1.533
[Friday/May 22/05/2026 00:30:07] /run/user/1000/doc/81ddab1d/Producing Basics - HOFA-College.mp4 | length=3583.6284807256 | time=10.833
[Friday/May 22/05/2026 00:42:29] /run/user/1000/doc/1da4ea98/Off.Campus.S01E02.The.Practice.1080p.WEB-HD.x265.6CH-Pahe.in.mkv | length=3025.832 | time=2940.625
[Friday/May 22/05/2026 01:30:47] /run/user/1000/doc/ecc430a/Off.Campus.S01E03.The.Orgasm.1080p.WEB-HD.x265.6CH-Pahe.in.mkv | length=2781.566 | time=2542.333
[Friday/May 22/05/2026 01:30:49] /run/user/1000/doc/2aae1027/Off.Campus.S01E04.The.Breakup.1080p.WEB-HD.x265.6CH-Pahe.in.mkv | length=3224.318 | time=0
[Friday/May 22/05/2026 02:41:47] /run/user/1000/doc/2aae1027/Off.Campus.S01E04.The.Breakup.1080p.WEB-HD.x265.6CH-Pahe.in.mkv | length=3224.318 | time=3171.75
[Friday/May 22/05/2026 02:41:50] /run/user/1000/doc/903a68ec/Off.Campus.S01E05.The.Cold.Turkey.1080p.WEB-HD.x265.6CH-Pahe.in.mkv | length=2837.63 | time=0
[Friday/May 22/05/2026 04:17:24] /home/yannik/Desktop/STUDENTISCHE HILFSKRAFT/PODCAST/Ep. 19 - Forum (06.06.26)/Podcast Episode 19/BOUNCE/#2_Podcast Episode 19_D18-M05-Y2026_90-BPM_48k-24b.wav | length=2201.2719791667 | time=2.0763888888889
[Friday/May 22/05/2026 04:18:39] /home/yannik/Desktop/STUDENTISCHE HILFSKRAFT/PODCAST/Ep. 19 - Forum (06.06.26)/Podcast Episode 19/BOUNCE/#3_Podcast Episode 19_D22-M05-Y2026_90-BPM_48k-24b.wav | length=2192.2201666667 | time=2192.2201666667
[Friday/May 22/05/2026 04:19:53] /home/yannik/Desktop/STUDENTISCHE HILFSKRAFT/PODCAST/Ep. 19 - Forum (06.06.26)/Podcast Episode 19/BOUNCE/#3_Podcast Episode 19_D22-M05-Y2026_90-BPM_48k-24b.wav | length=2192.2201666667 | time=1925.8194444444
[Friday/May 22/05/2026 23:07:13] /run/user/1000/doc/903a68ec/Off.Campus.S01E05.The.Cold.Turkey.1080p.WEB-HD.x265.6CH-Pahe.in.mkv | length=2837.63 | time=1909.917
[Friday/May 22/05/2026 23:56:26] /mnt/Data/OUT$IDERZ/VISUALS/Videos (YT + Socials)/Vertical Videos/IN DA PIPELINE/Regen Vertical/EXP/#6_Regen_Vertical_D22-M05-Y26_4K-60FPS-libx264-FLAC.mp4 | length=51.744 | time=51.744
[Friday/May 22/05/2026 23:56:27] /mnt/Data/OUT$IDERZ/VISUALS/Videos (YT + Socials)/Vertical Videos/IN DA PIPELINE/Regen Vertical/EXP/#5_Regen_Vertical_D21-M05-Y26_4K-60FPS-libx264-FLAC.mp4 | length=51.744 | time=48.166666666667
[Friday/May 22/05/2026 23:58:34] /mnt/Data/OUT$IDERZ/VISUALS/Videos (YT + Socials)/YT Videos/IN DA PIPELINE/Regen YT/EXP/#5_Regen YT_D18-M05-Y26_4K-60FPS-libx264-FLAC.mp4 | length=197.28 | time=175.21666666667
[Saturday/May 23/05/2026 00:57:44] /mnt/Data/OUT$IDERZ/SONGS/Projects/2025/06-25/Sommer_07-06-25/MASTER/BOUNCE/#M10_Sommer_MASTER_D15-M05-Y2026_166-BPM_48k-24b.wav | length=126.86052083333 | time=117.21527777778
[Saturday/May 23/05/2026 01:13:43] /home/yannik/Downloads/MEPHISTO_INTERLUDE.mp3 | length=111.696 | time=30.090277777778
[Saturday/May 23/05/2026 01:14:43] /mnt/Data/OUT$IDERZ/SONGS/Projects/2025/06-25/Sommer_07-06-25/MASTER/BOUNCE/#M11_Sommer_MASTER_D23-M05-Y2026_166-BPM_48k-24b.wav | length=126.86052083333 | time=33
[Saturday/May 23/05/2026 03:19:05] /home/yannik/Desktop/Bronx/MASTER/BOUNCE/#M1_Bronx_MASTER_D23-M05-Y2026_81-BPM_48k-24b.wav | length=177.76489583333 | time=137.17361111111
[Saturday/May 23/05/2026 04:23:48] /home/yannik/Desktop/Bronx/MASTER/BOUNCE/#M2_Bronx_MASTER_D23-M05-Y2026_81-BPM_48k-24b.wav | length=177.76489583333 | time=161.77777777778
[Saturday/May 23/05/2026 18:33:38] /mnt/Data/OUT$IDERZ/SONGS/Projects/2025/06-25/Sommer_07-06-25/MASTER/BOUNCE/#M11_Sommer_MASTER_D23-M05-Y2026_166-BPM_48k-24b.wav | length=126.86052083333 | time=25.055555555556
[Sunday/May 24/05/2026 00:37:03] /mnt/Data/OUT$IDERZ/SONGS/Projects/2026/05-26/Bronx/MASTER/BOUNCE/#M4_Bronx_MASTER_D23-M05-Y2026_81-BPM_48k-24b.wav | length=177.76952083333 | time=25.208333333333
[Sunday/May 24/05/2026 00:43:56] /mnt/Data/OUT$IDERZ/SONGS/Projects/2026/05-26/Bronx/MASTER/BOUNCE/#M5_Bronx_MASTER_D24-M05-Y2026_81-BPM_48k-24b.wav | length=177.76952083333 | time=177.76952083333
[Sunday/May 24/05/2026 01:17:56] /mnt/Data/OUT$IDERZ/SONGS/Projects/2026/05-26/Bronx/MASTER/BOUNCE/#M5_Bronx_MASTER_D24-M05-Y2026_81-BPM_48k-24b.wav | length=177.76952083333 | time=155.82638888889
[Sunday/May 24/05/2026 01:18:47] /mnt/Data/OUT$IDERZ/VISUALS/Videos (YT + Socials)/Vertical Videos/IN DA PIPELINE/Ganz bestimmt Vertical/EXP/#1_Ganz bestimmt_Vertical_D04-M02-Y26_4K-60FPS-FLAC.mp4 | length=28.032 | time=0.95
[Sunday/May 24/05/2026 01:30:00] /mnt/Data/OUT$IDERZ/SONGS/Projects/2026/05-26/Bronx/MASTER/BOUNCE/#M5_Bronx_MASTER_D24-M05-Y2026_81-BPM_48k-24b.wav | length=177.76952083333 | time=176.25694444444
[Sunday/May 24/05/2026 01:48:35] /mnt/Data/OUT$IDERZ/SONGS/Projects/2026/05-26/Bronx/MASTER/BOUNCE/#M6_Bronx_MASTER_D24-M05-Y2026_81-BPM_48k-24b.wav | length=177.76952083333 | time=160.86805555556
[Sunday/May 24/05/2026 02:02:13] /mnt/Data/OUT$IDERZ/SONGS/Projects/2026/05-26/Bronx/MASTER/BOUNCE/#M7_Bronx_MASTER_D24-M05-Y2026_81-BPM_48k-24b.wav | length=177.76952083333 | time=0
[Sunday/May 24/05/2026 11:17:53] /mnt/Data/OUT$IDERZ/RESOURCES/BEAT RESOURCES/Samples/Splice Samples/91V_SG_110_synth_pluck_ice_cream_Bm.wav | length=17.454557823129 | time=0
[Sunday/May 24/05/2026 11:17:55] /mnt/Data/OUT$IDERZ/RESOURCES/BEAT RESOURCES/Samples/Splice Samples/91V_SG_110_synth_prophet_flicker_Bm.wav | length=17.454557823129 | time=0
[Sunday/May 24/05/2026 11:18:01] /mnt/Data/OUT$IDERZ/RESOURCES/BEAT RESOURCES/Samples/Splice Samples/91V_SG_120_piano_lucid_dream_F#m.wav | length=8 | time=0.77083333333333
[Sunday/May 24/05/2026 11:18:03] /mnt/Data/OUT$IDERZ/RESOURCES/BEAT RESOURCES/Samples/Splice Samples/91V_SG_110_synth_prophet_flicker_Bm.wav | length=17.454557823129 | time=7.9305555555556
[Sunday/May 24/05/2026 11:18:04] /mnt/Data/OUT$IDERZ/RESOURCES/BEAT RESOURCES/Samples/Splice Samples/91V_SG_110_synth_pluck_ice_cream_Bm.wav | length=17.454557823129 | time=4.9236111111111
[Sunday/May 24/05/2026 11:19:42] /mnt/Data/OUT$IDERZ/RESOURCES/BEAT RESOURCES/Samples/Splice Samples/ABTI_Organs_Static_Chord_140BPM_Emin.wav | length=7.3847845804989 | time=4.6875
[Sunday/May 24/05/2026 11:22:43] /mnt/Data/OUT$IDERZ/RESOURCES/BEAT RESOURCES/Samples/Splice Samples/91V_SG_120_piano_sad_keys_sidechain_F#m.wav | length=16 | time=3.4861111111111
[Sunday/May 24/05/2026 11:47:14] /mnt/Data/OUT$IDERZ/RESOURCES/BEAT RESOURCES/Samples/Splice Samples/ABTI_Organs_Static_Chord_140BPM_Emin.wav | length=7.3847845804989 | time=7.3819444444444
[Sunday/May 24/05/2026 11:47:15] /mnt/Data/OUT$IDERZ/RESOURCES/BEAT RESOURCES/Samples/Splice Samples/ABVC_Song_Starter_Overtime_75BPM_Fmin.wav | length=28.8 | time=2.5347222222222
[Sunday/May 24/05/2026 11:47:16] /mnt/Data/OUT$IDERZ/RESOURCES/BEAT RESOURCES/Samples/Splice Samples/ABSB_Melody_Loop_Sad_Merry_Go_Round_90BPM_Dmaj.wav | length=16 | time=16
[Sunday/May 24/05/2026 11:47:16] /mnt/Data/OUT$IDERZ/RESOURCES/BEAT RESOURCES/Samples/Splice Samples/ABTI_Organs_Static_Chord_140BPM_Emin.wav | length=7.3847845804989 | time=6.4305555555556
[Sunday/May 24/05/2026 11:47:17] /mnt/Data/OUT$IDERZ/RESOURCES/BEAT RESOURCES/Samples/Splice Samples/ABSB_Melody_Loop_Sad_Merry_Go_Round_90BPM_Dmaj.wav | length=16 | time=15.597222222222
[Sunday/May 24/05/2026 11:47:18] /mnt/Data/OUT$IDERZ/RESOURCES/BEAT RESOURCES/Samples/Splice Samples/ABR_Dusty_Synth_Loop_Sad_Story_Bro_130BPM_Cmin.wav | length=8.0961451247166 | time=8.0902777777778
[Sunday/May 24/05/2026 11:47:19] /mnt/Data/OUT$IDERZ/RESOURCES/BEAT RESOURCES/Samples/Splice Samples/ABSB_Melody_Loop_Sad_Merry_Go_Round_90BPM_Dmaj.wav | length=16 | time=8.3819444444444
[Sunday/May 24/05/2026 11:47:19] /mnt/Data/OUT$IDERZ/RESOURCES/BEAT RESOURCES/Samples/Splice Samples/ABR_Dusty_Synth_Loop_Sad_Story_Bro_130BPM_Cmin.wav | length=8.0961451247166 | time=7.4722222222222
[Sunday/May 24/05/2026 11:47:20] /mnt/Data/OUT$IDERZ/RESOURCES/BEAT RESOURCES/Samples/Splice Samples/91V_SG_120_piano_sad_keys_sidechain_F#m.wav | length=16 | time=7.5555555555556
[Sunday/May 24/05/2026 14:31:53] /home/yannik/Desktop/BEAT/session dani 2.mp3 | length=59.112 | time=30.291666666667
[Sunday/May 24/05/2026 14:32:08] /mnt/Data/OUT$IDERZ/RESOURCES/BEAT RESOURCES/Samples/Splice Samples/Afro Dancehall Vol 2/One_Shots/Tonal/SS_AD2_bass_808_afro_long_C1.wav | length=2.3166666666667 | time=1.25
[Sunday/May 24/05/2026 14:32:42] /mnt/Data/OUT$IDERZ/RESOURCES/BEAT RESOURCES/Samples/Splice Samples/BOS_NYF_78_Keys_Loop_Rhodes_In_Love_Gm.wav | length=24.615396825397 | time=6.2916666666667
[Sunday/May 24/05/2026 14:32:46] /mnt/Data/OUT$IDERZ/RESOURCES/BEAT RESOURCES/Samples/Splice Samples/BOS_NYF_78_Keys_Loop_Rhodes_In_Love_Gm.wav | length=24.615396825397 | time=5.0138888888889
[Sunday/May 24/05/2026 14:32:56] /mnt/Data/OUT$IDERZ/RESOURCES/BEAT RESOURCES/Samples/Splice Samples/BOS_NYF_78_Keys_Loop_Rhodes_Scales_Gm.wav | length=24.615396825397 | time=9.4652777777778
[Sunday/May 24/05/2026 14:33:36] /mnt/Data/OUT$IDERZ/RESOURCES/BEAT RESOURCES/Samples/Splice Samples/BOS_NYF_78_Keys_Loop_Rhodes_Scales_Gm.wav | length=24.615396825397 | time=12.631944444444
[Sunday/May 24/05/2026 14:33:38] /mnt/Data/OUT$IDERZ/RESOURCES/BEAT RESOURCES/Samples/Splice Samples/BOS_NYF_78_Keys_Loop_Rhodes_Wild_Cherry_Gm.wav | length=12.30768707483 | time=7.0277777777778
[Sunday/May 24/05/2026 14:33:48] /mnt/Data/OUT$IDERZ/RESOURCES/BEAT RESOURCES/Samples/Splice Samples/BOS_NYF_78_Keys_Loop_Rhodes_Flavor_Of_Love_Gm.wav | length=12.30768707483 | time=11.041666666667
[Sunday/May 24/05/2026 14:33:48] /mnt/Data/OUT$IDERZ/RESOURCES/BEAT RESOURCES/Samples/Splice Samples/BOS_NYF_78_Keys_Loop_Rhodes_Fancy_You_Gm.wav | length=24.61537414966 | time=0.22222222222222
[Sunday/May 24/05/2026 14:34:02] /mnt/Data/OUT$IDERZ/RESOURCES/BEAT RESOURCES/Samples/Splice Samples/BOS_NYF_78_Keys_Loop_Rhodes_Flavor_Of_Love_Gm.wav | length=12.30768707483 | time=12.305555555556
[Sunday/May 24/05/2026 14:34:03] /mnt/Data/OUT$IDERZ/RESOURCES/BEAT RESOURCES/Samples/Splice Samples/BOS_NYF_78_Keys_Loop_Rhodes_In_Love_Gm.wav | length=24.615396825397 | time=2.75
[Sunday/May 24/05/2026 14:34:46] /mnt/Data/OUT$IDERZ/RESOURCES/BEAT RESOURCES/Samples/Splice Samples/BOS_NYF_117_Keys_Loop_Rhodes_Effects_Me_Cm.wav | length=16.410249433107 | time=2.75
[Sunday/May 24/05/2026 14:35:27] /mnt/Data/OUT$IDERZ/RESOURCES/BEAT RESOURCES/Samples/Splice Samples/BOS_NYF_117_Keys_Loop_Rhodes_Effects_Me_Cm.wav | length=16.410249433107 | time=8.4652777777778
[Sunday/May 24/05/2026 14:35:54] /mnt/Data/OUT$IDERZ/RESOURCES/BEAT RESOURCES/Samples/Splice Samples/BOS_NYF_78_Keys_Loop_Rhodes_Up_And_Up_Gm.wav | length=24.61537414966 | time=24.611111111111
[Sunday/May 24/05/2026 14:35:55] /mnt/Data/OUT$IDERZ/RESOURCES/BEAT RESOURCES/Samples/Splice Samples/BOS_NYF_78_Keys_Loop_Rhodes_Wild_Cherry_Gm.wav | length=12.30768707483 | time=12.305555555556
[Sunday/May 24/05/2026 14:35:57] /mnt/Data/OUT$IDERZ/RESOURCES/BEAT RESOURCES/Samples/Splice Samples/BOS_NYF_117_Keys_Loop_Rhodes_Brand_New_Am.wav | length=8.2051247165533 | time=8.2013888888889
[Sunday/May 24/05/2026 14:36:22] /mnt/Data/OUT$IDERZ/RESOURCES/BEAT RESOURCES/Samples/Splice Samples/BOS_NYF_78_Keys_Loop_Rhodes_Wild_Cherry_Gm.wav | length=12.30768707483 | time=3.2152777777778
[Sunday/May 24/05/2026 14:36:23] /mnt/Data/OUT$IDERZ/RESOURCES/BEAT RESOURCES/Samples/Splice Samples/BOS_NYF_117_Keys_Loop_Rhodes_Brand_New_Am.wav | length=8.2051247165533 | time=1.4722222222222
[Sunday/May 24/05/2026 14:36:28] /mnt/Data/OUT$IDERZ/RESOURCES/BEAT RESOURCES/Samples/Splice Samples/BOS_NYF_117_Keys_Loop_Rhodes_Effects_Me_Cm.wav | length=16.410249433107 | time=4.6111111111111
[Sunday/May 24/05/2026 14:51:13] /mnt/Data/OUT$IDERZ/RESOURCES/BEAT RESOURCES/Samples/Splice Samples/BOS_NYF_117_Keys_Loop_Rhodes_Spacey_Cm.wav | length=16.410249433107 | time=1.1875
[Sunday/May 24/05/2026 14:51:25] /mnt/Data/OUT$IDERZ/RESOURCES/BEAT RESOURCES/Samples/Splice Samples/BOS_NYF_117_Keys_Loop_Rhodes_Emo_Cm.wav | length=16.410249433107 | time=1.7361111111111
[Sunday/May 24/05/2026 14:51:28] /mnt/Data/OUT$IDERZ/RESOURCES/BEAT RESOURCES/Samples/Splice Samples/BOS_NYF_117_Keys_Loop_Rhodes_Sky_High_Cm.wav | length=16.410249433107 | time=1.2430555555556
[Sunday/May 24/05/2026 14:51:30] /mnt/Data/OUT$IDERZ/RESOURCES/BEAT RESOURCES/Samples/Splice Samples/BOS_NYF_117_Keys_Loop_Rhodes_Get_Your_Number_Am.wav | length=16.410249433107 | time=3.7430555555556
[Sunday/May 24/05/2026 14:51:32] /mnt/Data/OUT$IDERZ/RESOURCES/BEAT RESOURCES/Samples/Splice Samples/BOS_NYF_78_Keys_Loop_Rhodes_Scales_Gm.wav | length=24.615396825397 | time=22.673611111111
[Sunday/May 24/05/2026 14:51:43] /mnt/Data/OUT$IDERZ/RESOURCES/BEAT RESOURCES/Samples/Splice Samples/BOS_NYF_117_Keys_Loop_Rhodes_Emo_Cm.wav | length=16.410249433107 | time=0
[Sunday/May 24/05/2026 14:51:47] /mnt/Data/OUT$IDERZ/RESOURCES/BEAT RESOURCES/Samples/Splice Samples/ABR_Dusty_Synth_Loop_Sad_Story_Bro_130BPM_Cmin.wav | length=8.0961451247166 | time=0
[Sunday/May 24/05/2026 20:18:20] /mnt/Data/OUT$IDERZ/SONGS/Projects/2026/05-26/Bronx/MASTER/BOUNCE/#M8_Bronx_MASTER_D24-M05-Y2026_81-BPM_48k-24b.wav | length=177.76952083333 | time=0
[Sunday/May 24/05/2026 21:55:08] /mnt/Data/OUT$IDERZ/RESOURCES/BEAT RESOURCES/Samples/Splice Samples/BOS_NYF_117_Keys_Loop_Rhodes_Emo_Cm.wav | length=16.410249433107 | time=2.1111111111111
[Sunday/May 24/05/2026 21:55:21] /mnt/Data/OUT$IDERZ/SONGS/Projects/2026/05-26/Bronx/MASTER/BOUNCE/#M8_Bronx_MASTER_D24-M05-Y2026_81-BPM_48k-24b.wav | length=177.76952083333 | time=3
[Monday/May 25/05/2026 00:02:15] /home/yannik/Desktop/BEAT/session dani 2.mp3 | length=59.112 | time=31.715277777778
[Monday/May 25/05/2026 00:02:29] /home/yannik/Desktop/Dani Neuanfang/BEAT/session dani 2.mp3 | length=59.112 | time=2.9375
[Monday/May 25/05/2026 02:06:40] /home/yannik/Desktop/Im Süden sind wir alle nur zerbrochen wie die erste Liebe/VOX/VOX BUS_Im Süden sind wir alle nur zerbrochen wie die erste Liebe_D25-M05-Y2026_75-BPM_48k-b.mp3 | length=97.154395833333 | time=97.154395833333
[Monday/May 25/05/2026 17:28:58] /mnt/Data/OUT$IDERZ/SONGS/Projects/2025/06-25/Sommer_07-06-25/MASTER/BOUNCE/#M13_Sommer_MASTER_D24-M05-Y2026_166-BPM_48k-24b.wav | length=126.86052083333 | time=124.01388888889
[Monday/May 25/05/2026 23:39:52] /mnt/Data/OUT$IDERZ/SONGS/Projects/2025/06-25/Sommer_07-06-25/MASTER/BOUNCE/#M14_Sommer_MASTER_D25-M05-Y2026_166-BPM_48k-24b.wav | length=126.86052083333 | time=36.555555555556
[Monday/May 25/05/2026 23:47:23] /mnt/Data/OUT$IDERZ/SONGS/Projects/2025/06-25/Sommer_07-06-25/BEAT/eyecloud-summer-love-166-c-m-untagged.wav | length=161.92770975057 | time=112.33333333333
[Monday/May 25/05/2026 23:48:02] /mnt/Data/OUT$IDERZ/SONGS/Projects/2025/06-25/Sommer_07-06-25/MASTER/BOUNCE/#M8_Sommer_MASTER_D11-M05-Y2026_166-BPM_48k-24b.wav | length=128.48789583333 | time=104.3125
[Monday/May 25/05/2026 23:48:18] /mnt/Data/OUT$IDERZ/SONGS/Projects/2025/03-25/Jango x Cozy - Hero Tommy/REC Boombap rama low (hero thommy) skizze 24 bit 48 kHz.wav | length=246.9756875 | time=132.65277777778
[Monday/May 25/05/2026 23:49:02] /mnt/Data/OUT$IDERZ/SONGS/Projects/2025/06-25/Zu Hause/MASTER/#M2_Zu Hause Master 24bit 44.1 kHz #2.wav | length=194.62108843537 | time=170.625
[Monday/May 25/05/2026 23:49:28] /mnt/Data/OUT$IDERZ/SONGS/Projects/2025/06-25/Sommer_07-06-25/BEAT/eyecloud-summer-love-166-c-m-untagged.wav | length=161.92770975057 | time=109.55555555556
[Monday/May 25/05/2026 23:49:47] /mnt/Data/OUT$IDERZ/SONGS/Projects/2025/06-25/Sommer_07-06-25/MASTER/BOUNCE/#M14_Sommer_MASTER_D25-M05-Y2026_166-BPM_48k-24b.wav | length=126.86052083333 | time=119.23611111111
[Monday/May 25/05/2026 23:52:18] /mnt/Data/OUT$IDERZ/SONGS/Projects/2025/06-25/Sommer_07-06-25/MASTER/BOUNCE/#M15_Sommer_MASTER_D25-M05-Y2026_166-BPM_48k-24b.wav | length=126.86052083333 | time=49.548611111111
[Tuesday/May 26/05/2026 00:48:32] /mnt/Data/OUT$IDERZ/SONGS/Projects/2026/05-26/Bronx/MASTER/BOUNCE/#M9_Bronx_MASTER_D26-M05-Y2026_81-BPM_48k-24b.wav | length=177.76952083333 | time=0.26388888888889
[Tuesday/May 26/05/2026 00:55:58] /mnt/Data/OUT$IDERZ/SONGS/Projects/2026/05-26/Bronx/MASTER/BOUNCE/#M10_Bronx_MASTER_D26-M05-Y2026_81-BPM_48k-24b.wav | length=177.76952083333 | time=177.76952083333
[Tuesday/May 26/05/2026 01:01:08] /mnt/Data/OUT$IDERZ/SONGS/Projects/2025/06-25/Sommer_07-06-25/MASTER/BOUNCE/#M15_Sommer_MASTER_D25-M05-Y2026_166-BPM_48k-24b.wav | length=126.86052083333 | time=126.86052083333
[Tuesday/May 26/05/2026 17:20:05] /mnt/Data/OUT$IDERZ/SONGS/Projects/2025/06-25/Sommer_07-06-25/MASTER/BOUNCE/#M16_Sommer_MASTER_D26-M05-Y2026_166-BPM_48k-24b.wav | length=126.86052083333 | time=126.86052083333
[Tuesday/May 26/05/2026 17:48:11] /mnt/Data/Music_Collection/Other/YT Playlists (09-23)/Coole Beats/316. [FREE] Blink-182 Type Trap Beat -  WAVE  (prod. by Fantom)   Pop Punk Rock Rap Instrumental.mp3 | length=149.652625 | time=2.1014243839433
[Tuesday/May 26/05/2026 17:48:14] /mnt/Data/Music_Collection/Other/YT Playlists (09-23)/Coole Beats/310. FREE  J Cole x Mac Miller Type Beat  Dangerous.mp3 | length=180.00110416667 | time=0.86907887260998
[Tuesday/May 26/05/2026 18:15:14] /mnt/Data/OUT$IDERZ/SONGS/Projects/2026/05-26/FREESTYLE - Nummer Eins/BOUNCE/FREESTYLE - Nummer Eins_D26-M05-Y2026_90-BPM_48k-24b.wav | length=202.00533333333 | time=173.29166666667
[Tuesday/May 26/05/2026 18:15:16] /mnt/Data/OUT$IDERZ/SONGS/Projects/2026/05-26/FREESTYLE - Nummer Eins/BOUNCE/FREESTYLE - Nummer Eins_D26-M05-Y2026_90-BPM_48k-24b.wav | length=202.00533333333 | time=172.32638888889
[Tuesday/May 26/05/2026 18:18:56] /mnt/Data/OUT$IDERZ/SONGS/Projects/2026/05-26/FREESTYLE - Nummer Eins/BOUNCE/FREESTYLE - Nummer Eins_D26-M05-Y2026_90-BPM_48k-24b.wav | length=202.00533333333 | time=184.68055555556
[Tuesday/May 26/05/2026 19:36:06] /run/user/1000/doc/4d191d43/Euphoria.US.S03E06.Stand.Still.and.See.1080p.WEB-DL.x265.6CH-Pahe.in.mkv | length=3599.699 | time=3058.764
[Tuesday/May 26/05/2026 19:43:44] /run/user/1000/doc/4d191d43/Euphoria.US.S03E06.Stand.Still.and.See.1080p.WEB-DL.x265.6CH-Pahe.in.mkv | length=3599.699 | time=3482.312
[Tuesday/May 26/05/2026 19:43:44] /run/user/1000/doc/4d191d43/Euphoria.US.S03E06.Stand.Still.and.See.1080p.WEB-DL.x265.6CH-Pahe.in.mkv | length=3599.699 | time=0
[Tuesday/May 26/05/2026 22:20:55] /run/user/1000/doc/743ebfa1/Euphoria.US.S03E07.Rain.or.Shine.1080p.WEB-DL.x265.6CH-Pahe.in.mkv | length=4629.032 | time=4512.591
[Tuesday/May 26/05/2026 22:38:38] /mnt/Data/OUT$IDERZ/SONGS/Projects/2025/06-25/Sommer_07-06-25/MASTER/BOUNCE/#M16_Sommer_MASTER_D26-M05-Y2026_166-BPM_48k-24b.wav | length=126.86052083333 | time=69.076388888889
[Wednesday/May 27/05/2026 00:31:59] /home/yannik/Desktop/STUDENTISCHE HILFSKRAFT/PODCAST/Ep. 15 - Fakultät NXT (01.04.26)/Podcast Episode 15/Media/SprecherIn 2 #23.aif | length=2302.8096598639 | time=2087.2986111111
[Wednesday/May 27/05/2026 00:32:20] /home/yannik/Desktop/STUDENTISCHE HILFSKRAFT/PODCAST/Ep. 15 - Fakultät NXT (01.04.26)/Podcast Episode 15/Media/SprecherIn 3 #08.aif | length=2302.8096598639 | time=1920.7916666667
[Wednesday/May 27/05/2026 00:38:21] /home/yannik/Desktop/STUDENTISCHE HILFSKRAFT/PODCAST/Ep. 15 - Fakultät NXT (01.04.26)/Podcast Episode 15/BOUNCE/Podcast Episode 15_D27-M05-Y2026_90-BPM_48k-24b.wav | length=1949.8520833333 | time=1823.7777777778
[Wednesday/May 27/05/2026 00:41:40] /home/yannik/Desktop/STUDENTISCHE HILFSKRAFT/PODCAST/Ep. 16 - Studienberatung (01.04.26)/FOOTAGE/Audio Files/SprecherIn 2 #24.aif | length=2213.1328571429 | time=2084.1319444444
[Wednesday/May 27/05/2026 00:41:47] /home/yannik/Desktop/STUDENTISCHE HILFSKRAFT/PODCAST/Ep. 16 - Studienberatung (01.04.26)/FOOTAGE/Audio Files/SprecherIn 3 #09.aif | length=2213.1328571429 | time=509.29861111111
[Wednesday/May 27/05/2026 00:41:57] /home/yannik/Desktop/STUDENTISCHE HILFSKRAFT/PODCAST/Ep. 16 - Studienberatung (01.04.26)/FOOTAGE/Audio Files/SprecherIn 2 #24.aif | length=2213.1328571429 | time=716.38888888889
[Wednesday/May 27/05/2026 00:42:30] /home/yannik/Desktop/STUDENTISCHE HILFSKRAFT/PODCAST/Ep. 16 - Studienberatung (01.04.26)/FOOTAGE/Audio Files/SprecherIn 1 #27.aif | length=2213.1328571429 | time=104.29861111111
[Wednesday/May 27/05/2026 00:42:38] /home/yannik/Desktop/STUDENTISCHE HILFSKRAFT/PODCAST/Ep. 16 - Studienberatung (01.04.26)/FOOTAGE/Audio Files/SprecherIn 2 #24.aif | length=2213.1328571429 | time=1750.3194444444
[Wednesday/May 27/05/2026 00:42:44] /home/yannik/Desktop/STUDENTISCHE HILFSKRAFT/PODCAST/Ep. 16 - Studienberatung (01.04.26)/FOOTAGE/Audio Files/SprecherIn 3 #09.aif | length=2213.1328571429 | time=1664.2569444444
[Wednesday/May 27/05/2026 00:42:56] /home/yannik/Desktop/STUDENTISCHE HILFSKRAFT/PODCAST/Ep. 16 - Studienberatung (01.04.26)/FOOTAGE/Audio Files/SprecherIn 1 #27.aif | length=2213.1328571429 | time=1642.875
[Wednesday/May 27/05/2026 00:43:31] /home/yannik/Desktop/STUDENTISCHE HILFSKRAFT/PODCAST/Ep. 16 - Studienberatung (01.04.26)/FOOTAGE/Audio Files/SprecherIn 1 #27.aif | length=2213.1328571429 | time=656.80555555556
[Wednesday/May 27/05/2026 00:44:14] /home/yannik/Desktop/STUDENTISCHE HILFSKRAFT/PODCAST/Ep. 15 - Fakultät NXT (01.04.26)/FOOTAGE/Audio Files/SprecherIn 1 #21.aif | length=1469.8942630385 | time=6.0416666666667
[Wednesday/May 27/05/2026 00:44:21] /home/yannik/Desktop/STUDENTISCHE HILFSKRAFT/PODCAST/Ep. 15 - Fakultät NXT (01.04.26)/FOOTAGE/Audio Files/SprecherIn 2 #23.aif | length=2302.8096598639 | time=194.25694444444
[Wednesday/May 27/05/2026 00:44:37] /home/yannik/Desktop/STUDENTISCHE HILFSKRAFT/PODCAST/Ep. 15 - Fakultät NXT (01.04.26)/FOOTAGE/Audio Files/SprecherIn 3 #08.aif | length=2302.8096598639 | time=123.40972222222
[Wednesday/May 27/05/2026 00:44:49] /home/yannik/Desktop/STUDENTISCHE HILFSKRAFT/PODCAST/Ep. 15 - Fakultät NXT (01.04.26)/FOOTAGE/Audio Files/SprecherIn 1 #25.aif | length=2302.8096598639 | time=1773.1805555556
[Wednesday/May 27/05/2026 00:45:25] /home/yannik/Desktop/UPLOAD DEL/15/uncut/SprecherIn 1 #25.aif | length=2302.8096598639 | time=1997.2569444444
[Wednesday/May 27/05/2026 00:45:49] /home/yannik/Desktop/UPLOAD DEL/16/SprecherIn 1 #27.aif | length=2213.1328571429 | time=2160.0486111111
[Wednesday/May 27/05/2026 00:46:48] /home/yannik/Desktop/UPLOAD DEL/15/#1_Podcast Episode 15_D27-M05-Y2026_90-BPM_48k-24b.wav | length=1949.8520833333 | time=713.88194444444
[Wednesday/May 27/05/2026 00:50:04] /home/yannik/Desktop/UPLOAD DEL/15/#1_Podcast Episode 15_D27-M05-Y2026_90-BPM_48k-24b.wav | length=1949.8520833333 | time=33.951388888889
[Wednesday/May 27/05/2026 00:50:48] /home/yannik/Desktop/UPLOAD DEL/15/uncut/SprecherIn 1 #25.aif | length=2302.8096598639 | time=1778.9236111111
[Wednesday/May 27/05/2026 00:53:21] /home/yannik/Desktop/STUDENTISCHE HILFSKRAFT/PODCAST/Ep. 15 - Fakultät NXT (01.04.26)/FOOTAGE/Audio Files/SprecherIn 2 #23.aif | length=2302.8096598639 | time=197.48611111111
[Wednesday/May 27/05/2026 16:11:19] /mnt/Data/OUT$IDERZ/VISUALS/Videos (YT + Socials)/Vertical Videos/2026/10. Alles verloren Vertical/EXP/#3_Alles verloren_Vertical_D15-M05-Y26_4K-60FPS-FLAC.mp4 | length=18.048 | time=14.583333333333
[Wednesday/May 27/05/2026 20:05:14] /mnt/Data/OUT$IDERZ/SONGS/Projects/2025/06-25/Sommer_07-06-25/MASTER/BOUNCE/#M17_Sommer_MASTER_D26-M05-Y2026_166-BPM_48k-24b.wav | length=126.86052083333 | time=40.8125
[Wednesday/May 27/05/2026 20:09:03] /mnt/Data/OUT$IDERZ/SONGS/Released Projects/OT$Z DI$COGRAPHY/Cozy/2026/9. OT$Z Cozy - Sommer (2026 Single)/#M17_Sommer_MASTER_D26-M05-Y2026_166-BPM_48k-24b.wav | length=126.86052083333 | time=6.5069444444444
[Wednesday/May 27/05/2026 20:11:58] /mnt/Data/OUT$IDERZ/SONGS/Released Projects/OT$Z DI$COGRAPHY/Cozy/2026/9. OT$Z Cozy - Sommer (2026 Single)/SONG + COVER/#M17_Sommer_MASTER_D26-M05-Y2026_166-BPM_48k-24b.wav | length=126.86052083333 | time=126.86052083333
[Thursday/May 28/05/2026 00:37:08] /home/yannik/Downloads/Animal.Farm.2025.1080p.WEB-DL.x265.6CH-Pahe.in.mkv | length=5673.384 | time=3016.43
[Thursday/May 28/05/2026 00:37:24] /home/yannik/Downloads/Animal Farm (2025) (Eng Dub).mkv | length=5673.384 | time=5.172
[Thursday/May 28/05/2026 00:37:54] /run/user/1000/doc/f3f81d6b/A Greyhound of a Girl (2023) (Eng Dub).mkv | length=5322.92 | time=3957.042
[Thursday/May 28/05/2026 03:27:22] /home/yannik/Desktop/STUDENTISCHE HILFSKRAFT/PODCAST/Ep. 15 - Fakultät NXT (01.04.26)/Podcast Episode 15/BOUNCE/#1_Podcast Episode 15_D27-M05-Y2026_90-BPM_48k-24b.wav | length=1949.8520833333 | time=1465.7152777778
[Thursday/May 28/05/2026 23:01:05] /mnt/Data/OUT$IDERZ/VISUALS/Videos (YT + Socials)/YT Videos/2026/10. Alles verloren YT/EXP/#1_Alles verloren_YT_D07-M05-Y26_4K-60FPS-libx264-FLAC.mp4 | length=170.688 | time=170.688
[Thursday/May 28/05/2026 23:04:44] /mnt/Data/OUT$IDERZ/VISUALS/Videos (YT + Socials)/YT Videos/2026/11. Sommer YT/EXP/#2_Sommer_YT_D27-M05-Y26_4K-60FPS-FLAC.mp4 | length=126.912 | time=3.3333333333333
[Thursday/May 28/05/2026 23:05:01] /mnt/Data/OUT$IDERZ/VISUALS/Videos (YT + Socials)/Vertical Videos/2026/10. Alles verloren Vertical/EXP/#3_Alles verloren_Vertical_D15-M05-Y26_4K-60FPS-FLAC.mp4 | length=18.048 | time=15.6
[Thursday/May 28/05/2026 23:06:20] /mnt/Data/OUT$IDERZ/VISUALS/Videos (YT + Socials)/YT Videos/2026/11. Sommer YT/EXP/#2_Sommer_YT_D27-M05-Y26_4K-60FPS-FLAC.mp4 | length=126.912 | time=1.4666666666667
[Friday/May 29/05/2026 16:41:55] /run/user/1000/doc/dca219dc/Hitmaker Frank Dukes on getting sampled by Kanye West, Drake, Madlib & more.mp4 | length=512.11609977324 | time=476.776
[Friday/May 29/05/2026 17:48:32] /home/yannik/Downloads/20187 (2018) (Ger Dub).mp4 | length=2872.7263492063 | time=3.32
[Friday/May 29/05/2026 21:02:03] /run/user/1000/doc/4c60b5e1/Harry Mack doing Triple Time.mp4 | length=19.272562358277 | time=4.7326666666667
[Friday/May 29/05/2026 21:02:56] /run/user/1000/doc/fffd5717/How To Get Better At Freestyle Rapping - Setup, Punchline  [Harry Mack].mp4 | length=1379.892244898 | time=2.8333333333333
[Friday/May 29/05/2026 21:06:06] /run/user/1000/doc/cd44816b/Started Rapping For No One, Then THIS Happened [Harry Mack].mp4 | length=1286.0604081633 | time=6.7977555555556
[Friday/May 29/05/2026 21:10:59] /home/yannik/Downloads/Harry Mack - Daily Routine.mp4 | length=131.70358276644 | time=2.8028028028028
[Friday/May 29/05/2026 21:18:23] /home/yannik/Downloads/How To Practice Freestyle - Harry Mack Freestyle.mp4 | length=101.00680272109 | time=3.566
[Friday/May 29/05/2026 21:44:47] /home/yannik/Downloads/Joey Bada$$ Impressed By YouTube Rapper Harry Mack's Freestyle- Reaction!!!.mp4 | length=430.19609977324 | time=105.20473333333
[Friday/May 29/05/2026 22:04:47] /run/user/1000/doc/1ed68e54/I Broke Down My Bars, WHILE FREESTYLING.mp4 | length=151.53342403628 | time=1.9326666666667
[Friday/May 29/05/2026 22:05:04] /home/yannik/Downloads/How To Practice Freestyle - Harry Mack Freestyle.mp4 | length=101.00680272109 | time=4.4326666666667
[Friday/May 29/05/2026 22:05:43] /run/user/1000/doc/cd44816b/Started Rapping For No One, Then THIS Happened [Harry Mack].mp4 | length=1286.0604081633 | time=3.0857111111111
[Friday/May 29/05/2026 22:10:42] /run/user/1000/doc/752dd44a/44 - Drogen & Trends.2 & Kapitel 20_ Eine Treppe in Barelona.1 - Der Pakt.mp3 | length=400 | time=1.2088548749433
[Friday/May 29/05/2026 22:14:30] /mnt/Data/Other_Stuff/Books and Audiobooks/Audiobooks/Raphael Ragucci - Der Pakt (2023) (Ger Dub)/01 - Kapitel 1_ Code Wien.1 - Der Pakt.mp3 | length=211 | time=210.74139718195
[Friday/May 29/05/2026 22:17:33] /mnt/Data/Other_Stuff/Books and Audiobooks/Audiobooks/Raphael Ragucci - Der Pakt (2023) (Ger Dub)/02 - Kapitel 1_ Code Wien.2 - Der Pakt.mp3 | length=158.60004444444 | time=158.33817836861
[Friday/May 29/05/2026 22:21:21] /mnt/Data/Other_Stuff/Books and Audiobooks/Audiobooks/Raphael Ragucci - Der Pakt (2023) (Ger Dub)/04 - Prolog_ Alles nur Worte.2 & Kapitel 2_ Der erste Kontakt.1 - Der Pakt.mp3 | length=285 | time=6.1212124139433
[Friday/May 29/05/2026 22:21:26] /mnt/Data/Other_Stuff/Books and Audiobooks/Audiobooks/Raphael Ragucci - Der Pakt (2023) (Ger Dub)/02 - Kapitel 1_ Code Wien.2 - Der Pakt.mp3 | length=158.60004444444 | time=3.5895366249433
[Friday/May 29/05/2026 22:21:32] /mnt/Data/Other_Stuff/Books and Audiobooks/Audiobooks/Raphael Ragucci - Der Pakt (2023) (Ger Dub)/02 - Kapitel 1_ Code Wien.2 - Der Pakt.mp3 | length=158.60004444444 | time=70.493056629943
[Friday/May 29/05/2026 22:21:47] /mnt/Data/Other_Stuff/Books and Audiobooks/Audiobooks/Raphael Ragucci - Der Pakt (2023) (Ger Dub)/03 - Kapitel 1_ Code Wien.3 & Prolog_ Alles nur Worte.1 - Der Pakt.mp3 | length=213.39997916667 | time=213.15605610961
[Friday/May 29/05/2026 22:53:31] /mnt/Data/Other_Stuff/Books and Audiobooks/Audiobooks/Raphael Ragucci - Der Pakt (2023) (Ger Dub)/04 - Prolog_ Alles nur Worte.2 & Kapitel 2_ Der erste Kontakt.1 - Der Pakt.mp3 | length=285 | time=284.74174547661
[Friday/May 29/05/2026 22:57:37] /mnt/Data/Other_Stuff/Books and Audiobooks/Audiobooks/Raphael Ragucci - Der Pakt (2023) (Ger Dub)/05 - Kapitel 2_ Der erste Kontakt.2 - Der Pakt.mp3 | length=254.7 | time=254.45610684529
[Friday/May 29/05/2026 22:59:46] /mnt/Data/Other_Stuff/Books and Audiobooks/Audiobooks/Raphael Ragucci - Der Pakt (2023) (Ger Dub)/06 - Kapitel 2_ Der erste Kontakt.3 - Der Pakt.mp3 | length=143.8 | time=143.55134979828
[Friday/May 29/05/2026 23:02:42] /mnt/Data/Other_Stuff/Books and Audiobooks/Audiobooks/Raphael Ragucci - Der Pakt (2023) (Ger Dub)/07 - Kapitel 2_ Der erste Kontakt.4 - Der Pakt.mp3 | length=176.7 | time=176.45122178528
[Friday/May 29/05/2026 23:05:23] /mnt/Data/Other_Stuff/Books and Audiobooks/Audiobooks/Raphael Ragucci - Der Pakt (2023) (Ger Dub)/08 - Kapitel 2_ Der erste Kontakt.5 & Von Castings.1 - Der Pakt.mp3 | length=138.8 | time=138.54271528394
[Friday/May 29/05/2026 23:07:45] /mnt/Data/Other_Stuff/Books and Audiobooks/Audiobooks/Raphael Ragucci - Der Pakt (2023) (Ger Dub)/09 - Von Castings.2 - Der Pakt.mp3 | length=142.4 | time=142.14264240195
[Friday/May 29/05/2026 23:16:18] /mnt/Data/Other_Stuff/Books and Audiobooks/Audiobooks/Raphael Ragucci - Der Pakt (2023) (Ger Dub)/10 - Von Castings.3 & Kapitel 3_ Erste Schritte.1 - Der Pakt.mp3 | length=156.1 | time=155.83863576195
[Friday/May 29/05/2026 23:18:25] /mnt/Data/Other_Stuff/Books and Audiobooks/Audiobooks/Raphael Ragucci - Der Pakt (2023) (Ger Dub)/11 - Kapitel 3_ Erste Schritte.2 - Der Pakt.mp3 | length=127.2 | time=126.94924068961
[Friday/May 29/05/2026 23:21:35] /mnt/Data/Other_Stuff/Books and Audiobooks/Audiobooks/Raphael Ragucci - Der Pakt (2023) (Ger Dub)/12 - Kapitel 3_ Erste Schritte.3 & Kapitel 4_ Skandal & Das brennende B.1 - Der Pakt.mp3 | length=147.30025555556 | time=147.05594901728
[Friday/May 29/05/2026 23:42:38] /mnt/Data/OUT$IDERZ/VISUALS/Videos (YT + Socials)/YT Videos/2026/11. Sommer YT/EXP/#3_Sommer_YT_D28-M05-Y26_4K-60FPS-FLAC.mp4 | length=126.912 | time=70.883333333333
[Friday/May 29/05/2026 23:42:50] /mnt/Data/OUT$IDERZ/VISUALS/Videos (YT + Socials)/YT Videos/2026/11. Sommer YT/EXP/#3_Sommer_YT_D28-M05-Y26_4K-60FPS-FLAC.mp4 | length=126.912 | time=76.216666666667
[Saturday/May 30/05/2026 01:50:44] /mnt/Data/Other_Stuff/Books and Audiobooks/Audiobooks/Raphael Ragucci - Der Pakt (2023) (Ger Dub)/15 - Kapitel 4_ Skandal & Das brennende B.4 & Kapitel 5_ Neue Welt.1 - Der Pakt.mp3 | length=153.2 | time=152.93028595995
[Saturday/May 30/05/2026 01:54:40] /mnt/Data/Other_Stuff/Books and Audiobooks/Audiobooks/Raphael Ragucci - Der Pakt (2023) (Ger Dub)/16 - Kapitel 5_ Neue Welt.2 - Der Pakt.mp3 | length=235.7 | time=235.44221981695
[Saturday/May 30/05/2026 01:56:00] /mnt/Data/Other_Stuff/Books and Audiobooks/Audiobooks/Raphael Ragucci - Der Pakt (2023) (Ger Dub)/17 - Kapitel 5_ Neue Welt.3 & Kapitel 6_ Camps.1 - Der Pakt.mp3 | length=167.3 | time=167.05074591028
[Saturday/May 30/05/2026 01:58:36] /mnt/Data/Other_Stuff/Books and Audiobooks/Audiobooks/Raphael Ragucci - Der Pakt (2023) (Ger Dub)/18 - Kapitel 6_ Camps.2 - Der Pakt.mp3 | length=293 | time=0.56858676194331
[Saturday/May 30/05/2026 01:58:37] /mnt/Data/Other_Stuff/Books and Audiobooks/Audiobooks/Raphael Ragucci - Der Pakt (2023) (Ger Dub)/17 - Kapitel 5_ Neue Welt.3 & Kapitel 6_ Camps.1 - Der Pakt.mp3 | length=167.3 | time=0
[Saturday/May 30/05/2026 01:58:40] /mnt/Data/Other_Stuff/Books and Audiobooks/Audiobooks/Raphael Ragucci - Der Pakt (2023) (Ger Dub)/16 - Kapitel 5_ Neue Welt.2 - Der Pakt.mp3 | length=235.7 | time=0
[Saturday/May 30/05/2026 01:58:44] /mnt/Data/Other_Stuff/Books and Audiobooks/Audiobooks/Raphael Ragucci - Der Pakt (2023) (Ger Dub)/14 - Kapitel 4_ Skandal & Das brennende B.3 - Der Pakt.mp3 | length=174.2 | time=2.8167144709433
[Saturday/May 30/05/2026 02:15:15] /mnt/Data/Other_Stuff/Books and Audiobooks/Audiobooks/Raphael Ragucci - Der Pakt (2023) (Ger Dub)/13 - Kapitel 4_ Skandal & Das brennende B.2 - Der Pakt.mp3 | length=400.6 | time=400.35699530928
[Saturday/May 30/05/2026 02:18:24] /mnt/Data/Other_Stuff/Books and Audiobooks/Audiobooks/Raphael Ragucci - Der Pakt (2023) (Ger Dub)/14 - Kapitel 4_ Skandal & Das brennende B.3 - Der Pakt.mp3 | length=174.2 | time=173.92658152961
[Saturday/May 30/05/2026 02:18:25] /mnt/Data/Other_Stuff/Books and Audiobooks/Audiobooks/Raphael Ragucci - Der Pakt (2023) (Ger Dub)/15 - Kapitel 4_ Skandal & Das brennende B.4 & Kapitel 5_ Neue Welt.1 - Der Pakt.mp3 | length=153.2 | time=0
[Saturday/May 30/05/2026 11:16:08] /home/yannik/Downloads/Started Rapping For No One, Then THIS Happened.f401.mp4 | length=1285.9930416667 | time=4.129125
[Saturday/May 30/05/2026 11:16:20] /home/yannik/Downloads/Started Rapping For No One, Then THIS Happened.mp4 | length=1286.0604081633 | time=8.4243777777778
[Saturday/May 30/05/2026 11:49:46] /mnt/Data/Other_Stuff/Books and Audiobooks/Audiobooks/Raphael Ragucci - Der Pakt (2023) (Ger Dub)/15 - Kapitel 4_ Skandal & Das brennende B.4 & Kapitel 5_ Neue Welt.1 - Der Pakt.mp3 | length=153.2 | time=111.78229152494
[Sunday/May 31/05/2026 00:09:07] /mnt/Data/OUT$IDERZ/SONGS/Projects/2025/08-25/Wär ich morgen reich/MASTER/BOUNCE/#M4_Wär ich morgen reich_MASTER_D31-M05-Y2026_130-BPM_48k-24b.wav | length=162.04502083333 | time=31.055555555556
[Sunday/May 31/05/2026 00:16:21] /mnt/Data/OUT$IDERZ/SONGS/Projects/2025/08-25/Wär ich morgen reich/MASTER/BOUNCE/#M5_Wär ich morgen reich_MASTER_D31-M05-Y2026_130-BPM_48k-24b.wav | length=162.04502083333 | time=18.159722222222
[Sunday/May 31/05/2026 00:28:50] /mnt/Data/OUT$IDERZ/SONGS/Projects/2025/08-25/Wär ich morgen reich/MASTER/BOUNCE/#M6_Wär ich morgen reich_MASTER_D31-M05-Y2026_130-BPM_48k-24b.wav | length=162.08664583333 | time=162.08664583333
[Sunday/May 31/05/2026 01:19:07] /mnt/Data/OUT$IDERZ/VISUALS/Videos (YT + Socials)/Vertical Videos/2026/11. Sommer Vertical/EXP/#1_Sommer_Vertical_D29-M05-Y26_4K-60FPS-FLAC.mp4 | length=12.576 | time=12.576
[Sunday/May 31/05/2026 01:26:08] /home/yannik/Downloads/Grease Pencil in Blender 5.0  #Blender #B3D #Blender3D.mp4 | length=44.326893424036 | time=6.3663333333333
[Sunday/May 31/05/2026 01:26:24] /home/yannik/Downloads/Grease Pencil in Blender 5.0  #Blender #B3D #Blender3D.mp4 | length=44.326893424036 | time=19.099666666667
[Sunday/May 31/05/2026 15:43:40] /home/yannik/Downloads/Hoppers.2026.1080p.BluRay.x265.DD+5.1-Pahe.in.mkv | length=6271.699 | time=5532.152
[Sunday/May 31/05/2026 15:44:13] /run/user/1000/doc/3ce4df3e/Hoppers (2026) (Eng Dub).mkv | length=5776.564 | time=197.208
[Sunday/May 31/05/2026 15:44:22] /home/yannik/Downloads/Hoppers (2026) (Eng Dub).mkv | length=6271.699 | time=5.13
[Monday/June 01/06/2026 19:35:18] /run/user/1000/doc/f91685e2/Die Wahrheit - So EQst du Vocals.mp4 | length=1815.057414966 | time=2.25
[Monday/June 01/06/2026 19:44:14] /home/yannik/Downloads/Briefcase Joe_ Eminem Teaches Jimmy Kimmel to Rap.mp4 | length=400.1726984127 | time=6.4390888888889
[Monday/June 01/06/2026 19:49:27] /run/user/1000/doc/5955af82/339. Freestyle Rap Based on Random Word Suggestions   Guerrilla Bars Episode 8.mp4 | length=823.56535147392 | time=0
[Monday/June 01/06/2026 19:50:42] /run/user/1000/doc/46bdfa36/328. KUMMER - DER LETZTE SONG (ALLES WIRD GUT) FEAT. NINA CHUBA   1LIVE Krone 2021.mp4 | length=170.66666666667 | time=11.6
[Monday/June 01/06/2026 19:50:44] /run/user/1000/doc/5955af82/339. Freestyle Rap Based on Random Word Suggestions   Guerrilla Bars Episode 8.mp4 | length=823.56535147392 | time=67.525788888889
[Monday/June 01/06/2026 22:51:47] /mnt/Data/OUT$IDERZ/SONGS/Projects/2025/07-25/Geistesblitz/MASTER/BOUNCE/#M7_Geistesblitz_MASTER_D01-M06-Y2026_109-BPM_48k-24b.wav | length=140.720625 | time=47.25
[Monday/June 01/06/2026 22:51:54] /mnt/Data/OUT$IDERZ/SONGS/Projects/2025/07-25/Geistesblitz/MASTER/BOUNCE/#M6_Geistesblitz_MASTER_D01-M06-Y2026_90-BPM_48k-24b.wav | length=140.720625 | time=49.763888888889
[Monday/June 01/06/2026 22:51:58] /mnt/Data/OUT$IDERZ/SONGS/Projects/2025/07-25/Geistesblitz/MASTER/BOUNCE/#M7_Geistesblitz_MASTER_D01-M06-Y2026_109-BPM_48k-24b.wav | length=140.720625 | time=49.666666666667
[Monday/June 01/06/2026 23:48:51] /home/yannik/Desktop/1. 🔵🟣 A Cozy Heartbreak (2026 LP)/01. 🔵🟢🟢🟣 Alles verloren [2026 Single]/#M15_Alles verloren_MASTER_D06-M05-Y2026_80-BPM_48k-24b.wav | length=170.63429166667 | time=170.63429166667
[Monday/June 01/06/2026 23:50:44] /home/yannik/Desktop/1. 🔵🟣 A Cozy Heartbreak (2026 LP)/02. 🔵🟢🟢🟣 Mosaik [2026 Single]/#2_Mosaik Master 21.12.2025  48 kHz 24 bit.wav | length=107.6805625 | time=107.6805625
[Monday/June 01/06/2026 23:50:51] /home/yannik/Desktop/1. 🔵🟣 A Cozy Heartbreak (2026 LP)/02. 🔵🟢🟢🟣 Mosaik [2026 Single]/#23_Mosaik-Cover_21-12-25_3000x3000px.png | length=0 | time=0
[Monday/June 01/06/2026 23:53:43] /home/yannik/Desktop/1. 🔵🟣 A Cozy Heartbreak (2026 LP)/03. 🔵 Außer ihr/#M4_Außer ihr_MASTER_D01-M06-Y2026_110-BPM_48k-24b.wav | length=135.02472916667 | time=135.02472916667
[Monday/June 01/06/2026 23:56:26] /home/yannik/Desktop/1. 🔵🟣 A Cozy Heartbreak (2026 LP)/04. 🔵 Geistesblitz/#M7_Geistesblitz_MASTER_D01-M06-Y2026_109-BPM_48k-24b.wav | length=140.720625 | time=140.720625
[Monday/June 01/06/2026 23:58:25] /home/yannik/Desktop/1. 🔵🟣 A Cozy Heartbreak (2026 LP)/05. 🔵🟢🟢🟣 Polaroid [2026 Single]/#M26_Polaroid_MASTER_D24-M03-Y2026_150-BPM_48k-24b.wav | length=117.77085416667 | time=117.65277777778
[Tuesday/June 02/06/2026 00:01:25] /home/yannik/Desktop/1. 🔵🟣 A Cozy Heartbreak (2026 LP)/06. 🔵 Wär ich morgen reich/#M8_Wär ich morgen reich_MASTER_D01-M06-Y2026_130-BPM_48k-24b.wav | length=163.51908333333 | time=163.51908333333
[Tuesday/June 02/06/2026 00:02:34] /home/yannik/Desktop/1. 🔵🟣 A Cozy Heartbreak (2026 LP)/07. 🔵 Tausend Dinge Interlude/#M9_Tausend Dinge Interlude_MASTER_D30-M05-Y2026_90-BPM_48k-24b.wav | length=62 | time=62
[Tuesday/June 02/06/2026 00:04:51] /home/yannik/Desktop/1. 🔵🟣 A Cozy Heartbreak (2026 LP)/08. 🔵🟢🟢🟣 Sommer [2026 Single]/#M17_Sommer_MASTER_D26-M05-Y2026_166-BPM_48k-24b.wav | length=126.86052083333 | time=126.86052083333
[Tuesday/June 02/06/2026 00:08:07] /home/yannik/Desktop/1. 🔵🟣 A Cozy Heartbreak (2026 LP)/09. 🔵🟢🟢🟣 Winter [2026 Single]/#M10_Winter_MASTER_D20-M01-Y2026_90-BPM_48k-24b.wav | length=192.8006875 | time=192.8006875
[Tuesday/June 02/06/2026 00:11:08] /home/yannik/Desktop/1. 🔵🟣 A Cozy Heartbreak (2026 LP)/10. 🔵🟢🟢🟣 Ja, okay [2026 Single]/#M14_Ja, okay_MASTER_D11-M02-Y2026_108-BPM_48k-24b.wav | length=126.67447916667 | time=126.67447916667
[Tuesday/June 02/06/2026 00:14:00] /home/yannik/Desktop/1. 🔵🟣 A Cozy Heartbreak (2026 LP)/11. 🔵🟢🟢🟣 Splitter zählen [2026 Single]/#M20_Splitter zählen_MASTER_D15-M04-Y2026_127-BPM_48k-24b.wav | length=153.855625 | time=153.855625
[Tuesday/June 02/06/2026 00:21:38] /home/yannik/Desktop/1. 🔵🟣 A Cozy Heartbreak (2026 LP)/12. 🔵 Melancholie/#M8_Melancholie_MASTER_D01-M06-Y2026_90-BPM_48k-24b.wav | length=168.00389583333 | time=168.00389583333
[Tuesday/June 02/06/2026 00:22:42] /home/yannik/Desktop/Aussortierte Solo-Tracks seit 2025/🔵 Vielleicht (wieder zum Weinen)/#M5_Vielleicht (wieder zum Weinen)_MASTER_D02-M04-Y2026_163-BPM_48k-24b.wav | length=148.53333333333 | time=135.77777777778
[Tuesday/June 02/06/2026 00:23:52] /home/yannik/Desktop/Aussortierte Solo-Tracks seit 2025/🔵 So wie du/#M7_So wie du_MASTER_D02-M04-Y2026_150-BPM_48k-24b.wav | length=169.89939583333 | time=149.25
[Tuesday/June 02/06/2026 00:24:38] /home/yannik/Desktop/Aussortierte Solo-Tracks seit 2025/🔵 Puzzleteil/#M8_Puzzleteil_MASTER_D18-M12-Y2025_90-BPM_48k-24b.wav | length=136.44135416667 | time=50.381944444444
[Tuesday/June 02/06/2026 00:26:10] /home/yannik/Desktop/Aussortierte Solo-Tracks seit 2025/🔵 Kleines Problem/#M9_Kleines Problem_MASTER_D18-M01-Y2026_88-BPM_48k-24b.wav | length=178.7795 | time=78.194444444444
[Tuesday/June 02/06/2026 12:33:02] /home/yannik/Downloads/Everything About Extruding in BLENDER (Extrude).mp4 | length=423.02113378685 | time=2.8024333333333
[Tuesday/June 02/06/2026 12:33:49] /run/user/1000/doc/27453ee8/1 - Let's Play POKÉMON BLATTGRÜN - Part 1_ Retro-Abenteuer in neuem Gewand.mp4 | length=1312.234 | time=1.433
[Tuesday/June 02/06/2026 12:33:50] /run/user/1000/doc/27453ee8/1 - Let's Play POKÉMON BLATTGRÜN - Part 1_ Retro-Abenteuer in neuem Gewand.mp4 | length=1312.234 | time=454.9
[Tuesday/June 02/06/2026 15:32:41] /home/yannik/Downloads/Linux Runs the Entire World but Everyone Still Uses Windows.mp4 | length=877.34276643991 | time=2.92
[Tuesday/June 02/06/2026 17:29:13] /run/user/1000/doc/d04dec28/Euphoria.US.S03E07.Rain.or.Shine.1080p.WEB-DL.x265.6CH-Pahe.in.mkv | length=4629.032 | time=4506.919
[Tuesday/June 02/06/2026 17:29:13] /run/user/1000/doc/d04dec28/Euphoria.US.S03E07.Rain.or.Shine.1080p.WEB-DL.x265.6CH-Pahe.in.mkv | length=4629.032 | time=0
[Tuesday/June 02/06/2026 21:03:06] /run/user/1000/doc/17c4f426/Euphoria.US.S03E08.In.God.We.Trust.1080p.WEB-DL.x265.6CH-Pahe.in.mkv | length=5542.483 | time=5542.4826669987
[Tuesday/June 02/06/2026 21:30:52] /mnt/Data/OUT$IDERZ/SONGS/Projects/2025/04-25/Tausend Dinge Interlude/MASTER/BOUNCE/#M9_Tausend Dinge Interlude_MASTER_D30-M05-Y2026_90-BPM_48k-24b.wav | length=62 | time=1.4236111111111
[Tuesday/June 02/06/2026 21:30:58] /mnt/Data/OUT$IDERZ/SONGS/Projects/2025/04-25/Tausend Dinge Interlude/MASTER/BOUNCE/#M9_Tausend Dinge Interlude_MASTER_D30-M05-Y2026_90-BPM_48k-24b.wav | length=62 | time=62
[Tuesday/June 02/06/2026 21:31:07] /mnt/Data/OUT$IDERZ/SONGS/Projects/2025/04-25/Tausend Dinge Interlude/MASTER/BOUNCE/#M10_Tausend Dinge Interlude_MASTER_D02-M06-Y2026_90-BPM_48k-24b.wav | length=62.41 | time=62.41
[Wednesday/June 03/06/2026 00:47:08] /home/yannik/Desktop/STUDENTISCHE HILFSKRAFT/PODCAST/Ep. 15 - Fakultät NXT (01.04.26)/Podcast Episode 15/BOUNCE/#3_Podcast Episode 15_D03-M06-Y2026_90-BPM_48k-24b.wav | length=1852.6686458333 | time=3.8263888888889
[Wednesday/June 03/06/2026 01:38:44] /home/yannik/Desktop/STUDENTISCHE HILFSKRAFT/PODCAST/Ep. 15 - Fakultät NXT (01.04.26)/Podcast Episode 15/BOUNCE/#3_Podcast Episode 15_D03-M06-Y2026_90-BPM_48k-24b.wav | length=1852.6686458333 | time=40.930555555556
[Wednesday/June 03/06/2026 01:51:46] /home/yannik/Desktop/STUDENTISCHE HILFSKRAFT/PODCAST/Ep. 15 - Fakultät NXT (01.04.26)/Podcast Episode 15/BOUNCE/#2_Podcast Episode 15_D28-M05-Y2026_90-BPM_48k-24b.wav | length=1864.7178541667 | time=1.6319444444444
[Wednesday/June 03/06/2026 01:51:58] /home/yannik/Desktop/STUDENTISCHE HILFSKRAFT/PODCAST/Ep. 15 - Fakultät NXT (01.04.26)/Podcast Episode 15/BOUNCE/#2_Podcast Episode 15_D28-M05-Y2026_90-BPM_48k-24b.wav | length=1864.7178541667 | time=94.736111111111
[Wednesday/June 03/06/2026 01:52:20] /home/yannik/Desktop/STUDENTISCHE HILFSKRAFT/PODCAST/Ep. 15 - Fakultät NXT (01.04.26)/Podcast Episode 15/BOUNCE/#1_Podcast Episode 15_D27-M05-Y2026_90-BPM_48k-24b.wav | length=1949.8520833333 | time=116.07638888889
[Wednesday/June 03/06/2026 03:14:08] /home/yannik/Desktop/STUDENTISCHE HILFSKRAFT/PODCAST/Ep. 15 - Fakultät NXT (01.04.26)/Podcast Episode 15/BOUNCE/#3_Podcast Episode 15_D03-M06-Y2026_90-BPM_48k-24b.wav | length=1852.6686458333 | time=2.4652777777778
[Wednesday/June 03/06/2026 03:14:16] /home/yannik/Desktop/STUDENTISCHE HILFSKRAFT/PODCAST/Ep. 15 - Fakultät NXT (01.04.26)/Podcast Episode 15/BOUNCE/#2_Podcast Episode 15_D28-M05-Y2026_90-BPM_48k-24b.wav | length=1864.7178541667 | time=95.583333333333
[Wednesday/June 03/06/2026 03:16:02] /home/yannik/Desktop/STUDENTISCHE HILFSKRAFT/PODCAST/Ep. 15 - Fakultät NXT (01.04.26)/Podcast Episode 15/BOUNCE/#1_Podcast Episode 15_D27-M05-Y2026_90-BPM_48k-24b.wav | length=1949.8520833333 | time=1306.7013888889
[Wednesday/June 03/06/2026 03:17:37] /home/yannik/Desktop/STUDENTISCHE HILFSKRAFT/PODCAST/Ep. 15 - Fakultät NXT (01.04.26)/Podcast Episode 15/BOUNCE/#4_Podcast Episode 15_D03-M06-Y2026_90-BPM_48k-24b.wav | length=1796.4314583333 | time=1744.5763888889
[Wednesday/June 03/06/2026 03:47:56] /home/yannik/Desktop/STUDENTISCHE HILFSKRAFT/PODCAST/Ep. 15 - Fakultät NXT (01.04.26)/Podcast Episode 15/BOUNCE/#4_Podcast Episode 15_D03-M06-Y2026_90-BPM_48k-24b.wav | length=1796.4314583333 | time=1796.4314583333
[Wednesday/June 03/06/2026 13:19:49] /home/yannik/Desktop/STUDENTISCHE HILFSKRAFT/PODCAST/Ep. 15 - Fakultät NXT (01.04.26)/Podcast Episode 15/BOUNCE/#4_Podcast Episode 15_D03-M06-Y2026_90-BPM_48k-24b.wav | length=1796.4314583333 | time=6.2152777777778
[Wednesday/June 03/06/2026 13:21:53] /home/yannik/Desktop/STUDENTISCHE HILFSKRAFT/PODCAST/Ep. 15 - Fakultät NXT (01.04.26)/Podcast Episode 15/BOUNCE/#5_Podcast Episode 15_D03-M06-Y2026_90-BPM_48k-24b.wav | length=1779.9995416667 | time=1694.9583333333
[Wednesday/June 03/06/2026 13:22:01] /home/yannik/Desktop/STUDENTISCHE HILFSKRAFT/PODCAST/Ep. 15 - Fakultät NXT (01.04.26)/Podcast Episode 15/BOUNCE/#5_Podcast Episode 15_D03-M06-Y2026_90-BPM_48k-24b.wav | length=1779.9995416667 | time=1695.6805555556
[Thursday/June 04/06/2026 23:42:56] /run/user/1000/doc/7c9ff62f/247. Poyo With the Hardest Pop Off Ever.mp4 | length=61.393560090703 | time=32.766
[Thursday/June 04/06/2026 23:45:21] /home/yannik/Downloads/Wie wird man Audio Engineer in 2026_.mp4 | length=361.81333333333 | time=2.8996666666667
[Saturday/June 06/06/2026 17:46:54] /home/yannik/Downloads/Mit Wolfgang M. Schmitt - über Champagner, Sozialismus, Kunst & Literatur.mp4 | length=6266.5317006803 | time=2.92
[Saturday/June 06/06/2026 17:47:17] /run/user/1000/doc/88d0d2a3/010. The Creators   OFFICIAL Documentary Film feat. Zoella, TomSka & NikiNSammy.mp4 | length=1814.8484353741 | time=1.2399888888889
[Saturday/June 06/06/2026 17:47:30] /run/user/1000/doc/b04b6c71/107. Claire   The Documentary.mp4 | length=2398.5284353741 | time=11.811788888889
[Saturday/June 06/06/2026 17:47:42] /run/user/1000/doc/7401793d/46 - Ist doch eigentlich ganz schön hier _ YouTube Deutschland.mp4 | length=220.841 | time=3.05
[Saturday/June 06/06/2026 17:47:53] /run/user/1000/doc/fca09e4c/10. Das Jenke Experiment zu Drogen - Faktenlos, Zusammenhangslos, schlecht recherchiert und doch ok.mp4 | length=647.30267573696 | time=3.1799888888889
[Saturday/June 06/06/2026 17:49:36] /home/yannik/Downloads/The.Wild.Robot.2024.2160p.UHD.BluRay.x265.HDR.DV.DD+5.1.Atmos-Pahe.in.mkv | length=6101.103 | time=4305.301
[Saturday/June 06/06/2026 20:13:09] /home/yannik/Downloads/10 Minute Install of Nextcloud on a Synology NAS (Container Manager _ Docker Compose _ MariaDB).mp4 | length=1167.0813605442 | time=2.1017333333333
[Saturday/June 06/06/2026 20:20:41] /run/user/1000/doc/ca44e9c/10 Minute Install of Nextcloud on a Synology NAS (Container Manager _ Docker Compose _ MariaDB).mp4 | length=1167.0813605442 | time=247.54693333333
[Saturday/June 06/06/2026 22:12:37] /mnt/Data/OUT$IDERZ/SONGS/Projects/2025/07-25/Kommt und geht aka Geistesblitz/MASTER/BOUNCE/#M9_Kommt und geht_MASTER_D02-M06-Y2026_109-BPM_48k-24b.wav | length=141.16954166667 | time=41.236111111111
[Saturday/June 06/06/2026 22:12:42] /mnt/Data/OUT$IDERZ/SONGS/Projects/2025/07-25/Kommt und geht aka Geistesblitz/MASTER/BOUNCE/#M10_Kommt und geht_MASTER_D06-M06-Y2026_109-BPM_48k-24b.wav | length=141.16954166667 | time=39.388888888889
[Saturday/June 06/06/2026 22:47:05] /mnt/Data/Music_Collection/Z_Untagged/The Boomtown Rats/The First 50 Years - Songs Of Boomtown Glory (2025)/CD 1/01. The Boomtown Rats - Lookin' After No. 1.mp3 | length=188 | time=2.659581814424
[Saturday/June 06/06/2026 22:47:09] /mnt/Data/Music_Collection/Z_Untagged/The Boomtown Rats/The First 50 Years - Songs Of Boomtown Glory (2025)/CD 1/03. The Boomtown Rats - Me And Howard Hughes.mp3 | length=191.45333333333 | time=2.6101540995329
[Saturday/June 06/06/2026 22:48:33] /mnt/Data/Music_Collection/Bon Jovi (16 Untagged)/1997 - Fields Of Fire (rarities)/05 I Don't Like Mondays.mp3 | length=356.44 | time=63.548611111111
[Saturday/June 06/06/2026 22:48:39] /mnt/Data/Music_Collection/Z_Untagged/The Boomtown Rats - I Don't Like Mondays.mp3 | length=258.82666666667 | time=16.79451754124
[Sunday/June 07/06/2026 00:12:16] /run/user/1000/doc/536d21bf/Mastering with REAPER stock FX Plugins..mp4 | length=1382.7482993197 | time=0.33333333333333
[Monday/June 08/06/2026 00:27:15] /mnt/Data/OUT$IDERZ/VISUALS/Videos (YT + Socials)/YT Videos/2026/12. Außer ihr YT/EXP/#1_Außer ihr_YT_D03-M06-Y26_4K-60FPS-FLAC.mp4 | length=134.592 | time=99.933333333333
[Monday/June 08/06/2026 15:21:00] /home/yannik/Videos/OBS/2026-06-08 15-18-26.mp4 | length=65.8 | time=7.7166666666667
[Monday/June 08/06/2026 16:05:20] /home/yannik/Downloads/Wanna be you.mp3 | length=203.56056689342 | time=7.8402145935329
[Tuesday/June 09/06/2026 01:37:58] /home/yannik/Downloads/100 Reaper Tips and Shortcuts (for Beginners).mp4 | length=2355.554 | time=1319.985
[Tuesday/June 09/06/2026 12:43:16] /home/yannik/Downloads/Album - Goethe_ Faust. Der Tragödie Erster Teil (Reclam Hörspiel)/3 - Faust I (Vorspiel auf dem Theater, Teil 02).mp3 | length=113.90797916667 | time=6.08933319161
[Tuesday/June 09/06/2026 12:47:51] /mnt/Data/Other_Stuff/Books and Audiobooks/Audiobooks/Franz Kafka - Der Process (Reclam Hörbuch) (Ger Dub)/1 - Der Process (Verhaftung - Teil 01).mp3 | length=100.123625 | time=99.910081448613
[Tuesday/June 09/06/2026 12:49:38] /mnt/Data/Other_Stuff/Books and Audiobooks/Audiobooks/Franz Kafka - Der Process (Reclam Hörbuch) (Ger Dub)/2 - Der Process (Verhaftung - Teil 02).mp3 | length=106.96897916667 | time=106.75043469461
[Tuesday/June 09/06/2026 12:51:31] /mnt/Data/Other_Stuff/Books and Audiobooks/Audiobooks/Franz Kafka - Der Process (Reclam Hörbuch) (Ger Dub)/3 - Der Process (Verhaftung - Teil 03).mp3 | length=112.92935555556 | time=112.72677319128
[Tuesday/June 09/06/2026 12:53:05] /mnt/Data/Other_Stuff/Books and Audiobooks/Audiobooks/Franz Kafka - Der Process (Reclam Hörbuch) (Ger Dub)/4 - Der Process (Verhaftung - Teil 04).mp3 | length=94.268711111111 | time=94.054758987946
[Tuesday/June 09/06/2026 12:54:45] /mnt/Data/Other_Stuff/Books and Audiobooks/Audiobooks/Franz Kafka - Der Process (Reclam Hörbuch) (Ger Dub)/5 - Der Process (Verhaftung - Teil 05).mp3 | length=99.632291666667 | time=99.406085649613
[Tuesday/June 09/06/2026 12:56:25] /mnt/Data/Other_Stuff/Books and Audiobooks/Audiobooks/Franz Kafka - Der Process (Reclam Hörbuch) (Ger Dub)/6 - Der Process (Verhaftung - Teil 06).mp3 | length=100.746125 | time=100.53377697195
[Tuesday/June 09/06/2026 12:57:55] /mnt/Data/Other_Stuff/Books and Audiobooks/Audiobooks/Franz Kafka - Der Process (Reclam Hörbuch) (Ger Dub)/7 - Der Process (Verhaftung - Teil 07).mp3 | length=89.0509 | time=88.846293267612
[Tuesday/June 09/06/2026 12:59:19] /mnt/Data/Other_Stuff/Books and Audiobooks/Audiobooks/Franz Kafka - Der Process (Reclam Hörbuch) (Ger Dub)/8 - Der Process (Verhaftung - Teil 08).mp3 | length=84.539877777778 | time=84.334074268946
[Tuesday/June 09/06/2026 13:00:47] /mnt/Data/Other_Stuff/Books and Audiobooks/Audiobooks/Franz Kafka - Der Process (Reclam Hörbuch) (Ger Dub)/9 - Der Process (Verhaftung - Teil 09).mp3 | length=88.2119375 | time=88.006189890946
[Tuesday/June 09/06/2026 13:02:29] /mnt/Data/Other_Stuff/Books and Audiobooks/Audiobooks/Franz Kafka - Der Process (Reclam Hörbuch) (Ger Dub)/10 - Der Process (Verhaftung - Teil 10).mp3 | length=101.2459375 | time=101.03824970395
[Tuesday/June 09/06/2026 13:04:03] /mnt/Data/Other_Stuff/Books and Audiobooks/Audiobooks/Franz Kafka - Der Process (Reclam Hörbuch) (Ger Dub)/11 - Der Process (Verhaftung - Teil 11).mp3 | length=94.290377777778 | time=94.078993246613
[Tuesday/June 09/06/2026 13:05:49] /mnt/Data/Other_Stuff/Books and Audiobooks/Audiobooks/Franz Kafka - Der Process (Reclam Hörbuch) (Ger Dub)/12 - Der Process (Verhaftung - Teil 12).mp3 | length=105.8593125 | time=105.64593682395
[Tuesday/June 09/06/2026 13:07:34] /mnt/Data/Other_Stuff/Books and Audiobooks/Audiobooks/Franz Kafka - Der Process (Reclam Hörbuch) (Ger Dub)/13 - Der Process (Verhaftung - Teil 13).mp3 | length=105.04310416667 | time=104.83066459195
[Tuesday/June 09/06/2026 13:09:08] /mnt/Data/Other_Stuff/Books and Audiobooks/Audiobooks/Franz Kafka - Der Process (Reclam Hörbuch) (Ger Dub)/14 - Der Process (Verhaftung - Teil 14).mp3 | length=94.077458333333 | time=93.862189996946
[Tuesday/June 09/06/2026 13:14:33] /mnt/Data/Other_Stuff/Books and Audiobooks/Audiobooks/Franz Kafka - Der Process (Reclam Hörbuch) (Ger Dub)/15 - Der Process (Verhaftung - Teil 15).mp3 | length=110.9713125 | time=110.75807154695
[Tuesday/June 09/06/2026 13:16:26] /mnt/Data/Other_Stuff/Books and Audiobooks/Audiobooks/Franz Kafka - Der Process (Reclam Hörbuch) (Ger Dub)/16 - Der Process (Verhaftung - Teil 16).mp3 | length=112.696 | time=112.48675892295
[Tuesday/June 09/06/2026 13:18:15] /mnt/Data/Other_Stuff/Books and Audiobooks/Audiobooks/Franz Kafka - Der Process (Reclam Hörbuch) (Ger Dub)/17 - Der Process (Verhaftung - Teil 17).mp3 | length=109.31133333333 | time=109.10274907895
[Tuesday/June 09/06/2026 13:20:01] /mnt/Data/Other_Stuff/Books and Audiobooks/Audiobooks/Franz Kafka - Der Process (Reclam Hörbuch) (Ger Dub)/18 - Der Process (Verhaftung - Teil 18).mp3 | length=105.65006666667 | time=105.43011194128
[Tuesday/June 09/06/2026 13:22:03] /mnt/Data/Other_Stuff/Books and Audiobooks/Audiobooks/Franz Kafka - Der Process (Reclam Hörbuch) (Ger Dub)/19 - Der Process (Verhaftung - Teil 19).mp3 | length=98.117770833333 | time=97.894847286946
[Tuesday/June 09/06/2026 13:23:47] /mnt/Data/Other_Stuff/Books and Audiobooks/Audiobooks/Franz Kafka - Der Process (Reclam Hörbuch) (Ger Dub)/20 - Der Process (Verhaftung - Teil 20).mp3 | length=103.60045833333 | time=103.39028315695
[Tuesday/June 09/06/2026 13:25:28] /mnt/Data/Other_Stuff/Books and Audiobooks/Audiobooks/Franz Kafka - Der Process (Reclam Hörbuch) (Ger Dub)/21 - Der Process (Verhaftung - Teil 21).mp3 | length=101.6435 | time=101.42184373261
[Tuesday/June 09/06/2026 13:27:27] /mnt/Data/Other_Stuff/Books and Audiobooks/Audiobooks/Franz Kafka - Der Process (Reclam Hörbuch) (Ger Dub)/22 - Der Process (Verhaftung - Teil 22).mp3 | length=118.33497916667 | time=118.12633247561
[Tuesday/June 09/06/2026 13:28:57] /mnt/Data/Other_Stuff/Books and Audiobooks/Audiobooks/Franz Kafka - Der Process (Reclam Hörbuch) (Ger Dub)/23 - Der Process (Gespräch mit Frau Grubach _ Dann Fräulein Bürstner - Teil 01).mp3 | length=89.841211111111 | time=89.638035104612
[Tuesday/June 09/06/2026 13:30:37] /mnt/Data/Other_Stuff/Books and Audiobooks/Audiobooks/Franz Kafka - Der Process (Reclam Hörbuch) (Ger Dub)/24 - Der Process (Gespräch mit Frau Grubach _ Dann Fräulein Bürstner - Teil 02).mp3 | length=90.715066666667 | time=90.50235864161
[Tuesday/June 09/06/2026 13:32:24] /mnt/Data/Other_Stuff/Books and Audiobooks/Audiobooks/Franz Kafka - Der Process (Reclam Hörbuch) (Ger Dub)/25 - Der Process (Gespräch mit Frau Grubach _ Dann Fräulein Bürstner - Teil 03).mp3 | length=106.50956666667 | time=106.29389884228
[Tuesday/June 09/06/2026 13:33:54] /mnt/Data/Other_Stuff/Books and Audiobooks/Audiobooks/Franz Kafka - Der Process (Reclam Hörbuch) (Ger Dub)/26 - Der Process (Gespräch mit Frau Grubach _ Dann Fräulein Bürstner - Teil 04).mp3 | length=90.427022222222 | time=90.215045132946
[Tuesday/June 09/06/2026 13:35:39] /mnt/Data/Other_Stuff/Books and Audiobooks/Audiobooks/Franz Kafka - Der Process (Reclam Hörbuch) (Ger Dub)/27 - Der Process (Gespräch mit Frau Grubach _ Dann Fräulein Bürstner - Teil 05).mp3 | length=104.13825555556 | time=103.91867199728
[Tuesday/June 09/06/2026 13:37:18] /mnt/Data/Other_Stuff/Books and Audiobooks/Audiobooks/Franz Kafka - Der Process (Reclam Hörbuch) (Ger Dub)/28 - Der Process (Gespräch mit Frau Grubach _ Dann Fräulein Bürstner - Teil 06).mp3 | length=99.427645833333 | time=99.213741865613
[Tuesday/June 09/06/2026 13:38:58] /mnt/Data/Other_Stuff/Books and Audiobooks/Audiobooks/Franz Kafka - Der Process (Reclam Hörbuch) (Ger Dub)/29 - Der Process (Gespräch mit Frau Grubach _ Dann Fräulein Bürstner - Teil 07).mp3 | length=100.44404444444 | time=100.22219169328
[Tuesday/June 09/06/2026 13:40:41] /mnt/Data/Other_Stuff/Books and Audiobooks/Audiobooks/Franz Kafka - Der Process (Reclam Hörbuch) (Ger Dub)/30 - Der Process (Gespräch mit Frau Grubach _ Dann Fräulein Bürstner - Teil 08).mp3 | length=102.25858333333 | time=102.04608188661
[Tuesday/June 09/06/2026 13:43:28] /mnt/Data/Other_Stuff/Books and Audiobooks/Audiobooks/Franz Kafka - Der Process (Reclam Hörbuch) (Ger Dub)/31 - Der Process (Gespräch mit Frau Grubach _ Dann Fräulein Bürstner - Teil 09).mp3 | length=92.858583333333 | time=92.638272950946
[Tuesday/June 09/06/2026 13:45:09] /mnt/Data/Other_Stuff/Books and Audiobooks/Audiobooks/Franz Kafka - Der Process (Reclam Hörbuch) (Ger Dub)/32 - Der Process (Gespräch mit Frau Grubach _ Dann Fräulein Bürstner - Teil 10).mp3 | length=101.431625 | time=101.20627869928
[Tuesday/June 09/06/2026 13:46:53] /mnt/Data/Other_Stuff/Books and Audiobooks/Audiobooks/Franz Kafka - Der Process (Reclam Hörbuch) (Ger Dub)/33 - Der Process (Gespräch mit Frau Grubach _ Dann Fräulein Bürstner - Teil 11).mp3 | length=104.07927083333 | time=103.87062085928
[Tuesday/June 09/06/2026 13:48:24] /mnt/Data/Other_Stuff/Books and Audiobooks/Audiobooks/Franz Kafka - Der Process (Reclam Hörbuch) (Ger Dub)/34 - Der Process (Gespräch mit Frau Grubach _ Dann Fräulein Bürstner - Teil 12).mp3 | length=90.493233333333 | time=90.285993979612
[Tuesday/June 09/06/2026 13:50:17] /mnt/Data/Other_Stuff/Books and Audiobooks/Audiobooks/Franz Kafka - Der Process (Reclam Hörbuch) (Ger Dub)/35 - Der Process (Gespräch mit Frau Grubach _ Dann Fräulein Bürstner - Teil 13).mp3 | length=113.46677083333 | time=113.25408886428
[Tuesday/June 09/06/2026 13:51:55] /mnt/Data/Other_Stuff/Books and Audiobooks/Audiobooks/Franz Kafka - Der Process (Reclam Hörbuch) (Ger Dub)/36 - Der Process (Gespräch mit Frau Grubach _ Dann Fräulein Bürstner - Teil 14).mp3 | length=97.318022222222 | time=97.101986377613
[Tuesday/June 09/06/2026 13:53:25] /mnt/Data/Other_Stuff/Books and Audiobooks/Audiobooks/Franz Kafka - Der Process (Reclam Hörbuch) (Ger Dub)/37 - Der Process (Gespräch mit Frau Grubach _ Dann Fräulein Bürstner - Teil 15).mp3 | length=90.292522222222 | time=90.070654316946
[Tuesday/June 09/06/2026 13:54:55] /mnt/Data/Other_Stuff/Books and Audiobooks/Audiobooks/Franz Kafka - Der Process (Reclam Hörbuch) (Ger Dub)/38 - Der Process (Gespräch mit Frau Grubach _ Dann Fräulein Bürstner - Teil 16).mp3 | length=90.336979166667 | time=90.118132550613
[Tuesday/June 09/06/2026 13:56:24] /mnt/Data/Other_Stuff/Books and Audiobooks/Audiobooks/Franz Kafka - Der Process (Reclam Hörbuch) (Ger Dub)/39 - Der Process (Gespräch mit Frau Grubach _ Dann Fräulein Bürstner - Teil 17).mp3 | length=88.479604166667 | time=88.270519878279
[Tuesday/June 09/06/2026 15:10:01] /mnt/Data/Other_Stuff/Books and Audiobooks/Audiobooks/Franz Kafka - Der Process (Reclam Hörbuch) (Ger Dub)/40 - Der Process (Gespräch mit Frau Grubach _ Dann Fräulein Bürstner - Teil 18).mp3 | length=95.996604166667 | time=95.782900859613
[Tuesday/June 09/06/2026 15:11:38] /mnt/Data/Other_Stuff/Books and Audiobooks/Audiobooks/Franz Kafka - Der Process (Reclam Hörbuch) (Ger Dub)/41 - Der Process (Gespräch mit Frau Grubach _ Dann Fräulein Bürstner - Teil 19).mp3 | length=96.350355555556 | time=96.142256830946
[Tuesday/June 09/06/2026 15:13:10] /mnt/Data/Other_Stuff/Books and Audiobooks/Audiobooks/Franz Kafka - Der Process (Reclam Hörbuch) (Ger Dub)/42 - Der Process (Erste Untersuchung - Teil 01).mp3 | length=92.007083333333 | time=91.798681802946
[Tuesday/June 09/06/2026 15:14:49] /mnt/Data/Other_Stuff/Books and Audiobooks/Audiobooks/Franz Kafka - Der Process (Reclam Hörbuch) (Ger Dub)/43 - Der Process (Erste Untersuchung - Teil 02).mp3 | length=99.499733333333 | time=99.28619287428
[Tuesday/June 09/06/2026 15:16:21] /mnt/Data/Other_Stuff/Books and Audiobooks/Audiobooks/Franz Kafka - Der Process (Reclam Hörbuch) (Ger Dub)/44 - Der Process (Erste Untersuchung - Teil 03).mp3 | length=91.651855555556 | time=91.438424506613
[Tuesday/June 09/06/2026 15:17:53] /mnt/Data/Other_Stuff/Books and Audiobooks/Audiobooks/Franz Kafka - Der Process (Reclam Hörbuch) (Ger Dub)/45 - Der Process (Erste Untersuchung - Teil 04).mp3 | length=91.636211111111 | time=91.414613848946
[Tuesday/June 09/06/2026 15:19:35] /mnt/Data/Other_Stuff/Books and Audiobooks/Audiobooks/Franz Kafka - Der Process (Reclam Hörbuch) (Ger Dub)/46 - Der Process (Erste Untersuchung - Teil 05).mp3 | length=102.12673333333 | time=101.90252332161
[Tuesday/June 09/06/2026 15:19:35] /mnt/Data/Other_Stuff/Books and Audiobooks/Audiobooks/Franz Kafka - Der Process (Reclam Hörbuch) (Ger Dub)/47 - Der Process (Erste Untersuchung - Teil 06).mp3 | length=102.5273125 | time=0
[Tuesday/June 09/06/2026 15:40:07] /home/yannik/Downloads/Doraemon Movies/Doraemon.17.Nobita.and.the.Galaxy.Super-express.1996.DVDRip.x264-Pahe.in.mkv | length=5841.628 | time=3.462
[Tuesday/June 09/06/2026 15:40:11] /home/yannik/Downloads/Doraemon Movies/Doraemon.22.Nobita.and.the.Winged.Braves.2001.DVDRip.x264-Pahe.in.mkv | length=5485.939 | time=0.918
[Tuesday/June 09/06/2026 15:40:13] /home/yannik/Downloads/Doraemon Movies/Doraemon.22.Nobita.and.the.Winged.Braves.2001.DVDRip.x264-Pahe.in.mkv | length=5485.939 | time=3.337
[Tuesday/June 09/06/2026 18:10:18] /home/yannik/Desktop/Justina Overdose/BOUNCE/#M1_Justina Overdose_D08-M06-Y2026_90-BPM_48k-24b.wav | length=199.94702083333 | time=31.548611111111
[Tuesday/June 09/06/2026 18:10:54] /home/yannik/Desktop/Justina Overdose/BOUNCE/#M2_Justina Overdose_D09-M06-Y2026_90-BPM_48k-24b.wav | length=199.94702083333 | time=199.94702083333
[Tuesday/June 09/06/2026 18:11:07] /home/yannik/Desktop/Justina Overdose/BOUNCE/#M1_Justina Overdose_D08-M06-Y2026_90-BPM_48k-24b.wav | length=199.94702083333 | time=42
[Tuesday/June 09/06/2026 18:11:19] /home/yannik/Desktop/Justina Overdose/FOOTAGE/Overdose.m4a | length=199.22721088435 | time=149.25
[Tuesday/June 09/06/2026 18:14:37] /mnt/Data/Other_Stuff/Books and Audiobooks/Audiobooks/Franz Kafka - Der Process (Reclam Hörbuch) (Ger Dub)/47 - Der Process (Erste Untersuchung - Teil 06).mp3 | length=102.5273125 | time=86.188249858279
[Tuesday/June 09/06/2026 23:39:23] /mnt/Data/OUT$IDERZ/VISUALS/Videos (YT + Socials)/YT Videos/2026/13. Kommt und geht YT/EXP/#1_Kommt und geht_YT_D08-M06-Y26_4K-60FPS-FLAC.mp4 | length=141.216 | time=85.983333333333
[Tuesday/June 09/06/2026 23:48:54] /run/user/1000/doc/71d4a56a/How Far Ahead Am I Thinking While Freestyling - Harry Mack Twitch Q&A.mp4 | length=175.214 | time=2.867
[Tuesday/June 09/06/2026 23:58:51] /home/yannik/Downloads/2025-12-30 ZDF Das kleine Fernsehspiel - Soldaten des Lichts/2025-12-30_ZDF_Das kleine Fernsehspiel - Soldaten des Lichts_http_fhd_deu_TV_Ton.mp4 | length=6461.16 | time=7.48
[Tuesday/June 09/06/2026 23:59:05] /home/yannik/Downloads/2025-12-30 ZDF Das kleine Fernsehspiel - Soldaten des Lichts/2025-12-30_ZDF_Das kleine Fernsehspiel - Soldaten des Lichts_http_veryhigh_deu_TV_Ton.mp4 | length=6461.16 | time=7.64
[Wednesday/June 10/06/2026 03:18:53] /mnt/Data/Music_Collection/Simon & Garfunkel (5 Untagged)/1968 - Bookends/10 - Mrs. Robinson (From The Graduate Soundtrack).mp3 | length=244.02666666667 | time=1.3873929988662
[Wednesday/June 10/06/2026 03:19:12] /home/yannik/Desktop/Simon & Garfunkel - Mrs. Robinson.mp3 | length=243.48734693878 | time=6.154792344025
[Wednesday/June 10/06/2026 03:29:23] /mnt/Data/Music_Collection/Nena/Nena (1983)/06. Nena - 99 Luftballons.mp3 | length=231.56 | time=2.2512136649048
[Wednesday/June 10/06/2026 03:29:40] /mnt/Data/Music_Collection/Other/Nena ‎- 99 Luftballons.mp3 | length=236.66938888889 | time=1.8454467591338
[Wednesday/June 10/06/2026 13:12:27] /run/user/1000/doc/9a420fa9/Crayon Shin-chan - Fierceness That Invites Storm! The Battle of the Warring States (2002) (Jap Dub).mkv | length=5716.947 | time=9.468
[Wednesday/June 10/06/2026 13:13:11] /run/user/1000/doc/f59286a4/Crayon Shin-chan - Great Adventure in Henderland (1996) (Jap Dub).mkv | length=5849.256 | time=2.419
[Wednesday/June 10/06/2026 13:55:45] /run/user/1000/doc/6f86eca5/Achtsam.Morden.S02E01.Vacation.1080p.NF.WEB-DL.x265.6CH-Pahe.in.mkv | length=2229.928 | time=1.2
[Wednesday/June 10/06/2026 13:58:36] /home/yannik/Downloads/Major isn't happy, Minor isn't sad.mp4 | length=809.774 | time=28.32
[Wednesday/June 10/06/2026 15:00:07] /run/user/1000/doc/6f86eca5/Achtsam.Morden.S02E01.Vacation.1080p.NF.WEB-DL.x265.6CH-Pahe.in.mkv | length=2229.928 | time=2229.9280003333
[Wednesday/June 10/06/2026 15:00:07] /run/user/1000/doc/6f86eca5/Achtsam.Morden.S02E01.Vacation.1080p.NF.WEB-DL.x265.6CH-Pahe.in.mkv | length=2229.928 | time=0
[Wednesday/June 10/06/2026 15:43:16] /run/user/1000/doc/434b0465/Achtsam.Morden.S02E02.Reality.1080p.NF.WEB-DL.x265.6CH-Pahe.in.mkv | length=2049.235 | time=1862.84
[Wednesday/June 10/06/2026 16:39:11] /run/user/1000/doc/45f992f3/Achtsam.Morden.S02E03.Parents.1080p.NF.WEB-DL.x265.6CH-Pahe.in.mkv | length=2250.238 | time=2060.52
[Wednesday/June 10/06/2026 17:13:33] /run/user/1000/doc/8a134587/Achtsam.Morden.S02E04.Creativity.1080p.NF.WEB-DL.x265.6CH-Pahe.in.mkv | length=1859.923 | time=1674.28
[Wednesday/June 10/06/2026 18:41:24] /home/yannik/Documents/OBS/2025-09-01 14-19-38.mp4 | length=130.1 | time=127.15
[Wednesday/June 10/06/2026 19:24:14] /run/user/1000/doc/13e077af/Achtsam.Morden.S02E05.Knowledge.1080p.NF.WEB-DL.x265.6CH-Pahe.in.mkv | length=1958.227 | time=1812.44
[Wednesday/June 10/06/2026 19:24:24] /run/user/1000/doc/c0fcd808/Achtsam.Morden.S02E06.Mistake.1080p.NF.WEB-DL.x265.6CH-Pahe.in.mkv | length=1844.691 | time=0
[Wednesday/June 10/06/2026 19:30:12] /run/user/1000/doc/13e077af/Achtsam.Morden.S02E05.Knowledge.1080p.NF.WEB-DL.x265.6CH-Pahe.in.mkv | length=1958.227 | time=1747.84
[Wednesday/June 10/06/2026 19:58:48] /run/user/1000/doc/c0fcd808/Achtsam.Morden.S02E06.Mistake.1080p.NF.WEB-DL.x265.6CH-Pahe.in.mkv | length=1844.691 | time=1658.36
[Wednesday/June 10/06/2026 20:50:09] /run/user/1000/doc/34fa7019/Achtsam.Morden.S02E07.Doubt.1080p.NF.WEB-DL.x265.6CH-Pahe.in.mkv | length=2027.39 | time=1847.2
[Wednesday/June 10/06/2026 22:32:24] /run/user/1000/doc/8f7a04f5/Achtsam.Morden.S02E08.Morality.1080p.NF.WEB-DL.x265.6CH-Pahe.in.mkv | length=1951.016 | time=1951.0163333333
[Thursday/June 11/06/2026 00:59:43] /home/yannik/Downloads/The unique phenomenon of _XD_ in Poland.mp4 | length=1672.766625 | time=3.567
[Thursday/June 11/06/2026 17:23:30] /mnt/Data/OUT$IDERZ/SONGS/Projects/2025/09-25/Melancholie/MASTER/BOUNCE/#M11_Melancholie_MASTER_D11-M06-Y2026_90-BPM_48k-24b.wav | length=168.00389583333 | time=168.00389583333
[Thursday/June 11/06/2026 18:10:20] /home/yannik/Desktop/Justina Overdose/FOOTAGE/Overdose.m4a | length=199.22721088435 | time=30.833333333333
[Thursday/June 11/06/2026 18:18:27] /home/yannik/Desktop/Justina Overdose/BOUNCE/#M3_Justina Overdose_D11-M06-Y2026_90-BPM_48k-24b.wav | length=199.94702083333 | time=190.64583333333
[Thursday/June 11/06/2026 18:33:41] /home/yannik/Desktop/Justina Overdose/BOUNCE/#M3_Justina Overdose_D11-M06-Y2026_90-BPM_48k-24b.wav | length=199.94702083333 | time=199.94702083333
[Thursday/June 11/06/2026 18:34:06] /home/yannik/Desktop/Justina Overdose/BOUNCE/#M3_Justina Overdose_D11-M06-Y2026_90-BPM_48k-24b.wav | length=199.94702083333 | time=43.013888888889
[Saturday/June 13/06/2026 13:07:28] /home/yannik/Downloads/10 Hours vs 10 years of Blender.mp4 | length=1507.594 | time=0.817
[Saturday/June 13/06/2026 13:09:02] /home/yannik/Downloads/Learn to Snap to Target in Blender!.mp4 | length=15.334 | time=5.467
[Saturday/June 13/06/2026 13:26:15] /home/yannik/Downloads/Die Brüder Grimm - Mer als Märchen (Ger Dub) [arte].mp4 | length=3202.094 | time=2712.04
[Saturday/June 13/06/2026 13:26:55] /home/yannik/Downloads/Die Brüder Grimm - Mer als Märchen (2020) (Ger Dub) [NDR].mp4 | length=3202.094 | time=3175.64
[Saturday/June 13/06/2026 13:27:49] /home/yannik/Downloads/Who is JEREMY FRAGRANCE_ (Full Documentary).mp4 | length=8017.374 | time=1.4
[Saturday/June 13/06/2026 13:29:10] /home/yannik/Downloads/Outsider. Freud. _ Doku HD _ ARTE.mp4 | length=3142.754 | time=2262.56
[Saturday/June 13/06/2026 13:30:03] /run/user/1000/doc/e11e7d00/MontanaBlack - Fame auf Entzug (2025) (Ger Dub).mp4 | length=1724.3602721088 | time=1130.63
[Saturday/June 13/06/2026 13:30:15] /run/user/1000/doc/e11e7d00/MontanaBlack - Fame auf Entzug (2025) (Ger Dub).mp4 | length=1724.3602721088 | time=387.887
[Saturday/June 13/06/2026 13:31:21] /home/yannik/Downloads/The _Don't Know What Time It Is_ Challenge.mp4 | length=1122.754 | time=0.633
[Saturday/June 13/06/2026 13:33:11] /home/yannik/Downloads/Pokémons versteckte Spielmechaniken.mp4 | length=1245.874 | time=1.067
[Saturday/June 13/06/2026 16:02:04] /run/user/1000/doc/9ea0642b/Red One (2024) (Eng Dub).mkv | length=7382.304 | time=3105.102
[Saturday/June 13/06/2026 16:13:53] /run/user/1000/doc/b6a38fc7/Soldaten des Lichts (2025) (Ger Dub) [Das kleine Fernsehspiel, ARD].mp4 | length=6461.16 | time=1791.9
[Saturday/June 13/06/2026 17:29:09] /run/user/1000/doc/5a42005/Audio Concepts 101 - Audio  Sound Basics - 6. Decibels - dBspl dBu.mp4 | length=342.914 | time=2.9
[Saturday/June 13/06/2026 17:29:14] /run/user/1000/doc/5a42005/Audio Concepts 101 - Audio  Sound Basics - 6. Decibels - dBspl dBu.mp4 | length=342.914 | time=3.4
[Saturday/June 13/06/2026 17:46:41] /run/user/1000/doc/88dfbde2/Mixdoku B.W.A. Teil 1 von 4 - Einleitung.mp4 | length=697.365 | time=395.5
[Saturday/June 13/06/2026 17:46:50] /run/user/1000/doc/a85ed695/Mischen – die Basics - EQing.mp4 | length=405.91666666667 | time=14.383333333333
[Saturday/June 13/06/2026 23:49:40] /home/yannik/Desktop/Stan Marsh aka Ruby/MASTER/BOUNCE/#M1_Stan Marsh_MASTER_D13-M06-Y2026_74-BPM_48k-24b.wav | length=196.47620833333 | time=1.8402777777778
[Saturday/June 13/06/2026 23:49:45] /home/yannik/Desktop/Stan Marsh aka Ruby/MASTER/BOUNCE/#M2_Stan Marsh_MASTER_D13-M06-Y2026_74-BPM_48k-24b.wav | length=195.5236875 | time=3.0069444444444
[Sunday/June 14/06/2026 03:31:43] /home/yannik/Downloads/After This, There's No Excuse To Butcher Your Vocal EQ.mp4 | length=1395.254 | time=3.333
[Sunday/June 14/06/2026 03:31:48] /home/yannik/Downloads/After This, There’s No Excuse To Butcher Your Vocal Compression.mp4 | length=1062.654 | time=2.967
[Sunday/June 14/06/2026 12:24:46] /home/yannik/Downloads/2026-06-14 ZDF IN VERTIGO - OG Keemo und Funkvater Frank - Tausend Huren/2026-06-14_ZDF_IN VERTIGO - OG Keemo und Funkvater Frank - Tausend Huren_http_veryhigh_deu_TV_Ton.mp4 | length=1654.6 | time=62.4
[Sunday/June 14/06/2026 16:07:57] /run/user/1000/doc/76f7c3da/Rap Vocal Mix.mp4 | length=1695.4978684807 | time=5.566
[Sunday/June 14/06/2026 16:09:12] /run/user/1000/doc/ac180876/76 - Werbung_.mp4 | length=78.121 | time=78.120999999998
[Monday/June 15/06/2026 01:14:21] /home/yannik/Desktop/STUDENTISCHE HILFSKRAFT/PODCAST/Ep. 16 - Studienberatung (01.04.26)/Podcast Episode 16/BOUNCE/#1_Podcast Episode 16_D08-M06-Y2026_90-BPM_48k-24b.wav | length=1933.4489583333 | time=434.70138888889
[Monday/June 15/06/2026 15:00:53] /home/yannik/Desktop/STUDENTISCHE HILFSKRAFT/PODCAST/Ep. 16 - Studienberatung (01.04.26)/Podcast Episode 16/BOUNCE/#2_Podcast Episode 16_D15-M06-Y2026_90-BPM_48k-24b.wav | length=1890.6543958333 | time=1663.0486111111
[Monday/June 15/06/2026 15:01:00] /home/yannik/Desktop/STUDENTISCHE HILFSKRAFT/PODCAST/Ep. 16 - Studienberatung (01.04.26)/Podcast Episode 16/BOUNCE/#1_Podcast Episode 16_D08-M06-Y2026_90-BPM_48k-24b.wav | length=1933.4489583333 | time=436.29166666667
[Monday/June 15/06/2026 15:01:03] /home/yannik/Desktop/STUDENTISCHE HILFSKRAFT/PODCAST/Ep. 16 - Studienberatung (01.04.26)/Podcast Episode 16/BOUNCE/#2_Podcast Episode 16_D15-M06-Y2026_90-BPM_48k-24b.wav | length=1890.6543958333 | time=1664.125
[Monday/June 15/06/2026 15:01:06] /home/yannik/Desktop/STUDENTISCHE HILFSKRAFT/PODCAST/Ep. 16 - Studienberatung (01.04.26)/Podcast Episode 16/BOUNCE/#1_Podcast Episode 16_D08-M06-Y2026_90-BPM_48k-24b.wav | length=1933.4489583333 | time=437.07638888889
[Monday/June 15/06/2026 22:54:18] /mnt/Data/OUT$IDERZ/SONGS/Projects/2025/08-25/Außer ihr/MASTER/BOUNCE/#M6_Außer ihr_MASTER_D03-M06-Y2026_110-BPM_48k-24b.wav | length=134.52472916667 | time=23.194444444444
[Monday/June 15/06/2026 22:54:43] /mnt/Data/OUT$IDERZ/SONGS/Projects/2025/08-25/Außer ihr/MASTER/BOUNCE/#M7_Außer ihr_MASTER_D15-M06-Y2026_110-BPM_48k-24b.wav | length=134.52472916667 | time=104.72222222222
[Monday/June 15/06/2026 22:54:51] /mnt/Data/OUT$IDERZ/SONGS/Projects/2025/08-25/Außer ihr/MASTER/BOUNCE/#M6_Außer ihr_MASTER_D03-M06-Y2026_110-BPM_48k-24b.wav | length=134.52472916667 | time=104.83333333333
[Monday/June 15/06/2026 22:54:55] /mnt/Data/OUT$IDERZ/SONGS/Projects/2025/08-25/Außer ihr/MASTER/BOUNCE/#M7_Außer ihr_MASTER_D15-M06-Y2026_110-BPM_48k-24b.wav | length=134.52472916667 | time=106.59027777778
[Tuesday/June 16/06/2026 20:02:48] /run/user/1000/doc/cc6d878d/001. Die Wahrheit über Veganismus - 30 Tage Vegan Selbstexperiment.mp4 | length=2892.3007709751 | time=1
[Tuesday/June 16/06/2026 20:04:23] /run/user/1000/doc/da5418e3/21. Jordan Peterson Men who know this are ahead of the competition.mp4 | length=879.8737414966 | time=5.2382
[Tuesday/June 16/06/2026 21:59:06] /mnt/Data/OUT$IDERZ/SONGS/Projects/2025/08-25/Außer ihr/MASTER/BOUNCE/#M7_Außer ihr_MASTER_D15-M06-Y2026_110-BPM_48k-24b.wav | length=134.52472916667 | time=45.513888888889
[Tuesday/June 16/06/2026 21:59:22] /mnt/Data/OUT$IDERZ/SONGS/Projects/2025/08-25/Außer ihr/MASTER/BOUNCE/#M1_Außer ihr_Mastering_D17-M10-Y2025_48k-24b.wav | length=136.27841666667 | time=46.319444444444
[Wednesday/June 17/06/2026 00:23:34] /mnt/Data/OUT$IDERZ/SONGS/Projects/2025/08-25/Wär ich morgen reich/MASTER/BOUNCE/#M14_Wär ich morgen reich_MASTER_D17-M06-Y2026_130-BPM_48k-24b.wav | length=164.477875 | time=70.055555555556
[Wednesday/June 17/06/2026 00:35:15] /home/yannik/Desktop/Justina Overdose/BOUNCE/#M4_Justina Overdose_D17-M06-Y2026_90-BPM_48k-24b.wav | length=199.94702083333 | time=192.46527777778
[Wednesday/June 17/06/2026 00:40:55] /home/yannik/Desktop/Justina Overdose/BOUNCE/#M4_Justina Overdose_D17-M06-Y2026_90-BPM_48k-24b.wav | length=199.94702083333 | time=119.07638888889
[Wednesday/June 17/06/2026 00:46:12] /home/yannik/Desktop/Justina Overdose/BOUNCE/#M4_Justina Overdose_D17-M06-Y2026_90-BPM_48k-24b.wav | length=199.94702083333 | time=187.11805555556
[Wednesday/June 17/06/2026 01:27:31] /home/yannik/Desktop/Stan Marsh aka Ruby/BEAT/Mac-Miller-Type-Beat---SUMMER.mp3 | length=220.584 | time=220.584
[Wednesday/June 17/06/2026 13:07:23] /home/yannik/Desktop/STUDENTISCHE HILFSKRAFT/PODCAST/Ep. 16 - Studienberatung (01.04.26)/Podcast Episode 16/BOUNCE/#2_Podcast Episode 16_D15-M06-Y2026_90-BPM_48k-24b.wav | length=1890.6543958333 | time=1665.0069444444
[Wednesday/June 17/06/2026 13:07:28] /home/yannik/Desktop/STUDENTISCHE HILFSKRAFT/PODCAST/Ep. 16 - Studienberatung (01.04.26)/Podcast Episode 16/BOUNCE/#3_Podcast Episode 16_D17-M06-Y2026_90-BPM_48k-24b.wav | length=1861.9787291667 | time=2.2083333333333
[Wednesday/June 17/06/2026 23:12:55] /run/media/yannik/31E6-6FFB/XDROOT/Clip/212_0158.MXF | length=4.1708333333333 | time=4.1708333333333
[Wednesday/June 17/06/2026 23:13:07] /run/media/yannik/31E6-6FFB/XDROOT/Clip/212_0159.MXF | length=21.354666666667 | time=17.083733333333
[Wednesday/June 17/06/2026 23:20:53] /home/yannik/Desktop/TRAILER/Clip/212_0160.MXF | length=66.733333333333 | time=51.518133333333
[Wednesday/June 17/06/2026 23:20:54] /home/yannik/Desktop/TRAILER/Clip/212_0160.MXF | length=66.733333333333 | time=8.8088
[Wednesday/June 17/06/2026 23:21:07] /home/yannik/Desktop/TRAILER/Clip/212_0161.MXF | length=1465.9645 | time=1172.1376333333
[Thursday/June 18/06/2026 00:05:47] /home/yannik/Desktop/TRAILER/Clip/212_0159.MXF | length=21.354666666667 | time=18.585233333333
[Thursday/June 18/06/2026 00:05:53] /home/yannik/Desktop/TRAILER/Clip/212_0159-30fps.mkv | length=21.354 | time=2.603
[Thursday/June 18/06/2026 02:03:26] /home/yannik/Desktop/TRAILER/EXPORT/#1_DMWT Trailer_D18-M06-Y26.mp4 | length=82.944 | time=82.944
[Thursday/June 18/06/2026 02:11:59] /home/yannik/Desktop/TRAILER/EXPORT/#1_DMWT Trailer_D18-M06-Y26.mp4 | length=82.944 | time=5.5388666666667
[Thursday/June 18/06/2026 02:17:26] /home/yannik/Desktop/TRAILER/EXPORT/#2_DMWT Trailer_D18-M06-Y26.mp4 | length=97.92 | time=97.92
[Thursday/June 18/06/2026 02:40:50] /home/yannik/Desktop/TRAILER/EXPORT/#3_DMWT Trailer_D18-M06-Y26.mp4 | length=101.856 | time=101.856
[Thursday/June 18/06/2026 20:31:44] /run/media/yannik/ytg/C0005.MP4 | length=19.2 | time=19.16
[Thursday/June 18/06/2026 20:31:44] /run/media/yannik/ytg/C0005.MP4 | length=19.2 | time=0
[Thursday/June 18/06/2026 20:31:44] /run/media/yannik/ytg/Ep. 21 - Knowledge Foundation (18.06.26)/FOOTAGE/Ep. 21 (18.06.26).logicx/Alternatives/000/WindowImage.jpg | length=0 | time=0
[Thursday/June 18/06/2026 20:31:52] /run/media/yannik/ytg/C0003.MP4 | length=7.68 | time=4.32
[Thursday/June 18/06/2026 20:58:15] /mnt/Data/OUT$IDERZ/SONGS/Released Projects/OT$Z DI$COGRAPHY/Cozy/2026/10. OT$Z Cozy - A Cozy Hearbreak (2026 LP)/BEATS + LICENSE/03. Außer ihr/Außer ihr --- With Me prod. one dollar beats/one-dollar-mafia-wave.wav | length=135.27841666667 | time=2.7847222222222
[Thursday/June 18/06/2026 20:58:46] /mnt/Data/OUT$IDERZ/SONGS/Released Projects/OT$Z DI$COGRAPHY/Cozy/2026/10. OT$Z Cozy - A Cozy Hearbreak (2026 LP)/BEATS + LICENSE/03. Außer ihr/Außer ihr --- With Me prod. one dollar beats/one-dollar-mafia-wave.wav | length=135.27841666667 | time=1.2986111111111
[Thursday/June 18/06/2026 21:01:02] /mnt/Data/OUT$IDERZ/BEATS/OT$Z BEAT$/BEATS IN LIMBO/1000 Dinge Interlude --- Swim Slowly prod. eeryskies/eeryskies-swim-slowly-wav-file.wav | length=228 | time=0.75
[Thursday/June 18/06/2026 21:02:52] /mnt/Data/OUT$IDERZ/SONGS/Released Projects/OT$Z DI$COGRAPHY/Cozy/2026/04. OT$Z Cozy - Ja, okay (2026 Single)/BEAT + LICENSE/slowly_3510991.wav | length=177.7835600907 | time=0.70833333333333
[Thursday/June 18/06/2026 21:05:56] /mnt/Data/OUT$IDERZ/SONGS/Released Projects/OT$Z DI$COGRAPHY/Cozy/2026/10. OT$Z Cozy - A Cozy Hearbreak (2026 LP)/SONGS + COVER/03. #M9_Außer ihr_MASTER_D18-M06-Y2026_110-BPM_48k-24b.wav | length=134.52472916667 | time=71.243055555556
[Thursday/June 18/06/2026 21:06:16] /mnt/Data/OUT$IDERZ/SONGS/Released Projects/OT$Z DI$COGRAPHY/Cozy/2026/10. OT$Z Cozy - A Cozy Hearbreak (2026 LP)/SONGS + COVER/04. #M15_Kommt und geht_MASTER_D17-M06-Y2026_109-BPM_48k-24b.wav | length=141.16954166667 | time=47.854166666667
[Thursday/June 18/06/2026 21:06:18] /mnt/Data/OUT$IDERZ/SONGS/Released Projects/OT$Z DI$COGRAPHY/Cozy/2026/10. OT$Z Cozy - A Cozy Hearbreak (2026 LP)/SONGS + COVER/06. #M14_Wär ich morgen reich_MASTER_D17-M06-Y2026_130-BPM_48k-24b.wav | length=164.477875 | time=1.9097222222222
[Thursday/June 18/06/2026 21:06:24] /mnt/Data/OUT$IDERZ/SONGS/Released Projects/OT$Z DI$COGRAPHY/Cozy/2026/10. OT$Z Cozy - A Cozy Hearbreak (2026 LP)/SONGS + COVER/04. #M15_Kommt und geht_MASTER_D17-M06-Y2026_109-BPM_48k-24b.wav | length=141.16954166667 | time=49.944444444444
[Thursday/June 18/06/2026 21:08:28] /mnt/Data/OUT$IDERZ/SONGS/Released Projects/OT$Z DI$COGRAPHY/Cozy/2026/10. OT$Z Cozy - A Cozy Hearbreak (2026 LP)/SONGS + COVER/06. #M14_Wär ich morgen reich_MASTER_D17-M06-Y2026_130-BPM_48k-24b.wav | length=164.477875 | time=86
[Thursday/June 18/06/2026 21:15:11] /mnt/Data/OUT$IDERZ/SONGS/Released Projects/OT$Z DI$COGRAPHY/Cozy/2026/10. OT$Z Cozy - A Cozy Hearbreak (2026 LP)/SONGS + COVER/12. #M11_Melancholie_MASTER_D11-M06-Y2026_90-BPM_48k-24b.wav | length=168.00389583333 | time=168.00389583333
[Thursday/June 18/06/2026 21:25:12] /mnt/Data/OUT$IDERZ/SONGS/Released Projects/OT$Z DI$COGRAPHY/Cozy/2026/10. OT$Z Cozy - A Cozy Hearbreak (2026 LP)/BEATS + LICENSE/12. Melancholie/Melancholie --- Commitment prod. one dollar beats/one-dollar-beats-beat-313-commitment-160-bpm.wav | length=168.00390022676 | time=0.76388888888889
[Thursday/June 18/06/2026 21:49:14] /mnt/Data/Music_Collection/OTSZ RECORD$/OT$Z Cozy/Butterflies Make Me Cry (2026 EP)/2. OT$Z Cozy - Chloe Price.mp3 | length=126.70732426304 | time=0.92905459194331
[Thursday/June 18/06/2026 21:51:00] /mnt/Data/Music_Collection/OTSZ RECORD$/OT$Z Cozy/Butterflies Make Me Cry (2026 EP)/4. OT$Z Cozy - Zu Hause.mp3 | length=194.62108843537 | time=1.0356133045465
[Thursday/June 18/06/2026 23:00:45] /mnt/Data/OUT$IDERZ/VISUALS/Videos (YT + Socials)/Vertical Videos/2026/11. Sommer Vertical/EXP/#2_Sommer_Vertical_D31-M05-Y26_4K-60FPS-FLAC.mp4 | length=13.056 | time=1.7333333333333
[Thursday/June 18/06/2026 23:42:16] /mnt/Data/OUT$IDERZ/VISUALS/Videos (YT + Socials)/Vertical Videos/2026/11. Sommer Vertical/EXP/#3_Sommer_Vertical_D18-M06-Y26_4K-60FPS-FLAC.mp4 | length=11.52 | time=1.4833333333333
[Thursday/June 18/06/2026 23:42:27] /mnt/Data/OUT$IDERZ/VISUALS/Videos (YT + Socials)/Vertical Videos/2026/11. Sommer Vertical/EXP/#3_Sommer_Vertical_D18-M06-Y26_4K-60FPS-FLAC.mp4 | length=11.52 | time=11.52
[Friday/June 19/06/2026 02:52:42] /home/yannik/Downloads/I read every major CS paper of the last 100 years....mp4 | length=611.38140589569 | time=13.220833333333
[Friday/June 19/06/2026 02:52:47] /home/yannik/Downloads/Every operating system concept in one video….mp4 | length=690.46857142857 | time=2.2515444444444
[Friday/June 19/06/2026 08:23:42] /home/yannik/Downloads/The real reason dating is broken.mp4 | length=1755.654 | time=1.585
[Friday/June 19/06/2026 21:25:23] /run/user/1000/doc/6c375a4/Drive-By Freestyles In NYC - Nobody Saw It Coming.mp4 | length=1177.2517006803 | time=6.0416666666667
[Saturday/June 20/06/2026 00:53:41] /run/user/1000/doc/78edc1b2/Tutorial - Was ist ein Mabu.mp4 | length=69.774 | time=64.32
[Saturday/June 20/06/2026 02:19:44] /mnt/Data/Music_Collection/OG Keemo/Mann beißt Hund (2022)/17. OG Keemo - Ende.mp3 | length=326.99986666667 | time=261.4058588403
[Saturday/June 20/06/2026 02:19:46] /mnt/Data/Music_Collection/OG Keemo/Mann beißt Hund (2022)/16. OG Keemo - Blanko (ft. Kwam.E).mp3 | length=152.69333333333 | time=2.36580017061
[Saturday/June 20/06/2026 02:21:00] /mnt/Data/Music_Collection/OG Keemo/Mann beißt Hund (2022)/15. OG Keemo - Töle.mp3 | length=240.13333333333 | time=22.528463167572
[Saturday/June 20/06/2026 02:22:30] /mnt/Data/Music_Collection/OG Keemo/Mann beißt Hund (2022)/15. OG Keemo - Töle.mp3 | length=240.13333333333 | time=235.12819581952
[Saturday/June 20/06/2026 02:22:38] /mnt/Data/Music_Collection/OG Keemo/Mann beißt Hund (2022)/16. OG Keemo - Blanko (ft. Kwam.E).mp3 | length=152.69333333333 | time=70.033515447846
[Saturday/June 20/06/2026 02:22:50] /mnt/Data/Music_Collection/OG Keemo/Mann beißt Hund (2022)/15. OG Keemo - Töle.mp3 | length=240.13333333333 | time=97.008300028345
[Saturday/June 20/06/2026 15:11:03] /mnt/Data/OUT$IDERZ/VISUALS/Videos (YT + Socials)/Vertical Videos/2026/11. Sommer Vertical/EXP/#3_Sommer_Vertical_D18-M06-Y26_4K-60FPS-FLAC.mp4 | length=11.52 | time=2.1833333333333
[Saturday/June 20/06/2026 19:03:14] /mnt/Data/OUT$IDERZ/VISUALS/Videos (YT + Socials)/YT Videos/2026/11. Sommer YT/EXP/#3_Sommer_YT_D28-M05-Y26_4K-60FPS-FLAC.mp4 | length=126.912 | time=125.91666666667
[Saturday/June 20/06/2026 19:56:43] /mnt/Data/OUT$IDERZ/VISUALS/Videos (YT + Socials)/Vertical Videos/2026/11. Sommer Vertical/EXP/#4_Sommer_Vertical_D20-M06-Y26_4K-60FPS-FLAC.mp4 | length=11.52 | time=1
[Saturday/June 20/06/2026 21:13:50] /mnt/Data/OUT$IDERZ/SONGS/Released Projects/OT$Z DI$COGRAPHY/Cozy/2026/10. OT$Z Cozy - A Cozy Hearbreak (2026 LP)/SONGS + COVER/06. #M14_Wär ich morgen reich_MASTER_D17-M06-Y2026_130-BPM_48k-24b.wav | length=164.477875 | time=49.979166666667
[Saturday/June 20/06/2026 22:06:39] /mnt/Data/OUT$IDERZ/VISUALS/Videos (YT + Socials)/YT Videos/2026/15. Tausend Dinge Interlude YT/EXP/#1_Tausend Dinge Interlude_YT_D10-M06-Y26_4K-60FPS-FLAC.mp4 | length=64.704 | time=45.633333333333
[Saturday/June 20/06/2026 22:06:57] /mnt/Data/OUT$IDERZ/VISUALS/Videos (YT + Socials)/Vertical Videos/2026/15. Tausend Dinge Interlude Vertical/EXP/#1_Tausend Dinge Interlude_Vertical_D20-M06-Y26_4K-60FPS-FLAC.mp4 | length=16.32 | time=16.32
[Saturday/June 20/06/2026 22:10:30] /home/yannik/Downloads/Some Like It Hot (1959 Remaster) (Eng Dub).mkv | length=7338.292 | time=509.217
[Saturday/June 20/06/2026 22:10:50] /home/yannik/Downloads/Wild Cherry (2009) (Eng Dub).mkv | length=5123.326 | time=2139.262
[Saturday/June 20/06/2026 22:11:38] /home/yannik/Downloads/A Teacher (2020 Miniseries) (Eng Dub)/A.Teacher.S01E06.720p.WEB-HD.x264-Pahe.li.mkv | length=1433.46 | time=683.308
[Saturday/June 20/06/2026 22:15:43] /run/user/1000/doc/3dee7f10/Under.Salt.Marsh.S01E02.1080p.WEB-HD.x265.6CH-Pahe.in.mkv | length=3299.795 | time=3.64
[Sunday/June 21/06/2026 02:10:25] /mnt/Data/OUT$IDERZ/SONGS/Projects/2025/10-25/Fantasie/MASTER/BOUNCE/#M9_Fantasie_MASTER_D21-M06-Y2026_188-BPM_48k-24b.wav | length=123.36725 | time=123.36725
[Sunday/June 21/06/2026 11:00:01] /run/user/1000/doc/7987ad8b/American.Psycho.2000.Unrated.2160p.UHD.BluRay.x265.HDR.DV.DD+7.1.Atmos-Pahe.in.mkv | length=6124.832 | time=2272.6054636884
[Sunday/June 21/06/2026 11:01:45] /run/user/1000/doc/7987ad8b/American.Psycho.2000.Unrated.2160p.UHD.BluRay.x265.HDR.DV.DD+7.1.Atmos-Pahe.in.mkv | length=6124.832 | time=2271.3054636884
[Sunday/June 21/06/2026 11:01:58] /run/user/1000/doc/a76b0e0b/Clean.and.Sober.1988.1080p.BluRay.x264.AAC1.0-Pahe.in.mkv | length=7473.007 | time=7050.46
[Sunday/June 21/06/2026 11:02:23] /run/user/1000/doc/7987ad8b/American.Psycho.2000.Unrated.2160p.UHD.BluRay.x265.HDR.DV.DD+7.1.Atmos-Pahe.in.mkv | length=6124.832 | time=2270.6554636884
[Sunday/June 21/06/2026 11:03:47] /run/user/1000/doc/8b785811/American Psycho (2000 Uncut) (Eng Dub).mkv | length=6124.864 | time=2.711
[Sunday/June 21/06/2026 11:03:51] /run/user/1000/doc/b4f532c8/American.Psycho.2000.Unrated.2160p.UHD.BluRay.x265.HDR.DV.DD+7.1.Atmos-Pahe.in.mkv | length=6124.832 | time=1.627
[Sunday/June 21/06/2026 11:03:55] /run/user/1000/doc/8b785811/American Psycho (2000 Uncut) (Eng Dub).mkv | length=6124.864 | time=1.543
[Sunday/June 21/06/2026 11:04:13] /run/user/1000/doc/b4f532c8/American.Psycho.2000.Unrated.2160p.UHD.BluRay.x265.HDR.DV.DD+7.1.Atmos-Pahe.in.mkv | length=6124.832 | time=1499.915
[Sunday/June 21/06/2026 11:04:20] /run/user/1000/doc/b4f532c8/American.Psycho.2000.Unrated.2160p.UHD.BluRay.x265.HDR.DV.DD+7.1.Atmos-Pahe.in.mkv | length=6124.832 | time=1326.4155691194
[Sunday/June 21/06/2026 11:23:43] /run/user/1000/doc/29a74e6e/The Da Vinci Code (2006 Extended) (Eng Dub).mkv | length=10477.566 | time=9049.0125694399
[Sunday/June 21/06/2026 11:23:53] /run/user/1000/doc/99e65122/The Day After Tomorrow (2004) (Eng Dub).mp4 | length=7420.416 | time=5248.6598441667
[Sunday/June 21/06/2026 11:24:02] /run/user/1000/doc/29a74e6e/The Da Vinci Code (2006 Extended) (Eng Dub).mkv | length=10477.566 | time=9048.3625694399
[Sunday/June 21/06/2026 11:24:31] /run/user/1000/doc/29a74e6e/The Da Vinci Code (2006 Extended) (Eng Dub).mkv | length=10477.566 | time=3074.989
[Sunday/June 21/06/2026 12:06:02] /run/user/1000/doc/885ab1db/Invincible.2021.S02E07.IM.NOT.GOING.ANYWHERE.1080p.WEB-DL.x265.6CH-Pahe.in.mkv | length=3103.443 | time=1465.422
[Sunday/June 21/06/2026 21:35:49] /mnt/Data/Music_Collection/Alligatoah/Schlaftabletten, Rotwein IV (STRW 4) (2011)/01. Alligatoah - Alligatoah (Lady Gaga Remix).mp3 | length=277.03642222222 | time=277.23406139257
[Sunday/June 21/06/2026 21:39:11] /mnt/Data/Music_Collection/Alligatoah/Schlaftabletten, Rotwein IV (STRW 4) (2011)/02. Alligatoah - Märchenschlampen (ft. Yilmaz).mp3 | length=201.65558888889 | time=201.74086206067
[Sunday/June 21/06/2026 21:42:38] /mnt/Data/Music_Collection/Alligatoah/Schlaftabletten, Rotwein IV (STRW 4) (2011)/03. Alligatoah - Reiten.mp3 | length=207.107 | time=207.2002380763
[Sunday/June 21/06/2026 21:46:14] /mnt/Data/Music_Collection/Alligatoah/Schlaftabletten, Rotwein IV (STRW 4) (2011)/04. Alligatoah - Klüger.mp3 | length=215.42758888889 | time=215.53328469852
[Sunday/June 21/06/2026 21:49:56] /mnt/Data/Music_Collection/Alligatoah/Schlaftabletten, Rotwein IV (STRW 4) (2011)/05. Alligatoah - Meine Freunde von der Insel.mp3 | length=175.46983333333 | time=156.80874171731
[Monday/June 22/06/2026 00:05:13] /home/yannik/Desktop/STUDENTISCHE HILFSKRAFT/PODCAST/Ep. 17 - Die Hütte (15.04.26)/Podcast Episode 17/BOUNCE/#1_Podcast Episode 17_D21-M06-Y2026_90-BPM_48k-24b.wav | length=2056.1740208333 | time=2053.9027777778
[Monday/June 22/06/2026 00:05:32] /home/yannik/Downloads/crazy/Crazy.2000.GERMAN.1080p.WEB.H264-DMPD/dmpd-crazy.2000.german.1080p.web.h264.mkv | length=5570.944 | time=3380.24
[Monday/June 22/06/2026 00:47:44] /run/user/1000/doc/3b5f43da/Crayon Shin-chan - Honeymoon Hurricane - The Lost Hiroshi (2019) (Jap Dub).mkv | length=5973.032 | time=116.825
[Monday/June 22/06/2026 22:47:17] /mnt/Data/OUT$IDERZ/SONGS/Projects/2026/06-26/Justina - Overdose/BOUNCE/#M4_Justina Overdose_D17-M06-Y2026_90-BPM_48k-24b.wav | length=199.94702083333 | time=142.76388888889
[Tuesday/June 23/06/2026 01:06:21] /home/yannik/Desktop/TRAILER/EXPORT/#4_DMWT Trailer_D23-M06-Y26.mp4 | length=108.384 | time=108.384
[Tuesday/June 23/06/2026 11:36:12] /home/yannik/Downloads/das leben/Das.Leben.ist.wundervoll.2021.iNTERNAL.German.DL.1080p.BluRay.x264-LizardSquad/Das Leben ist wundervoll (2021) (Ger Dub).mkv | length=6301.5 | time=2737
[Tuesday/June 23/06/2026 11:40:05] /home/yannik/Downloads/Little.Trouble.Girls.2025.1080p.BluRay.x265.DD+5.1-Pahe.in.mkv | length=5400.446 | time=5.839
[Tuesday/June 23/06/2026 13:17:53] /home/yannik/voice_message_1782212795652.m4a | length=168.32145124717 | time=168.31944444444
[Tuesday/June 23/06/2026 13:17:53] /home/yannik/voice_message_1782212795652.m4a | length=168.32145124717 | time=0
[Tuesday/June 23/06/2026 13:17:58] /home/yannik/Desktop/Screenshot From 2026-04-24 02-29-27.png | length=0 | time=0
[Tuesday/June 23/06/2026 13:19:28] /home/yannik/voice_message_1782213418344.m4a | length=84.497414965986 | time=84.497414965986
[Tuesday/June 23/06/2026 13:31:12] /home/yannik/voice_message_1782213418344.m4a | length=84.497414965986 | time=83.506944444444
[Tuesday/June 23/06/2026 13:33:01] /home/yannik/voice_message_1782213538392.m4a | length=106.88145124717 | time=106.875
[Tuesday/June 23/06/2026 13:33:01] /home/yannik/voice_message_1782213538392.m4a | length=106.88145124717 | time=0
[Tuesday/June 23/06/2026 13:33:07] /home/yannik/Desktop/DMWT/LOGO CONTROLLER/EXPORT/#1_Controller-Orange.png | length=0 | time=0
[Tuesday/June 23/06/2026 13:33:12] /home/yannik/Desktop/DMWT/LOGO CONTROLLER/EXPORT/#3_Controller-Orange.png | length=0 | time=0
[Tuesday/June 23/06/2026 13:33:17] /home/yannik/Desktop/DMWT/LOGO CONTROLLER/EXPORT/#4__Controller-Orange.png | length=0 | time=0
[Tuesday/June 23/06/2026 13:33:22] /home/yannik/Desktop/DMWT/LOGO CONTROLLER/EXPORT/#5_Controller-Orange.png | length=0 | time=0
[Tuesday/June 23/06/2026 13:33:27] /home/yannik/Desktop/DMWT/LOGO CONTROLLER/EXPORT/#5_Controller-Outline.png | length=0 | time=0
[Tuesday/June 23/06/2026 13:33:32] /home/yannik/Desktop/DMWT/LOGO CONTROLLER/FOOTAGE/UNUSED/504bb003d636e2ea05a43e252eeba0f0.jpg | length=0 | time=0
[Tuesday/June 23/06/2026 13:33:38] /home/yannik/Desktop/DMWT/LOGO CONTROLLER/FOOTAGE/UNUSED/6562644_sd.jpg | length=0 | time=0
[Tuesday/June 23/06/2026 13:33:43] /home/yannik/Desktop/GOTTA BACKUP/Handy/SHIFT6mq/12-25/DCIM/Camera/IMG_20240227_030044.jpg | length=0 | time=0
[Tuesday/June 23/06/2026 13:33:46] /home/yannik/Desktop/GOTTA BACKUP/Handy/SHIFT6mq/12-25/DCIM/Camera/IMG_20240227_103824.jpg | length=0 | time=0
[Tuesday/June 23/06/2026 14:18:41] /mnt/Data/Music_Collection/Z_Untagged/Otaku Juna/Singles/Wanna be you.mp3 | length=203.56056689342 | time=0.24876665294331
[Tuesday/June 23/06/2026 22:41:44] /mnt/Data/OUT$IDERZ/SONGS/Projects/2025/10-25/Fantasie/BOUNCE/#30_Fantasie_D23-M06-Y2026_188-BPM_48k-24b.wav | length=123.64885416667 | time=4.6666666666667
[Tuesday/June 23/06/2026 23:59:16] /home/yannik/Desktop/TRAILER/EXPORT/#4_DMWT Trailer_D23-M06-Y26.mp4 | length=108.384 | time=4.7714333333333
[Wednesday/June 24/06/2026 00:18:14] /home/yannik/Desktop/TRAILER/EXPORT/#5_DMWT Trailer_D24-M06-Y26.mp4 | length=108.384 | time=103.0029
[Wednesday/June 24/06/2026 00:31:48] /home/yannik/Desktop/TRAILER/EXPORT/#5_DMWT Trailer_D24-M06-Y26.mp4 | length=108.384 | time=108.371358938
[Wednesday/June 24/06/2026 00:57:26] /mnt/Data/OUT$IDERZ/SONGS/Projects/2025/10-25/Fantasie/MASTER/BOUNCE/Fantasie_MASTER_D24-M06-Y2026_188-BPM_48k-24b-001.wav | length=51.223145833333 | time=4.4652777777778
[Wednesday/June 24/06/2026 13:40:23] /run/user/1000/doc/I9sev9N136_jwsU3xkEHLw/patrol-brecht1.1080p.mkv | length=5437.344 | time=4290.44
[Wednesday/June 24/06/2026 13:47:04] /home/yannik/Desktop/Der Schwiegersohn/Der.Schwiegersohn.2026.German.DL.2160p.HDR.WEBRip.AV1-WOTT/Der.Schwiegersohn.2026.German.DL.2160p.HDR.WEBRip.AV1-WOTT.mkv | length=6232.256 | time=5682.792
[Wednesday/June 24/06/2026 14:25:18] /run/user/1000/doc/ZrxTlLJeyxiw8fL_MtjOKw/Crayon Shin-chan - The Adult Empire Strikes Back (2001) (Jap Dub).mkv | length=5415.507 | time=3634.548
[Wednesday/June 24/06/2026 14:25:32] /run/user/1000/doc/ZrxTlLJeyxiw8fL_MtjOKw/Crayon Shin-chan - The Adult Empire Strikes Back (2001) (Jap Dub).mkv | length=5415.507 | time=3675.213
[Wednesday/June 24/06/2026 16:42:41] /run/user/1000/doc/7IMzNDCDpjNDnPGMUQWw2A/Jujutsu Kaisen - Hidden Inventory Premature Death - The Movie (2025) (Jap Dub).mkv | length=6614.696 | time=1.543
[Wednesday/June 24/06/2026 22:35:44] /mnt/Data/OUT$IDERZ/VISUALS/Videos (YT + Socials)/Vertical Videos/2026/16. Melancholie Vertical/EXP/#1_Melancholie_Vertical_D20-M06-Y26_4K-60FPS-FLAC.mp4 | length=30.24 | time=18.4
[Thursday/June 25/06/2026 15:09:34] /home/yannik/Downloads/I.Am.Not.an.Easy.Man.2018.1080p.NF.WEB-DL.x265.6CH-Pahe.in.mkv | length=5920.979 | time=2.75
[Thursday/June 25/06/2026 17:00:43] /mnt/Data/OUT$IDERZ/SONGS/Projects/2026/05-26/Im Süden sind wir alle nur zerbrochen wie die erste Liebe/BOUNCE/VOX_MAIN-VERSE_D25-M06-Y2026_75-BPM_48k-24b.wav | length=98.1 | time=57.298611111111
[Thursday/June 25/06/2026 17:05:03] /home/yannik/Desktop/Im Süden sind wir alle nur zerbrochen wie die erste Liebe/REFERENCE MIX/#1_Im Süden sind wir alle nur zerbrochen wie die erste Liebe_D25-M06-Y2026_75-BPM_48k-24b.wav | length=98.1 | time=98.1
[Thursday/June 25/06/2026 17:05:11] /mnt/Data/OUT$IDERZ/SONGS/Projects/2026/05-26/Im Süden sind wir alle nur zerbrochen wie die erste Liebe/VOX/VOX_DANI MAIN_D25-M06-Y2026_75-BPM_48k-24b.wav | length=98.1 | time=29.979166666667
[Thursday/June 25/06/2026 17:05:19] /mnt/Data/OUT$IDERZ/SONGS/Projects/2026/05-26/Im Süden sind wir alle nur zerbrochen wie die erste Liebe/VOX/VOX_LAYER 2_D25-M06-Y2026_75-BPM_48k-24b.wav | length=98.1 | time=71.104166666667
[Thursday/June 25/06/2026 17:05:24] /mnt/Data/OUT$IDERZ/SONGS/Projects/2026/05-26/Im Süden sind wir alle nur zerbrochen wie die erste Liebe/VOX/VOX_LAYER_D25-M06-Y2026_75-BPM_48k-24b.wav | length=98.1 | time=67.25
[Thursday/June 25/06/2026 17:05:32] /mnt/Data/OUT$IDERZ/SONGS/Projects/2026/05-26/Im Süden sind wir alle nur zerbrochen wie die erste Liebe/VOX/VOX_MAIN-HOOK_D25-M06-Y2026_75-BPM_48k-24b.wav | length=98.1 | time=78.229166666667
[Thursday/June 25/06/2026 17:05:37] /mnt/Data/OUT$IDERZ/SONGS/Projects/2026/05-26/Im Süden sind wir alle nur zerbrochen wie die erste Liebe/VOX/VOX_MAIN-VERSE_D25-M06-Y2026_75-BPM_48k-24b.wav | length=98.1 | time=70.631944444444
[Thursday/June 25/06/2026 17:06:01] /mnt/Data/OUT$IDERZ/SONGS/Projects/2026/05-26/Im Süden sind wir alle nur zerbrochen wie die erste Liebe/VOX/#_VOX-BUS_D25-M06-Y2026_75-BPM_48k-24b.wav | length=98.1 | time=98.097222222222
[Thursday/June 25/06/2026 17:06:01] /mnt/Data/OUT$IDERZ/SONGS/Projects/2026/05-26/Im Süden sind wir alle nur zerbrochen wie die erste Liebe/VOX/#_VOX-BUS_D25-M06-Y2026_75-BPM_48k-24b.wav | length=98.1 | time=0
[Thursday/June 25/06/2026 18:30:46] /mnt/Data/OUT$IDERZ/SONGS/Projects/2026/05-26/Im Süden sind wir alle nur zerbrochen wie die erste Liebe/BOUNCE/#1_Im Süden sind wir alle nur zerbrochen wie die erste Liebe_D25-M06-Y2026_75-BPM_48k-24b.wav | length=98.1 | time=98.1
[Thursday/June 25/06/2026 21:57:52] /mnt/Data/OUT$IDERZ/SONGS/Projects/2026/06-26/Stan Marsh aka Ruby/MASTER/BOUNCE/#M6_Stan Marsh_MASTER_D25-M06-Y2026_74-BPM_48k-24b.wav | length=207.96377083333 | time=179.40972222222
[Saturday/June 27/06/2026 01:02:25] /home/yannik/Desktop/STUDENTISCHE HILFSKRAFT/PODCAST/Ep. 17 - Die Hütte (15.04.26)/Podcast Episode 17/BOUNCE/#1_Podcast Episode 17_D21-M06-Y2026_90-BPM_48k-24b.wav | length=2056.1740208333 | time=2037.4583333333
[Saturday/June 27/06/2026 01:19:40] /home/yannik/Desktop/STUDENTISCHE HILFSKRAFT/PODCAST/Ep. 17 - Die Hütte (15.04.26)/Podcast Episode 17/BOUNCE/#1_Podcast Episode 17_D21-M06-Y2026_90-BPM_48k-24b.wav | length=2056.1740208333 | time=1.9236111111111
[Sunday/June 28/06/2026 00:42:22] /mnt/Data/OUT$IDERZ/VISUALS/Videos (YT + Socials)/Vertical Videos/2026/12. Außer ihr Vertical/EXP/#3_Außer ihr_Vertical_D20-M06-Y26_4K-60FPS-FLAC.mp4 | length=17.472 | time=1.3666666666667
[Sunday/June 28/06/2026 00:45:15] /mnt/Data/OUT$IDERZ/VISUALS/Videos (YT + Socials)/Vertical Videos/2026/12. Außer ihr Vertical/EXP/#3_Außer ihr_Vertical_D20-M06-Y26_4K-60FPS-FLAC.mp4 | length=17.472 | time=0.73333333333333
[Sunday/June 28/06/2026 03:32:43] /run/user/1000/doc/4Kk1nMEA66IfmhAWZ4jz3w/Everything About Extruding in BLENDER (Extrude).mp4 | length=423.02113378685 | time=5.6719666666667
[Sunday/June 28/06/2026 03:33:31] /run/user/1000/doc/9otagFEsejHat55TCq3j2w/Blender for Beginners.mp4 | length=13407.317913832 | time=0.36666666666667
[Sunday/June 28/06/2026 13:37:18] /home/yannik/Desktop/Screen Recording Finale Website D28-M06-Y26.mp4 | length=153.08626666667 | time=153.0529
[Sunday/June 28/06/2026 13:37:18] /home/yannik/Desktop/Screen Recording Finale Website D28-M06-Y26.mp4 | length=153.08626666667 | time=0
[Sunday/June 28/06/2026 13:37:20] /home/yannik/Desktop/Digital Art Abgabe/Bilder/10 Bilder/_DSC0009.JPG | length=0 | time=0
[Sunday/June 28/06/2026 13:42:13] /home/yannik/Downloads/Screen Recording Finale Website D28-M06-Y26.mp4 | length=153.08626666667 | time=153.0529
[Sunday/June 28/06/2026 13:42:14] /home/yannik/Downloads/Screen Recording Finale Website D28-M06-Y26.mp4 | length=153.08626666667 | time=0
[Sunday/June 28/06/2026 14:06:21] /home/yannik/Downloads/masters.of.the.univers.revelation.s1.web.72-pahe.in/Masters of the Universe Revelation S01 NF WEB-DL 720p x264 [Pahe.ph]/Masters.of.the.Universe.Revelation.S01E04.Land.of.the.Dead.720p.NF.WEB-DL.x264-Pahe.ph.mkv | length=1566.388 | time=1321.542
[Sunday/June 28/06/2026 14:07:17] /home/yannik/Downloads/masters.of.the.univers.revelation.s1.web.72-pahe.in/Masters of the Universe Revelation S01 NF WEB-DL 720p x264 [Pahe.ph]/Masters.of.the.Universe.Revelation.S01E05.The.Forge.at.the.Forest.of.Forever.720p.NF.WEB-DL.x264-Pahe.ph.mkv | length=1636.66 | time=1339.292
[Sunday/June 28/06/2026 15:07:50] /home/yannik/Downloads/Tennis - Steffi Ein Portrait -  A Film by Michael Graf  1996.mp4 | length=3398.8673015873 | time=236.56
[Sunday/June 28/06/2026 16:03:30] /home/yannik/Downloads/2025-09-19 ZDF Großes Tennis - Made in East Germany - Der Traum von Wimbledon/2025-09-19_ZDF_Großes Tennis - Made in East Germany - Der Traum von Wimbledon_http_fhd_deu_TV_Ton.mp4 | length=1547.1 | time=80.98
[Sunday/June 28/06/2026 18:52:05] /home/yannik/Downloads/Steffi Graf _ The ZDF Documentary 2019 _ A Tribute to Tennis Goddess.mp4 | length=2602.5389569161 | time=19.4
[Monday/June 29/06/2026 00:15:37] /home/yannik/Desktop/STUDENTISCHE HILFSKRAFT/PODCAST/Ep. 17 - Die Hütte (15.04.26)/Podcast Episode 17/BOUNCE/#2_Podcast Episode 17_D27-M06-Y2026_90-BPM_48k-24b.wav | length=1945.2753125 | time=3.0763888888889
[Monday/June 29/06/2026 00:15:39] /home/yannik/Desktop/STUDENTISCHE HILFSKRAFT/PODCAST/Ep. 17 - Die Hütte (15.04.26)/Podcast Episode 17/BOUNCE/#2_Podcast Episode 17_D27-M06-Y2026_90-BPM_48k-24b.wav | length=1945.2753125 | time=1.0902777777778
[Monday/June 29/06/2026 00:15:45] /home/yannik/Desktop/STUDENTISCHE HILFSKRAFT/PODCAST/Ep. 17 - Die Hütte (15.04.26)/Podcast Episode 17/BOUNCE/#2_Podcast Episode 17_D27-M06-Y2026_90-BPM_48k-24b.wav | length=1945.2753125 | time=2.0416666666667
[Monday/June 29/06/2026 00:15:50] /home/yannik/Desktop/STUDENTISCHE HILFSKRAFT/PODCAST/Ep. 17 - Die Hütte (15.04.26)/Podcast Episode 17/BOUNCE/#3_Podcast Episode 17_D29-M06-Y2026_90-BPM_48k-24b.wav | length=1908.6387708333 | time=5.375
[Monday/June 29/06/2026 00:16:40] /home/yannik/Desktop/STUDENTISCHE HILFSKRAFT/PODCAST/Ep. 17 - Die Hütte (15.04.26)/Podcast Episode 17/BOUNCE/#3_Podcast Episode 17_D29-M06-Y2026_90-BPM_48k-24b.wav | length=1908.6387708333 | time=174.50694444444
[Monday/June 29/06/2026 00:27:51] /home/yannik/Desktop/TRAILER/EXPORT/#7_DMWT Trailer_D28-M06-Y26.mp4 | length=105.6 | time=27.694333333333
[Monday/June 29/06/2026 00:54:49] /home/yannik/Desktop/TRAILER/EXPORT/#8_DMWT Trailer_D29-M06-Y26.mp4 | length=105.6 | time=105.6
[Monday/June 29/06/2026 15:50:03] /home/yannik/Downloads/House of Guiness (Eng Dub)/house.of.guinness.s01e02.german.dl.1080p.web.x264-wayne.mkv | length=3327.296 | time=1586.96
[Monday/June 29/06/2026 15:50:53] /run/user/1000/doc/Z3ZsXOSCY23F6cVgak_pwA/HPI.S01E01.West.Wind.1080p.WEB-DL.x265.6CH-Pahe.in.mkv | length=3229.608 | time=191.6
[Monday/June 29/06/2026 15:51:23] /run/user/1000/doc/KDCe_hgQImfR58DDVIjL_A/HPI.S01E03.Blind.Mans.Bluff.1080p.WEB-DL.x265.6CH-Pahe.in.mkv | length=3064.19 | time=1.72
[Tuesday/June 30/06/2026 00:06:50] /home/yannik/Desktop/Praktische Abschlussaufgabe/Praktische Abschlussaufgabe - Vocal Pitch Correction/BOUNCE/chords_Praktische Abschlussaufgabe - Vocal Pitch Correction - Yannik Riekert_D30-M06-Y2026_90-BPM_44.1k-24b.wav | length=18.544081632653 | time=3.0486111111111
[Tuesday/June 30/06/2026 00:07:07] /home/yannik/Desktop/Praktische Abschlussaufgabe/Praktische Abschlussaufgabe - Vocal Pitch Correction/BOUNCE/chords_Praktische Abschlussaufgabe - Vocal Pitch Correction - Yannik Riekert_D30-M06-Y2026_90-BPM_44.1k-24b.wav | length=18.544081632653 | time=8.8888888888889
[Tuesday/June 30/06/2026 00:08:10] /home/yannik/Desktop/Praktische Abschlussaufgabe/Praktische Abschlussaufgabe - Vocal Pitch Correction/BOUNCE/Vocal_Praktische Abschlussaufgabe - Vocal Pitch Correction - Yannik Riekert.wav | length=18.544081632653 | time=17.6875
[Tuesday/June 30/06/2026 00:16:50] /home/yannik/Desktop/Praktische Abschlussaufgabe/Praktische Abschlussaufgabe - Band Editing/BOUNCE/Drums_Praktische Abschlussaufgabe - Band Editing - Yannik Riekert.wav | length=19.197895833333 | time=2.4444444444444
[Tuesday/June 30/06/2026 00:17:22] /home/yannik/Desktop/Praktische Abschlussaufgabe/Praktische Abschlussaufgabe - Band Editing/BOUNCE/Gitarren_Praktische Abschlussaufgabe - Band Editing - Yannik Riekert.wav | length=19.197895833333 | time=19.197895833333
[Tuesday/June 30/06/2026 00:18:56] /home/yannik/Desktop/Praktische Abschlussaufgabe/Praktische Abschlussaufgabe - Band Editing/BOUNCE/Drums_Praktische Abschlussaufgabe - Band Editing - Yannik Riekert.wav | length=19.197895833333 | time=11.555555555556
[Tuesday/June 30/06/2026 00:18:58] /home/yannik/Desktop/Praktische Abschlussaufgabe/Praktische Abschlussaufgabe - Band Editing/BOUNCE/Bass_Praktische Abschlussaufgabe - Band Editing - Yannik Riekert.wav | length=19.197895833333 | time=19.194444444444
[Tuesday/June 30/06/2026 00:18:59] /home/yannik/Desktop/Praktische Abschlussaufgabe/Praktische Abschlussaufgabe - Band Editing/BOUNCE/Drums_Praktische Abschlussaufgabe - Band Editing - Yannik Riekert.wav | length=19.197895833333 | time=10.923611111111
[Tuesday/June 30/06/2026 01:33:46] /home/yannik/Desktop/TRAILER/EXPORT/#9_DMWT Trailer_D30-M06-Y26.mp4 | length=79.488 | time=55.588866666667
[Tuesday/June 30/06/2026 02:34:55] /mnt/Data/OUT$IDERZ/VISUALS/Videos (YT + Socials)/Vertical Videos/2026/12. Außer ihr Vertical/EXP/#4_Außer ihr_Vertical_D28-M06-Y26_4K-60FPS-FLAC.mp4 | length=17.184 | time=17.184
[Tuesday/June 30/06/2026 02:35:32] /mnt/Data/OUT$IDERZ/VISUALS/Videos (YT + Socials)/Vertical Videos/2026/13. Kommt und geht Vertical/EXP/#2_Außer ihr_Vertical_D20-M06-Y26_4K-60FPS-FLAC.mp4 | length=17.472 | time=0.56666666666667
[Tuesday/June 30/06/2026 02:35:58] /mnt/Data/OUT$IDERZ/VISUALS/Videos (YT + Socials)/Vertical Videos/2026/14. Wär ich morgen reich Vertical/EXP/#1_Wär ich morgen reich_Vertical_D20-M06-Y26_4K-60FPS-FLAC.mp4 | length=37.056 | time=1.3
[Tuesday/June 30/06/2026 02:36:42] /mnt/Data/OUT$IDERZ/VISUALS/Videos (YT + Socials)/Vertical Videos/2026/15. Tausend Dinge Interlude Vertical/EXP/#1_Tausend Dinge Interlude_Vertical_D20-M06-Y26_4K-60FPS-FLAC.mp4 | length=16.32 | time=0.75
[Tuesday/June 30/06/2026 02:37:17] /mnt/Data/OUT$IDERZ/VISUALS/Videos (YT + Socials)/Vertical Videos/2026/16. Melancholie Vertical/EXP/#2_Melancholie_Vertical_D24-M06-Y26_4K-60FPS-FLAC.mp4 | length=27.168 | time=1.5
[Tuesday/June 30/06/2026 23:57:49] /home/yannik/Desktop/TRAILER/EXPORT/#10_DMWT Trailer_D30-M06-Y26.mp4 | length=83.52 | time=79.145733333333
[Wednesday/July 01/07/2026 00:02:16] /home/yannik/Desktop/STUDENTISCHE HILFSKRAFT/PODCAST/Ep. 17 - Die Hütte (15.04.26)/Podcast Episode 17/BOUNCE/#3_Podcast Episode 17_D29-M06-Y2026_90-BPM_48k-24b.wav | length=1908.6387708333 | time=1769.2777777778
[Wednesday/July 01/07/2026 00:33:59] /home/yannik/Desktop/STUDENTISCHE HILFSKRAFT/PODCAST/Ep. 17 - Die Hütte (15.04.26)/Podcast Episode 17/BOUNCE/#4_Podcast Episode 17_D01-M07-Y2026_90-BPM_48k-24b.wav | length=1908.61575 | time=1875.9722222222
[Wednesday/July 01/07/2026 00:35:36] /home/yannik/Desktop/STUDENTISCHE HILFSKRAFT/PODCAST/Ep. 17 - Die Hütte (15.04.26)/Podcast Episode 17/BOUNCE/#4_Podcast Episode 17_D01-M07-Y2026_90-BPM_48k-24b.wav | length=1908.61575 | time=1522.7638888889
[Wednesday/July 01/07/2026 00:38:20] /home/yannik/Desktop/TRAILER/EXPORT/#11_DMWT Trailer_D01-M07-Y26.mp4 | length=83.52 | time=83.52
[Wednesday/July 01/07/2026 03:10:44] /home/yannik/Downloads/Die geheime Welt des deutschen Adels (2026) (Ger Dub).mp4 | length=2628.454 | time=3.56
[Wednesday/July 01/07/2026 18:11:33] /home/yannik/Desktop/TRAILER/EXPORT/#11_Digital Art Trailer_D01-M07-Y26.mp4 | length=83.52 | time=81.2812
[Wednesday/July 01/07/2026 18:35:29] /home/yannik/Desktop/TRAILER/EXPORT/#12_Digital Art Trailer_D01-M07-Y26.mp4 | length=83.52 | time=77.510766666667
[Wednesday/July 01/07/2026 18:35:31] /home/yannik/Desktop/TRAILER/EXPORT/#11_Digital Art Trailer_D01-M07-Y26.mp4 | length=83.52 | time=82.449033333333
[Wednesday/July 01/07/2026 18:37:17] /home/yannik/Desktop/TRAILER/EXPORT/#12_Digital Art Trailer_D01-M07-Y26.mp4 | length=83.52 | time=83.52
[Wednesday/July 01/07/2026 20:09:01] /home/yannik/Desktop/TRAILER/EXPORT/#12_Digital Art Trailer_D01-M07-Y26.mp4 | length=83.52 | time=78.6786
[Wednesday/July 01/07/2026 20:24:10] /run/user/1000/doc/yKvv_7gOR0kue4lpCxGaeA/Die geheime Welt des deutschen Adels (2026) (Ger Dub).mp4 | length=2628.454 | time=3.04
[Wednesday/July 01/07/2026 20:24:18] /run/user/1000/doc/jN59g_IkFK92Uh0uuFAHWg/Die geheime Welt des Adels - mit Jochen Breyer (2026) (Ger Dub) [ZDF].mp4 | length=2628.44 | time=4.06
[Wednesday/July 01/07/2026 21:18:41] /home/yannik/Desktop/Video/Was_bleibt.mp4 | length=187.2 | time=187.2
[Wednesday/July 01/07/2026 23:08:05] /home/yannik/Desktop/Digital Art/TRAILER/FOOTAGE/789204__elbaygo__tetris-korobeiniki-8bits-165-bpm-random-instruments.mp3 | length=372.384 | time=0.48611111111111
[Wednesday/July 01/07/2026 23:08:18] /home/yannik/Desktop/Digital Art/TRAILER/FOOTAGE/BG MUSIC/AGGRESSIV - HART/785363__litesaturation__war-metal-trailer-short.wav | length=34.5 | time=2.125
[Wednesday/July 01/07/2026 23:08:23] /home/yannik/Desktop/Digital Art/TRAILER/FOOTAGE/BG MUSIC/AGGRESSIV - HART/786540__litesaturation__nu-metal-with-solo.wav | length=128.67911564626 | time=1.9027777777778
[Friday/July 03/07/2026 00:18:15] /mnt/Data/OUT$IDERZ/VISUALS/Videos (YT + Socials)/Vertical Videos/2026/14. Wär ich morgen reich Vertical/EXP/#1_Wär ich morgen reich_Vertical_D20-M06-Y26_4K-60FPS-FLAC.mp4 | length=37.056 | time=0.3
[Friday/July 03/07/2026 00:40:18] /mnt/Data/OUT$IDERZ/VISUALS/Videos (YT + Socials)/Vertical Videos/2026/14. Wär ich morgen reich Vertical/EXP/#2_Wär ich morgen reich_Vertical_D03-M07-Y26_4K-60FPS-FLAC.mp4 | length=36.96 | time=1.8166666666667
[Friday/July 03/07/2026 00:47:23] /mnt/Data/OUT$IDERZ/VISUALS/Videos (YT + Socials)/Vertical Videos/2026/16. Melancholie Vertical/EXP/#2_Melancholie_Vertical_D24-M06-Y26_4K-60FPS-FLAC.mp4 | length=27.168 | time=0.75
[Friday/July 03/07/2026 01:08:59] /home/yannik/Downloads/Harry Mack - _Bounce House_ Car Freestyle.mp4 | length=207.034 | time=4.238
[Saturday/July 04/07/2026 01:28:34] /home/yannik/Downloads/Eine Runde mit beastboy - Über Comeback, SSYNIC, Davie, prince of worry, VBT, YouTube uvm. #056.mp4 | length=6990.494 | time=4.68
[Saturday/July 04/07/2026 01:28:40] /home/yannik/Downloads/Eine Runde mit den Prenzlboys - Über WVPB, Atzenkalle, Zeitgeist, VBT, VCB, Talf, Brian Diamond #036.mp4 | length=5610.9162811791 | time=2.633
[Saturday/July 04/07/2026 01:44:30] /home/yannik/Downloads/Sorgenkind vs. BattleBoi Basti HR2 (feat. 3Plusss) [Halbfinale] VBT Splash!-Edition.mp4 | length=269.81587301587 | time=2.92
[Saturday/July 04/07/2026 01:44:41] /home/yannik/Downloads/Battleboi Basti vs. 4Tune - Finale HR Front + RR Konter (Mzee AudioBattleTurnier 2011).mp4 | length=454.374 | time=34.701
[Sunday/July 05/07/2026 02:59:33] /home/yannik/Downloads/Tasse modellieren - für Anfänger _ Blender Tutorial Deutsch.mp4 | length=699.494 | time=4.204
[Sunday/July 05/07/2026 02:59:55] /home/yannik/Downloads/This Blender Coffee Mug Shortcut Saves Hours of Work.mp4 | length=106.55637188209 | time=103.8988
[Sunday/July 05/07/2026 02:59:55] /home/yannik/Downloads/This Blender Coffee Mug Shortcut Saves Hours of Work.mp4 | length=106.55637188209 | time=0
[Sunday/July 05/07/2026 02:59:56] /home/yannik/Downloads/2026-07-04 ZDF Spielfilm-Highlights - Fall/2026-07-04_ZDF_Spielfilm-Highlights - Fall_http_fhd_deu_TV_Ton.mp4 | length=6150.16 | time=6.38
[Sunday/July 05/07/2026 03:00:11] /run/user/1000/doc/I3YozFElkiowJo0ew3H5fQ/This Blender Coffee Mug Shortcut Saves Hours of Work.mp4 | length=106.55637188209 | time=0.56686666666667
[Sunday/July 05/07/2026 13:06:44] /home/yannik/Downloads/7-Minute One-Take Freestyle Down a Line - Harry Mack (Guerrilla Bars 10).mp4 | length=451.92997732426 | time=2.8771666666667
[Sunday/July 05/07/2026 13:46:56] /run/user/1000/doc/_pj_p7LnbcyFfHLlDstaUg/Mixing Modern Pop (mit Marcel Stroh) - Livestream - HOFA-College GRATIS WORKSHOP DAYS 2026.mp4 | length=9580.0656689342 | time=0
[Sunday/July 05/07/2026 14:26:19] /mnt/Data/OUT$IDERZ/VISUALS/Videos (YT + Socials)/Vertical Videos/2026/12. Außer ihr Vertical/EXP/#4_Außer ihr_Vertical_D28-M06-Y26_4K-60FPS-FLAC.mp4 | length=17.184 | time=5.9833333333333
[Sunday/July 05/07/2026 15:48:25] /run/user/1000/doc/_pj_p7LnbcyFfHLlDstaUg/Mixing Modern Pop (mit Marcel Stroh) - Livestream - HOFA-College GRATIS WORKSHOP DAYS 2026.mp4 | length=9580.0656689342 | time=9240.733
[Sunday/July 05/07/2026 17:12:02] /mnt/Data/OUT$IDERZ/BEATS/OT$Z BEAT$/UNUSED BEATS/Unused Beats with License/Wrong prod. one dollar beats/one-dollar-beats-1560879487beat57.wav | length=282.43013605442 | time=4.5833333333333
[Sunday/July 05/07/2026 17:12:09] /mnt/Data/OUT$IDERZ/BEATS/OT$Z BEAT$/UNUSED BEATS/Unused Beats with License/Written on cement prod. BapPlug/Written-on-cement-Isaiah-Rashad-Smino-Hip-Hop-Boom-Bap.wav | length=133.49519274376 | time=6.8819444444444
[Sunday/July 05/07/2026 17:12:12] /mnt/Data/OUT$IDERZ/BEATS/OT$Z BEAT$/UNUSED BEATS/Unused Beats with License/worlds greatest prod. Ninety8/worlds-greatest_6279536.wav | length=153.899138322 | time=2.7430555555556
[Sunday/July 05/07/2026 17:12:36] /mnt/Data/OUT$IDERZ/BEATS/OT$Z BEAT$/UNUSED BEATS/Unused Beats with License/Work in Silence prod. BapPlug/J-Cole-Type-Beat---Work-in-Silence.wav | length=130.92308390023 | time=23.8125
[Sunday/July 05/07/2026 17:12:45] /mnt/Data/OUT$IDERZ/BEATS/OT$Z BEAT$/UNUSED BEATS/Unused Beats with License/Win or Die prod. BapPlug/Cinematic-Jazz-Type-Beat---Win-or-Die.wav | length=181.6298185941 | time=14.4375
[Sunday/July 05/07/2026 17:12:55] /mnt/Data/OUT$IDERZ/BEATS/OT$Z BEAT$/UNUSED BEATS/Unused Beats with License/WATER & AIR prod. David Linhof/WATER--AIR-J-Cole--Mac-Miller--Lofi-Hip-Hop.wav | length=176.84210416667 | time=9.8402777777778
[Sunday/July 05/07/2026 17:13:40] /mnt/Data/OUT$IDERZ/BEATS/OT$Z BEAT$/UNUSED BEATS/Unused Beats with License/Warmth prod. Toni/Warmth--Mac-Miller-type-beat.wav | length=220.54054421769 | time=44.527777777778
[Sunday/July 05/07/2026 17:13:44] /mnt/Data/OUT$IDERZ/BEATS/OT$Z BEAT$/UNUSED BEATS/Unused Beats with License/Warmth prod. Toni/Warmth--Mac-Miller-type-beat.wav | length=220.54054421769 | time=46.708333333333
[Sunday/July 05/07/2026 17:14:22] /mnt/Data/OUT$IDERZ/BEATS/OT$Z BEAT$/UNUSED BEATS/Unused Beats with License/Warm Embrace prod. Toni/Warm-Embrace--Mac-Miller-type-beat.wav | length=224.41560090703 | time=37.881944444444
[Sunday/July 05/07/2026 17:16:14] /mnt/Data/OUT$IDERZ/BEATS/OT$Z BEAT$/UNUSED BEATS/Unused Beats with License/Walk Away prod. Toni/Walk-Away--Mac-Miller-type-beat.wav | length=192 | time=4.5347222222222
[Sunday/July 05/07/2026 17:16:47] /mnt/Data/OUT$IDERZ/BEATS/OT$Z BEAT$/UNUSED BEATS/Unused Beats with License/UNDERSTOOD prod. David Linhof/UNDERSTOOD-Mac-Miller--J-Cole--Lofi-Hip-Hop.wav | length=168 | time=33.125
[Sunday/July 05/07/2026 17:20:05] /mnt/Data/OUT$IDERZ/BEATS/OT$Z BEAT$/UNUSED BEATS/Unused Beats with License/The Paws prod. BapPlug/Chill-Jazz-Beat---The-Paws.wav | length=200.81988662132 | time=196.47916666667
[Sunday/July 05/07/2026 17:20:22] /mnt/Data/OUT$IDERZ/BEATS/OT$Z BEAT$/UNUSED BEATS/Unused Beats with License/The Fall-Off prod. BapPlug/The-Fall-Off-J-Cole-Inspiring-Boom-Bap-Hip-Hop.wav | length=107.65866213152 | time=16.763888888889
[Sunday/July 05/07/2026 17:20:25] /mnt/Data/OUT$IDERZ/BEATS/OT$Z BEAT$/UNUSED BEATS/Unused Beats with License/Survivor prod. one dollar beats/1dollars-survivor-lil-peep-type-beat_7847283.wav | length=228.07204081633 | time=2.9027777777778
[Sunday/July 05/07/2026 17:33:03] /mnt/Data/OUT$IDERZ/BEATS/OT$Z BEAT$/UNUSED BEATS/Unused Beats with License/Stardust prod. Toni/Stardust--Mac-Miller-type-beat.wav | length=233.51351473923 | time=233.51388888889
[Sunday/July 05/07/2026 17:33:10] /mnt/Data/OUT$IDERZ/BEATS/OT$Z BEAT$/UNUSED BEATS/Unused Beats with License/100 prod. Buffalo666/mt__4968592.wav | length=132.0937414966 | time=6.6944444444444
[Sunday/July 05/07/2026 17:33:14] /mnt/Data/OUT$IDERZ/BEATS/OT$Z BEAT$/UNUSED BEATS/Unused Beats with License/1000 Dinge prod. Dozy/Lyran-Dasz-x-Yungmon-x-absent-Type-Beat-1000-Dinge.wav | length=176.75646258503 | time=3.1666666666667
[Sunday/July 05/07/2026 17:33:19] /mnt/Data/OUT$IDERZ/BEATS/OT$Z BEAT$/UNUSED BEATS/Unused Beats with License/Always prod. Toni/Always--Mac-Miller-type-beat.wav | length=192 | time=4.3888888888889
[Sunday/July 05/07/2026 17:33:40] /mnt/Data/OUT$IDERZ/BEATS/OT$Z BEAT$/UNUSED BEATS/Unused Beats with License/AMBER EYES prod. David Linhof/AMBER-EYES-Mac-Miller--Kid-Cudi--Lofi-Hip-Hop.wav | length=163.9024375 | time=4.7847222222222
[Sunday/July 05/07/2026 17:33:43] /mnt/Data/OUT$IDERZ/BEATS/OT$Z BEAT$/UNUSED BEATS/Unused Beats with License/1000 Dinge prod. Dozy/Lyran-Dasz-x-Yungmon-x-absent-Type-Beat-1000-Dinge.wav | length=176.75646258503 | time=2.8958333333333
[Sunday/July 05/07/2026 17:33:45] /mnt/Data/OUT$IDERZ/BEATS/OT$Z BEAT$/UNUSED BEATS/Unused Beats with License/as it was prod. deadspyro/deadspyro-as-it-was-g-m-177-ds.wav | length=119.32555555556 | time=2.5138888888889
[Sunday/July 05/07/2026 17:33:50] /mnt/Data/OUT$IDERZ/BEATS/OT$Z BEAT$/UNUSED BEATS/Unused Beats with License/Bad Bitches Be Basic prod. Dozy/Alternative-Rock-x-Neffex-Type-Beat-Bad-Bitches-Be-Basic.wav | length=187.2037414966 | time=4.9652777777778
[Sunday/July 05/07/2026 17:33:56] /mnt/Data/OUT$IDERZ/BEATS/OT$Z BEAT$/UNUSED BEATS/Unused Beats with License/BEG TO YOU prod. David Linhof/BEG-YOU-TO-Mac-Miller--Kid-Cudi--Lofi-Hip-Hop.wav | length=140.8695625 | time=5.8680555555556
[Sunday/July 05/07/2026 17:34:11] /mnt/Data/OUT$IDERZ/BEATS/OT$Z BEAT$/UNUSED BEATS/Unused Beats with License/Bless your mic prod. BapPlug/Bless-your-mic-MF-Doom-Old-School-Boom-Bap-Jazz.wav | length=192.97596371882 | time=13.847222222222
[Sunday/July 05/07/2026 17:34:28] /mnt/Data/OUT$IDERZ/BEATS/OT$Z BEAT$/UNUSED BEATS/Unused Beats with License/Boom Bap prod. Mike D exclusive/boom-bap_7007298.mp3 | length=204.024 | time=17.159722222222
[Sunday/July 05/07/2026 17:34:58] /mnt/Data/OUT$IDERZ/BEATS/OT$Z BEAT$/UNUSED BEATS/Unused Beats with License/BREATHE prod. David Linhof/BREATHE-Mac-Miller--J-Cole--Lofi-Hip-Hop.wav | length=192.4285625 | time=29.243055555556
[Sunday/July 05/07/2026 17:35:02] /mnt/Data/OUT$IDERZ/BEATS/OT$Z BEAT$/UNUSED BEATS/Unused Beats with License/CASCADE prod. David Linhof/CASCADE-Mac-Miller--J-Cole--Boom-Bap.wav | length=166.45160416667 | time=2.8333333333333
[Sunday/July 05/07/2026 17:35:10] /mnt/Data/OUT$IDERZ/BEATS/OT$Z BEAT$/UNUSED BEATS/Unused Beats with License/CASCADE prod. David Linhof/CASCADE-Mac-Miller--J-Cole--Boom-Bap.wav | length=166.45160416667 | time=0.58333333333333
[Sunday/July 05/07/2026 17:35:30] /mnt/Data/OUT$IDERZ/BEATS/OT$Z BEAT$/UNUSED BEATS/Unused Beats with License/Bless your mic prod. BapPlug/Bless-your-mic-MF-Doom-Old-School-Boom-Bap-Jazz.wav | length=192.97596371882 | time=16.631944444444
[Sunday/July 05/07/2026 17:35:33] /mnt/Data/OUT$IDERZ/BEATS/OT$Z BEAT$/UNUSED BEATS/Unused Beats with License/Boom Bap prod. Mike D exclusive/boom-bap_7007298.mp3 | length=204.024 | time=19.270833333333
[Sunday/July 05/07/2026 17:35:33] /mnt/Data/OUT$IDERZ/BEATS/OT$Z BEAT$/UNUSED BEATS/Unused Beats with License/BREATHE prod. David Linhof/BREATHE-Mac-Miller--J-Cole--Lofi-Hip-Hop.wav | length=192.4285625 | time=0
[Sunday/July 05/07/2026 17:36:30] /mnt/Data/OUT$IDERZ/BEATS/OT$Z BEAT$/UNUSED BEATS/Unused Beats with License/CHANEL prod. David Linhof/CHANEL-Mac-Miller--Logic--Boom-Bap.wav | length=229.5 | time=42.027777777778
[Sunday/July 05/07/2026 17:36:35] /mnt/Data/OUT$IDERZ/BEATS/OT$Z BEAT$/BEATS IN LIMBO/Tick, tick, tick Interlude --- Clean prod. one dollar beats/1dollars-clean-juice-wrld-type-beat_6233145.wav | length=295.39063492063 | time=4.8680555555556
[Sunday/July 05/07/2026 17:36:39] /mnt/Data/OUT$IDERZ/BEATS/OT$Z BEAT$/UNUSED BEATS/Unused Beats with License/Clouds (Peep) prod. one dollar beats/one-dollar-beats-beat-375-clouds-f-major-100-bpm.wav | length=268.80625 | time=2.7916666666667
[Sunday/July 05/07/2026 17:36:46] /mnt/Data/OUT$IDERZ/BEATS/OT$Z BEAT$/UNUSED BEATS/Unused Beats with License/Conversations prod. Pieper Beats/conversations_7090969.wav | length=190.44158333333 | time=6.9583333333333
[Sunday/July 05/07/2026 17:36:55] /mnt/Data/OUT$IDERZ/BEATS/OT$Z BEAT$/UNUSED BEATS/Unused Beats with License/Cook Ups And Cigarettes prod. Toni/Cook-Ups-And-Cigarettes--Mac-Miller-type-beat.wav | length=173.49399092971 | time=8.5555555555556
[Sunday/July 05/07/2026 17:37:01] /mnt/Data/OUT$IDERZ/BEATS/OT$Z BEAT$/UNUSED BEATS/Unused Beats with License/DAYUMN! prod. BapPlug/DAYUMN-90s-Boom-Bap-Jazz-Head-Nod.wav | length=86.764421768707 | time=3.1388888888889
[Sunday/July 05/07/2026 17:37:19] /mnt/Data/OUT$IDERZ/BEATS/OT$Z BEAT$/UNUSED BEATS/Unused Beats with License/DIFFUSION prod. David Linhof/DIFFUSION-Mac-Miller--Larry-June--Lofi-Hip-Hop.wav | length=156.2790625 | time=17.597222222222
[Sunday/July 05/07/2026 17:37:43] /mnt/Data/OUT$IDERZ/BEATS/OT$Z BEAT$/UNUSED BEATS/Unused Beats with License/Cravings prod. BapPlug/Pharrel-x-2000s-RB---Cravings.wav | length=143.73557823129 | time=3.954861
[Sunday/July 05/07/2026 17:37:46] /mnt/Data/OUT$IDERZ/BEATS/OT$Z BEAT$/UNUSED BEATS/Unused Beats with License/DAYUMN! prod. BapPlug/DAYUMN-90s-Boom-Bap-Jazz-Head-Nod.wav | length=86.764421768707 | time=4.746528
[Sunday/July 05/07/2026 17:37:49] /mnt/Data/OUT$IDERZ/BEATS/OT$Z BEAT$/UNUSED BEATS/Unused Beats with License/Don't play with me prod. BapPlug/Dont-play-with-me-MF-DOOM-Good-Vibes-Hip-Hop-Boom-Bap.wav | length=128.45108843537 | time=2.611111
[Sunday/July 05/07/2026 17:37:53] /mnt/Data/OUT$IDERZ/BEATS/OT$Z BEAT$/UNUSED BEATS/Unused Beats with License/EASY prod. David Linhof/EASY-Mac-Miller--Joey-Bada--Soulful-Boom-Bap.wav | length=267.33333333333 | time=4.079861
[Sunday/July 05/07/2026 17:37:57] /mnt/Data/OUT$IDERZ/BEATS/OT$Z BEAT$/UNUSED BEATS/Unused Beats with License/Ember prod. one dollar beats/one-dollar-beats-beat-305-ember.wav | length=190.4064399093 | time=3.309028
[Sunday/July 05/07/2026 17:38:36] /mnt/Data/OUT$IDERZ/BEATS/OT$Z BEAT$/UNUSED BEATS/Unused Beats with License/Evergreen prod. Toni/Evergreen--Mac-Miller-type-beat.wav | length=232.34680272109 | time=39.1631945
[Sunday/July 05/07/2026 17:38:54] /mnt/Data/OUT$IDERZ/BEATS/OT$Z BEAT$/UNUSED BEATS/Unused Beats with License/Fake it till you make it prod. BapPlug/90s-Boom-Bap-Jazz---Fake-it-till-you-make-it.wav | length=119.64424036281 | time=17.868056
[Sunday/July 05/07/2026 17:39:09] /mnt/Data/OUT$IDERZ/BEATS/OT$Z BEAT$/UNUSED BEATS/Unused Beats with License/Fallen prod. BapPlug/Cinematic-Jazz-Saxophone-Type-Beat---Fallen.wav | length=108.28365079365 | time=2.670139
[Sunday/July 05/07/2026 17:39:20] /mnt/Data/OUT$IDERZ/BEATS/OT$Z BEAT$/UNUSED BEATS/Unused Beats with License/Fallen prod. BapPlug/Cinematic-Jazz-Saxophone-Type-Beat---Fallen.wav | length=108.28365079365 | time=9.8645835
[Sunday/July 05/07/2026 17:39:31] /mnt/Data/OUT$IDERZ/BEATS/OT$Z BEAT$/UNUSED BEATS/Unused Beats with License/Falling prod. Dozy/Dondon-Type-Beat-Falling.wav | length=162.2037414966 | time=10.923611
[Sunday/July 05/07/2026 22:27:36] /run/user/1000/doc/_EzwNS6IJkUENrhevQVgEA/1. Mortal Kombat (1995) (Eng Dub).mkv | length=6081.204 | time=2.377
[Sunday/July 05/07/2026 22:27:42] /run/user/1000/doc/Brpj0vO1DDJneE_xZPKzmw/Mortal Kombat (1995) (Eng Dub).mkv | length=6083.155 | time=3.587
[Sunday/July 05/07/2026 22:33:25] /home/yannik/Desktop/Digital Art/TRAILER/FOOTAGE/212_0161-30fps.mkv | length=1465.964 | time=1465.9639791667
[Sunday/July 05/07/2026 22:33:27] /home/yannik/Desktop/Digital Art/TRAILER/FOOTAGE/360604__cabled_mess__typewriter-snippet-01-stereo-loop.wav | length=24.3285 | time=1.7291666666667
[Monday/July 06/07/2026 02:00:10] /mnt/Data/OUT$IDERZ/VISUALS/Videos (YT + Socials)/Vertical Videos/2026/13. Kommt und geht Vertical/EXP/#3_Kommt und geht_Vertical_D30-M06-Y26_4K-60FPS-FLAC.mp4 | length=10.752 | time=10.752
[Monday/July 06/07/2026 02:00:11] /mnt/Data/OUT$IDERZ/VISUALS/Videos (YT + Socials)/Vertical Videos/2026/13. Kommt und geht Vertical/EXP/#1_Kommt und geht_Vertical_D14-M06-Y26_4K-60FPS-FLAC.mp4 | length=17.472 | time=0
[Monday/July 06/07/2026 02:03:33] /mnt/Data/OUT$IDERZ/VISUALS/Videos (YT + Socials)/Vertical Videos/2026/13. Kommt und geht Vertical/EXP/#3_Kommt und geht_Vertical_D30-M06-Y26_4K-60FPS-FLAC.mp4 | length=10.752 | time=0.43333333333333
[Monday/July 06/07/2026 02:36:53] /mnt/Data/OUT$IDERZ/BEATS/OT$Z BEAT$/UNUSED BEATS/Unused Beats with License/Cravings prod. BapPlug/Pharrel-x-2000s-RB---Cravings.wav | length=143.73557823129 | time=2.5347222222222
[Monday/July 06/07/2026 02:37:16] /mnt/Data/OUT$IDERZ/VISUALS/Videos (YT + Socials)/Vertical Videos/2026/13. Kommt und geht Vertical/EXP/#4_Kommt und geht_Vertical_D06-M07-Y26_4K-60FPS-FLAC.mp4 | length=10.752 | time=2.7833333333333
[Monday/July 06/07/2026 13:05:25] /home/yannik/Desktop/Praktische Abschlussaufgabe/Praktische Abschlussaufgabe - Vocal Pitch Correction/FOOTAGE/The Mad Lady and Me_TuneMe.wav | length=18.947346938776 | time=18.25
[Monday/July 06/07/2026 21:29:20] /mnt/Data/OUT$IDERZ/BEATS/OT$Z BEAT$/UNUSED BEATS/Unused Beats with License/Favourite Thing prod. Toni/Favourite-Thing--Mac-Miller-type-beat.wav | length=205.71428571429 | time=65.472222222222
[Monday/July 06/07/2026 21:29:25] /mnt/Data/OUT$IDERZ/BEATS/OT$Z BEAT$/UNUSED BEATS/Unused Beats with License/Favourite Thing prod. Toni/Favourite-Thing--Mac-Miller-type-beat.wav | length=205.71428571429 | time=1.0208333333333
[Monday/July 06/07/2026 21:48:54] /mnt/Data/OUT$IDERZ/BEATS/OT$Z BEAT$/UNUSED BEATS/Unused Beats with License/Favourite Thing prod. Toni/Favourite-Thing--Mac-Miller-type-beat.wav | length=205.71428571429 | time=172.88888888889
[Monday/July 06/07/2026 23:33:11] /mnt/Data/OUT$IDERZ/VISUALS/Videos (YT + Socials)/Vertical Videos/2026/13. Kommt und geht Vertical/EXP/#4_Kommt und geht_Vertical_D06-M07-Y26_4K-60FPS-FLAC.mp4 | length=10.752 | time=1.4166666666667
[Monday/July 06/07/2026 23:33:29] /mnt/Data/OUT$IDERZ/VISUALS/Videos (YT + Socials)/Vertical Videos/2026/13. Kommt und geht Vertical/EXP/#4_Kommt und geht_Vertical_D06-M07-Y26_4K-60FPS-FLAC.mp4 | length=10.752 | time=8.45
[Tuesday/July 07/07/2026 00:55:36] /run/user/1000/doc/UuXZrjJgA0SzD3nMRkqhOA/060. Gustav Ahr - Lil Peep.mp4 | length=212.83410430839 | time=85.752322222222
[Tuesday/July 07/07/2026 00:57:52] /run/user/1000/doc/Weh76bkFu9G5ETauiQe9_A/062. Dear Lil Peep   Spoken Word.mp4 | length=296.93678004535 | time=283.61665555556
[Tuesday/July 07/07/2026 07:46:23] /home/yannik/Downloads/Sierra Kidd über Papaplatte, Reeze, RAF Camora, Depressionen & Armut - BAKED mit Marvin Game.mp4 | length=4624.094 | time=6.92
[Tuesday/July 07/07/2026 14:38:25] /run/user/1000/doc/3x7Sw9ef2_MRC23FnN6ADA/Yung Lean - In My Head (Eng Dub) (2021).mp4 | length=7381.1127437642 | time=5.0383555555556
[Tuesday/July 07/07/2026 14:38:33] /run/user/1000/doc/ieOrkCr_8lSu1SvsQ6fIyw/Yung Lean_ In My Head (Full Film) _ The Short List [6wgFliyJ4Bk].mp4 | length=7381.081 | time=3.47
[Tuesday/July 07/07/2026 14:53:18] /home/yannik/Downloads/Chief Keef's Deleted Pitchfork _Selector_ Episode (2012).mp4 | length=371.614 | time=1.75
[Tuesday/July 07/07/2026 15:36:35] /run/user/1000/doc/59oe3I6aYfVvWL8OfyFAfw/300 Tage allein auf einer Insel (Ger Dub).mp4 | length=2572.1440362812 | time=2422.16
[Tuesday/July 07/07/2026 17:21:05] /mnt/Data/Music_Collection/21 Savage (2 Untagged)/Untagged/WHATHAPPENED TO THE STREETS (2025)/14. 21 Savage - I WISH.mp3 | length=198.63510204082 | time=0.25607002247392
[Tuesday/July 07/07/2026 17:21:07] /mnt/Data/Music_Collection/21 Savage (2 Untagged)/Untagged/WHATHAPPENED TO THE STREETS (2025)/13. 21 Savage - ATLANTA TEARS.mp3 | length=242.23346938776 | time=0.37878747643537
[Tuesday/July 07/07/2026 19:11:26] /run/user/1000/doc/2hE3KQBYie77ISvzxJk4Bw/8 - Reaper 101 Part 7_- Exporting Renders, Stems and much more.mp4 | length=985.96571428571 | time=1.96
[Tuesday/July 07/07/2026 20:16:25] /home/yannik/Desktop/STUDENTISCHE HILFSKRAFT/PODCAST/Ep. 18 - Start-Up (15.04.26)/Podcast Episode 18/BOUNCE/#1_Podcast Episode 18_D06-M07-Y2026_90-BPM_48k-24b.wav | length=2986.6549166667 | time=2926.1805555556
[Tuesday/July 07/07/2026 20:16:53] /home/yannik/Desktop/STUDENTISCHE HILFSKRAFT/PODCAST/Ep. 18 - Start-Up (15.04.26)/Podcast Episode 18/BOUNCE/#1_Podcast Episode 18_D06-M07-Y2026_90-BPM_48k-24b.wav | length=2986.6549166667 | time=2.5972222222222
[Tuesday/July 07/07/2026 20:16:58] /home/yannik/Desktop/STUDENTISCHE HILFSKRAFT/PODCAST/Ep. 18 - Start-Up (15.04.26)/Podcast Episode 18/BOUNCE/#1_Podcast Episode 18_D06-M07-Y2026_90-BPM_48k-24b.wav | length=2986.6549166667 | time=1.8263888888889
[Tuesday/July 07/07/2026 22:00:47] /run/user/1000/doc/U0oSrNQgzSJd1HkZwiSNPw/The Social Dilemma (2020) (Eng Dub).mkv | length=5670.176 | time=0
[Tuesday/July 07/07/2026 23:13:48] /mnt/Data/OUT$IDERZ/VISUALS/Videos (YT + Socials)/Vertical Videos/2026/14. Wär ich morgen reich Vertical/EXP/#2_Wär ich morgen reich_Vertical_D03-M07-Y26_4K-60FPS-FLAC.mp4 | length=36.96 | time=2.0333333333333
[Wednesday/July 08/07/2026 13:26:56] /home/yannik/Downloads/Reaper 101 - How to use your DAW/4 - Reaper 101 Part 3_- Computer Performance.mp4 | length=1116.114 | time=3.4
[Wednesday/July 08/07/2026 14:52:47] /run/user/1000/doc/U0oSrNQgzSJd1HkZwiSNPw/The Social Dilemma (2020) (Eng Dub).mkv | length=5670.176 | time=2566.816
[Thursday/July 09/07/2026 00:59:55] /home/yannik/Downloads/Reaper 101 - How to use your DAW/9 - Reaper 101 Part 8_- VSTi Drum Routing.mp4 | length=1323.574 | time=3.12
[Thursday/July 09/07/2026 00:59:59] /home/yannik/Downloads/Reaper 101 - How to use your DAW/9 - Reaper 101 Part 8_- VSTi Drum Routing.mp4 | length=1323.574 | time=2.12
[Thursday/July 09/07/2026 01:00:04] /home/yannik/Downloads/Reaper 101 - How to use your DAW/6 - Reaper 101 Part 5_- Third Party Effects (VSTs, AU and more).mp4 | length=1275.414 | time=2.16
[Thursday/July 09/07/2026 01:00:11] /home/yannik/Downloads/Reaper 101 - How to use your DAW/9 - Reaper 101 Part 8_- VSTi Drum Routing.mp4 | length=1323.574 | time=4.72
[Thursday/July 09/07/2026 01:00:15] /home/yannik/Downloads/Reaper 101 - How to use your DAW/10 - Reaper 101 Part 9_- Automation.mp4 | length=737.814 | time=1.96
[Thursday/July 09/07/2026 01:11:08] /mnt/Data/MOVE TO NEW DESKTOP/STUDENTISCHE HILFSKRAFT/PODCAST/Ep. 18 - Start-Up (15.04.26)/Podcast Episode 18/BOUNCE/#2_Podcast Episode 18_D07-M07-Y2026_90-BPM_48k-24b.wav | length=1989.8271666667 | time=0
[Thursday/July 09/07/2026 01:35:50] /mnt/Data/OUT$IDERZ/VISUALS/Videos (YT + Socials)/Vertical Videos/2026/14. Wär ich morgen reich Vertical/EXP/#3_Wär ich morgen reich_Vertical_D07-M07-Y26_4K-60FPS-FLAC.mp4 | length=36.864 | time=36.864
[Thursday/July 09/07/2026 01:51:54] /run/media/yannik/ytg/C0004.MP4 | length=84 | time=5.12
[Thursday/July 09/07/2026 14:09:57] /run/user/1000/doc/1vh0TvzVUextwIVDjgwFzg/A Greyhound of a Girl (2023) (Eng Dub).mkv | length=5322.92 | time=4715.958
[Thursday/July 09/07/2026 14:13:48] /run/user/1000/doc/g2oEqyLcqQVUYqAPaW8idA/The Peanuts Movie (2015) (Eng Dub).mp4 | length=5318.1 | time=1168.5666666667
[Thursday/July 09/07/2026 14:13:55] /run/user/1000/doc/MgW1gtLSPKnBQS2Iul3YWA/What Have We Learned, Charlie Brown (1996 VHS).mp4 | length=1798.1981981982 | time=93.226559893227
[Thursday/July 09/07/2026 14:50:23] /home/yannik/Downloads/The weird history of the internet....mp4 | length=485.834 | time=2.252
[Thursday/July 09/07/2026 14:50:27] /home/yannik/Downloads/I read every major CS paper of the last 100 years....mp4 | length=611.334 | time=1.96
[Thursday/July 09/07/2026 19:17:00] /run/user/1000/doc/5hrYPSFc01h6SnyFqrgloQ/Dieter - Der Film (2006) (Ger Dub).mp4 | length=4982.4833333333 | time=4087.3833333333
[Thursday/July 09/07/2026 19:17:06] /run/user/1000/doc/W5ADCTNOnULZSo2PliUh9A/All Dogs Go to Heaven (1989) (Eng Dub).mkv | length=5075.081 | time=3329.242
[Friday/July 10/07/2026 01:01:20] /home/yannik/Desktop/STUDENTISCHE HILFSKRAFT/PODCAST/Ep. 18 - Start-Up (15.04.26)/Podcast Episode 18/BOUNCE/#2_Podcast Episode 18_D07-M07-Y2026_90-BPM_48k-24b.wav | length=1989.8271666667 | time=1270.5763888889
[Friday/July 10/07/2026 01:02:50] /home/yannik/Desktop/STUDENTISCHE HILFSKRAFT/PODCAST/Ep. 18 - Start-Up (15.04.26)/Podcast Episode 18/BOUNCE/#2_Podcast Episode 18_D07-M07-Y2026_90-BPM_48k-24b.wav | length=1989.8271666667 | time=1272.5555555556
[Friday/July 10/07/2026 01:27:03] /mnt/Data/OUT$IDERZ/VISUALS/Videos (YT + Socials)/Vertical Videos/2026/14. Wär ich morgen reich Vertical/EXP/#3_Wär ich morgen reich_Vertical_D07-M07-Y26_4K-60FPS-FLAC.mp4 | length=36.864 | time=2.6166666666667
[Friday/July 10/07/2026 01:28:20] /mnt/Data/OUT$IDERZ/VISUALS/Videos (YT + Socials)/Vertical Videos/2026/15. Tausend Dinge Interlude Vertical/EXP/#2_Tausend Dinge Interlude_Vertical_D30-M06-Y26_4K-60FPS-FLAC.mp4 | length=17.088 | time=1.6
[Saturday/July 11/07/2026 00:12:57] /mnt/Data/OUT$IDERZ/VISUALS/Videos (YT + Socials)/YT Videos/2026/15. Tausend Dinge Interlude YT/EXP/#1_Tausend Dinge Interlude_YT_D10-M06-Y26_4K-60FPS-FLAC.mp4 | length=64.704 | time=3.6666666666667
[Saturday/July 11/07/2026 00:13:50] /mnt/Data/OUT$IDERZ/VISUALS/Videos (YT + Socials)/Vertical Videos/2026/14. Wär ich morgen reich Vertical/EXP/#3_Wär ich morgen reich_Vertical_D07-M07-Y26_4K-60FPS-FLAC.mp4 | length=36.864 | time=4.5
[Saturday/July 11/07/2026 00:14:59] /mnt/Data/OUT$IDERZ/VISUALS/Videos (YT + Socials)/Vertical Videos/2026/15. Tausend Dinge Interlude Vertical/EXP/#3_Tausend Dinge Interlude_Vertical_D10-M07-Y26_4K-60FPS-FLAC.mp4 | length=17.088 | time=2.95
[Saturday/July 11/07/2026 00:20:25] /mnt/Data/OUT$IDERZ/VISUALS/Videos (YT + Socials)/Vertical Videos/2026/15. Tausend Dinge Interlude Vertical/EXP/#3_Tausend Dinge Interlude_Vertical_D10-M07-Y26_4K-60FPS-FLAC.mp4 | length=17.088 | time=1.0333333333333
[Saturday/July 11/07/2026 00:31:08] /mnt/Data/OUT$IDERZ/VISUALS/Videos (YT + Socials)/Vertical Videos/2026/15. Tausend Dinge Interlude Vertical/EXP/#4_Tausend Dinge Interlude_Vertical_D11-M07-Y26_4K-60FPS-FLAC.mp4 | length=17.568 | time=2.2833333333333
[Saturday/July 11/07/2026 00:31:25] /mnt/Data/OUT$IDERZ/VISUALS/Videos (YT + Socials)/Vertical Videos/2026/16. Melancholie Vertical/EXP/#3_Melancholie_Vertical_D03-M07-Y26_4K-60FPS-FLAC.mp4 | length=15.264 | time=6.9333333333333
[Saturday/July 11/07/2026 00:31:31] /mnt/Data/OUT$IDERZ/VISUALS/Videos (YT + Socials)/Vertical Videos/2026/15. Tausend Dinge Interlude Vertical/EXP/#4_Tausend Dinge Interlude_Vertical_D11-M07-Y26_4K-60FPS-FLAC.mp4 | length=17.568 | time=13.4
[Saturday/July 11/07/2026 14:29:29] /mnt/Data/OUT$IDERZ/VISUALS/Videos (YT + Socials)/Vertical Videos/2026/15. Tausend Dinge Interlude Vertical/EXP/#4_Tausend Dinge Interlude_Vertical_D11-M07-Y26_4K-60FPS-FLAC.mp4 | length=17.568 | time=0.45
[Saturday/July 11/07/2026 15:24:30] /home/yannik/Downloads/Richtig gehört_ Sound-Probleme erkennen und mit EQ beheben _ Abmischen Tutorial _ Recording-Blog 89.mp4 | length=1363.294 | time=3.2
[Saturday/July 11/07/2026 15:59:07] /run/user/1000/doc/eMpzhf0NUrxyQROPjnHeJw/Rambo - First Blood (2008 Extended) (Eng Dub).mkv | length=5957.024 | time=4.463
[Saturday/July 11/07/2026 18:31:23] /home/yannik/Desktop/Post Mortem/BOUNCE/#1_Post Mortem_D11-M07-Y2026_90-BPM_48k-24b.wav | length=209.721 | time=117.13194444444
[Sunday/July 12/07/2026 00:08:41] /mnt/Data/OUT$IDERZ/VISUALS/Videos (YT + Socials)/Vertical Videos/2026/16. Melancholie Vertical/EXP/#3_Melancholie_Vertical_D03-M07-Y26_4K-60FPS-FLAC.mp4 | length=15.264 | time=2.7833333333333
[Sunday/July 12/07/2026 02:34:30] /mnt/Data/OUT$IDERZ/VISUALS/Videos (YT + Socials)/YT Videos/2026/11. Sommer YT/EXP/#1_Sommer_YT_D26-M05-Y26_4K-60FPS-FLAC.mp4 | length=126.912 | time=0
[Sunday/July 12/07/2026 02:34:45] /mnt/Data/OUT$IDERZ/VISUALS/Videos (YT + Socials)/YT Videos/2026/10. Alles verloren YT/EXP/#1_Alles verloren_YT_D07-M05-Y26_4K-60FPS-libx264-FLAC.mp4 | length=170.688 | time=169.51666666667
[Sunday/July 12/07/2026 02:35:30] /mnt/Data/OUT$IDERZ/SONGS/Released Projects/OT$Z DI$COGRAPHY/Cozy/2026/09. OT$Z Cozy - Sommer (2026 Single)/SONG + COVER/#M17_Sommer_MASTER_D26-M05-Y2026_166-BPM_48k-24b.wav | length=126.86052083333 | time=126.86052083333
[Sunday/July 12/07/2026 02:36:53] /mnt/Data/OUT$IDERZ/VISUALS/Videos (YT + Socials)/YT Videos/2026/11. Sommer YT/EXP/#4_Sommer_YT_D20-M06-Y26_4K-60FPS-FLAC.mp4 | length=126.912 | time=1.05
[Sunday/July 12/07/2026 02:37:15] /mnt/Data/OUT$IDERZ/VISUALS/Videos (YT + Socials)/YT Videos/2026/08. Polaroid YT/EXP/#3_Polaroid_YT_D25-M03-Y26_4K-60FPS-libx264-FLAC.mp4 | length=117.792 | time=117.46666666667
[Sunday/July 12/07/2026 02:37:29] /mnt/Data/OUT$IDERZ/VISUALS/Videos (YT + Socials)/YT Videos/2026/06. Ja, okay YT/EXP/#1_Ja, okay_YT_D01-M03-Y26_4K-60FPS-FLAC.mp4 | length=126.72 | time=126.23333333333
[Sunday/July 12/07/2026 02:37:53] /mnt/Data/OUT$IDERZ/VISUALS/Videos (YT + Socials)/YT Videos/2026/11. Sommer YT/EXP/#4_Sommer_YT_D20-M06-Y26_4K-60FPS-FLAC.mp4 | length=126.912 | time=126.912
[Sunday/July 12/07/2026 02:38:47] /mnt/Data/OUT$IDERZ/VISUALS/Videos (YT + Socials)/YT Videos/2026/11. Sommer YT/EXP/#4_Sommer_YT_D20-M06-Y26_4K-60FPS-FLAC.mp4 | length=126.912 | time=2.2333333333333
[Sunday/July 12/07/2026 13:03:33] /mnt/Data/OUT$IDERZ/VISUALS/Videos (YT + Socials)/Vertical Videos/2026/16. Melancholie Vertical/EXP/#4_Melancholie_Vertical_D12-M07-Y26_4K-60FPS-FLAC.mp4 | length=15.264 | time=15.264
[Sunday/July 12/07/2026 13:50:12] /run/user/1000/doc/T6JP2R_d6BWIDZsDatu1LQ/A Boy Named Charlie Brown (1969) (1983 VHS) (1984 Reprint) (Eng Dub).mp4 | length=4869.056 | time=123.79045712379
[Sunday/July 12/07/2026 13:50:22] /run/user/1000/doc/p_h_92Gjzl2IpfUEvLhYcQ/1.) A Boy Named Charlie Brown (1963, HD).mp4 | length=1559.0333333333 | time=186.46666666667
[Sunday/July 12/07/2026 13:50:33] /run/user/1000/doc/IR6IRKdAwj18wqDQOxvhXQ/Charlie Brown Christmas Original Airing (Eng Dub).mp4 | length=1601.2480725624 | time=48.214833333333
[Sunday/July 12/07/2026 13:50:43] /run/user/1000/doc/3N_hO_HR20zWSuy55Wtvgw/2.) A Charlie Brown Christmas (1965, HD).mp4 | length=1523.4333333333 | time=68.9
[Sunday/July 12/07/2026 13:51:02] /run/user/1000/doc/IR6IRKdAwj18wqDQOxvhXQ/Charlie Brown Christmas Original Airing (Eng Dub).mp4 | length=1601.2480725624 | time=82.457375
[Sunday/July 12/07/2026 13:51:21] /run/user/1000/doc/3N_hO_HR20zWSuy55Wtvgw/2.) A Charlie Brown Christmas (1965, HD).mp4 | length=1523.4333333333 | time=107.33333333333
[Sunday/July 12/07/2026 13:51:31] /run/user/1000/doc/2746RMcqWWWo7Vqv35s8yA/8.) A Boy Named Charlie Brown (1969, HD).mp4 | length=5155.6 | time=47.433333333333
[Sunday/July 12/07/2026 13:51:43] /run/user/1000/doc/T6JP2R_d6BWIDZsDatu1LQ/A Boy Named Charlie Brown (1969) (1983 VHS) (1984 Reprint) (Eng Dub).mp4 | length=4869.056 | time=124.19085752419
[Sunday/July 12/07/2026 13:52:28] /run/user/1000/doc/ubblhzm__E5Yxi5J81vxRQ/You're a Good Man, Charlie Brown.mp4 | length=4444.3732666667 | time=187.02016666667
[Sunday/July 12/07/2026 14:04:27] /run/user/1000/doc/g5T26BasrpUzZb5wt7wXBg/Masters.of.the.Universe.Revelation.S01E03.The.Most.Dangerous.Man.in.Eternia.720p.NF.WEB-DL.x264-Pahe.ph.mkv | length=1474.612 | time=1074.208
[Sunday/July 12/07/2026 14:07:22] /run/user/1000/doc/G6__ejhC_Vbnjvlaw9gFUw/X-Men.97.S01E03.Fire.Made.Flesh.1080p.WEB-DL.x265.10Bit.6CH-Pahe.in.mkv | length=1818.622 | time=173.917
[Sunday/July 12/07/2026 14:10:33] /run/user/1000/doc/2E4SHKFX34mABHpF3r8Ybg/3. Kafka - Episode 03 - Familie.mp4 | length=2728.28 | time=42.24
[Sunday/July 12/07/2026 14:27:54] /run/user/1000/doc/mqOghHA0zZc9P6hZnq9k5w/Elle.2026.S01E07.You.Picked.The.Wrong.Girl.1080p.WEB-HD.x265.6CH-Pahe.in.mkv | length=2828.456 | time=37.141
[Sunday/July 12/07/2026 14:30:24] /run/user/1000/doc/kx78M1LLmkrqQeeA9kn4vg/HPI.S04E04.Trojan.Horse.1080p.WEB-DL.x265.6CH-Pahe.in.mkv | length=3540.392 | time=5.12
[Sunday/July 12/07/2026 14:41:33] /run/user/1000/doc/uuywgFgogNVKU9i7Zdu4NA/Running.Point.S02E02.The.Poacher.1080p.NF.WEB-DL.x265.6CH-Pahe.in.mkv | length=1539.24 | time=12.763
[Sunday/July 12/07/2026 14:45:09] /run/user/1000/doc/kYNM6NHdKw6IvNBkPNRyQw/A.Teacher.S01E03.720p.WEB-HD.x264-Pahe.li.mkv | length=1243.252 | time=6.173
[Sunday/July 12/07/2026 14:46:35] /run/user/1000/doc/_kzLfG3RrzxaE7zszKO_Kg/house.of.guinness.s01e01.german.dl.1080p.web.x264-wayne.mkv | length=3171.776 | time=4.88
[Sunday/July 12/07/2026 15:15:53] /run/user/1000/doc/i2I5ESQ3mIepyS9mRmmQnQ/Tomb.Raider.The.Legend.of.Lara.Croft.S02E04.Slan.Abhaile.1080p.WEB-DL.x264.6CH-Pahe.in.mkv | length=1627.56 | time=431.542
[Sunday/July 12/07/2026 15:18:28] /run/media/yannik/NAS_18/Cartoons/Cartoon Series/Peanuts (Charlie Brown) (Ger Dub)/DVD04/18_Die_Schmusedecke.avi | length=1292.64 | time=1.28
[Sunday/July 12/07/2026 15:40:26] /run/user/1000/doc/MMtiTNIHyI70oEA8IErXFQ/Marvels.Daredevil.S02E02.Dogs.to.a.Gunfight.1080p.BluRay.x264.DD5.1-Pahe.in.mkv | length=2982.016 | time=1385.426
[Sunday/July 12/07/2026 15:40:27] /run/user/1000/doc/MMtiTNIHyI70oEA8IErXFQ/Marvels.Daredevil.S02E02.Dogs.to.a.Gunfight.1080p.BluRay.x264.DD5.1-Pahe.in.mkv | length=2982.016 | time=3.879
[Sunday/July 12/07/2026 16:11:10] /run/user/1000/doc/XzXweIEjgrT4b6uKrAW8Qg/Daredevil.Born.Again.S02E02.Shoot.the.Moon.1080p.WEB-DL.x265.6CH-Pahe.in.mkv | length=2763.134 | time=110.917
[Sunday/July 12/07/2026 17:24:55] /run/user/1000/doc/9eRocIeo_NimKqe5ryAo7A/Unchosen.S01E03.1080p.NF.WEB-DL.x265.6CH-Pahe.in.mkv | length=2880.168 | time=3.8
[Sunday/July 12/07/2026 17:47:01] /run/user/1000/doc/SOVBAnjzDeDWbppR5Wz0jA/Kureyon.Shin.chan.Action.Kamen.vs.Haigure.Mao.1993.1080p.BluRay.x265.AAC2.0-Pahe.in.mkv | length=5589.331 | time=4935.556
[Sunday/July 12/07/2026 17:48:13] /run/media/yannik/NAS_18/Anime/Anime Series/Crayon Shin-chan (Eng Dub) (2005-2011)/Movies (Jap Dub)/Crayon Shin-chan - Action Kamen vs Haigure Mao (1993) (Jap Dub).mkv | length=5589.331 | time=1.627
[Sunday/July 12/07/2026 22:07:40] /mnt/Data/OUT$IDERZ/SONGS/Projects/2026/07-26/Post Mortem/MASTER/BOUNCE/#M5_Post Mortem_MASTER_D12-M07-Y2026_84-BPM_48k-24b.wav | length=209.721 | time=115.40972222222
[Sunday/July 12/07/2026 22:07:59] /mnt/Data/OUT$IDERZ/SONGS/Projects/2026/07-26/Post Mortem/MASTER/BOUNCE/#M5_Post Mortem_MASTER_D12-M07-Y2026_84-BPM_48k-24b_Pultec.wav | length=209.721 | time=141.45138888889
[Sunday/July 12/07/2026 22:08:13] /mnt/Data/OUT$IDERZ/SONGS/Projects/2026/07-26/Post Mortem/MASTER/BOUNCE/#M5_Post Mortem_MASTER_D12-M07-Y2026_84-BPM_48k-24b.wav | length=209.721 | time=188.9375
[Sunday/July 12/07/2026 22:08:17] /mnt/Data/OUT$IDERZ/SONGS/Projects/2026/07-26/Post Mortem/MASTER/BOUNCE/#M5_Post Mortem_MASTER_D12-M07-Y2026_84-BPM_48k-24b_Pultec.wav | length=209.721 | time=99.5625
[Sunday/July 12/07/2026 22:08:21] /mnt/Data/OUT$IDERZ/SONGS/Projects/2026/07-26/Post Mortem/MASTER/BOUNCE/#M5_Post Mortem_MASTER_D12-M07-Y2026_84-BPM_48k-24b.wav | length=209.721 | time=68.041666666667
[Sunday/July 12/07/2026 23:05:47] /mnt/Data/OUT$IDERZ/VISUALS/Videos (YT + Socials)/Vertical Videos/2026/16. Melancholie Vertical/EXP/#4_Melancholie_Vertical_D12-M07-Y26_4K-60FPS-FLAC.mp4 | length=15.264 | time=1.2666666666667
[Sunday/July 12/07/2026 23:06:09] /mnt/Data/OUT$IDERZ/VISUALS/Videos (YT + Socials)/YT Videos/2026/16. Melancholie YT/EXP/#2_Melancholie_YT_D11-M06-Y26_4K-60FPS-FLAC.mp4 | length=168 | time=168
[Sunday/July 12/07/2026 23:06:17] /mnt/Data/OUT$IDERZ/VISUALS/Videos (YT + Socials)/YT Videos/2026/15. Tausend Dinge Interlude YT/EXP/#1_Tausend Dinge Interlude_YT_D10-M06-Y26_4K-60FPS-FLAC.mp4 | length=64.704 | time=64.704
[Sunday/July 12/07/2026 23:06:28] /mnt/Data/OUT$IDERZ/VISUALS/Videos (YT + Socials)/YT Videos/2026/14. Wär ich morgen reich YT/EXP/#2_Wär ich morgen reich_YT_D21-M06-Y26_4K-60FPS-FLAC.mp4 | length=164.544 | time=164.544
[Sunday/July 12/07/2026 23:06:36] /mnt/Data/OUT$IDERZ/VISUALS/Videos (YT + Socials)/YT Videos/2026/13. Kommt und geht YT/EXP/#3_Kommt und geht_YT_D20-M06-Y26_4K-60FPS-FLAC.mp4 | length=141.216 | time=141.216
[Sunday/July 12/07/2026 23:07:04] /mnt/Data/OUT$IDERZ/VISUALS/Videos (YT + Socials)/YT Videos/2026/12. Außer ihr YT/EXP/#3_Außer ihr_YT_D20-M06-Y26_4K-60FPS-FLAC.mp4 | length=134.592 | time=134.592
[Sunday/July 12/07/2026 23:07:04] /mnt/Data/OUT$IDERZ/VISUALS/Videos (YT + Socials)/YT Videos/2026/12. Außer ihr YT/EXP/#3_Außer ihr_YT_D20-M06-Y26_4K-60FPS-FLAC.mp4 | length=134.592 | time=0
[Sunday/July 12/07/2026 23:07:08] /mnt/Data/OUT$IDERZ/VISUALS/Videos (YT + Socials)/YT Videos/IN DA PIPELINE/Außenseiter YT/1. Wer ich bin/EXP/#1_Wer ich bin_YT_4K-60FPS-libx264-FLAC.mp4 | length=83.136 | time=83.116666666667
[Sunday/July 12/07/2026 23:07:12] /mnt/Data/OUT$IDERZ/VISUALS/Videos (YT + Socials)/YT Videos/IN DA PIPELINE/Außenseiter YT/1. Wer ich bin/EXP/#2_Wer ich bin_YT_26-01-26_4K-60FPS-libx264-FLAC.mp4 | length=83.136 | time=83.116666666667
[Sunday/July 12/07/2026 23:07:27] /mnt/Data/OUT$IDERZ/VISUALS/Videos (YT + Socials)/YT Videos/IN DA PIPELINE/Außenseiter YT/1. Wer ich bin/EXP/#3_Wer ich bin_YT_26-01-26_4K-60FPS-libx264-FLAC.mp4 | length=83.136 | time=12.35
[Sunday/July 12/07/2026 23:07:50] /mnt/Data/OUT$IDERZ/VISUALS/Videos (YT + Socials)/YT Videos/IN DA PIPELINE/Außenseiter YT/2. Wart einfach ab/EXP/#4_Wart einfach ab_YT_22-04-26_4K-60FPS-libx264-FLAC.mp4 | length=201.408 | time=1.1
[Sunday/July 12/07/2026 23:09:56] /mnt/Data/OUT$IDERZ/VISUALS/Videos (YT + Socials)/YT Videos/IN DA PIPELINE/Außenseiter YT/3. Kurt Cobain/EXP/#3_Kurt Cobain_YT_22-04-26_4K-60FPS-libx264-FLAC.mp4 | length=194.784 | time=193.81666666667
[Sunday/July 12/07/2026 23:10:25] /mnt/Data/OUT$IDERZ/VISUALS/Videos (YT + Socials)/YT Videos/IN DA PIPELINE/Außenseiter YT/5. So wie ich/EXP/#2_So wie ich_YT_22-04-26_4K-60FPS-libx264-FLAC.mp4 | length=189.6 | time=189.6
[Sunday/July 12/07/2026 23:11:37] /mnt/Data/OUT$IDERZ/VISUALS/Videos (YT + Socials)/YT Videos/IN DA PIPELINE/Außenseiter YT/2. Wart einfach ab/EXP/#4_Wart einfach ab_YT_22-04-26_4K-60FPS-libx264-FLAC.mp4 | length=201.408 | time=201.38333333333
[Sunday/July 12/07/2026 23:45:12] /mnt/Data/OUT$IDERZ/VISUALS/Videos (YT + Socials)/YT Videos/IN DA PIPELINE/Außenseiter YT/2. Wart einfach ab/EXP/#4_Wart einfach ab_YT_22-04-26_4K-60FPS-libx264-FLAC.mp4 | length=201.408 | time=199.81666666667
[Sunday/July 12/07/2026 23:45:23] /mnt/Data/OUT$IDERZ/VISUALS/Videos (YT + Socials)/YT Videos/IN DA PIPELINE/Außenseiter YT/2. Wart einfach ab/EXP/#5_Wart einfach ab_YT_12-07-26_4K-60FPS-libx264-FLAC.mp4 | length=198.528 | time=198.528
[Monday/July 13/07/2026 12:20:39] /home/yannik/Downloads/Wie funktionieren Routing & Signal-Flow in der DAW_ _ HOFA-College Livestream.mp4 | length=5657.894 | time=4.267
[Monday/July 13/07/2026 16:13:07] /run/user/1000/doc/OMfT4mqa7SIgRqjfrT9e7Q/014. How Fast Is Melee.mp4 | length=96.687891156463 | time=9.6763222222222
[Monday/July 13/07/2026 22:49:19] /home/yannik/Desktop/STUDENTISCHE HILFSKRAFT/PODCAST/Ep. 18 - Start-Up (15.04.26)/Podcast Episode 18/BOUNCE/#3_Podcast Episode 18_D10-M07-Y2026_90-BPM_48k-24b.wav | length=1905.6285625 | time=2.0486111111111
[Monday/July 13/07/2026 23:36:21] /home/yannik/Desktop/STUDENTISCHE HILFSKRAFT/PODCAST/Ep. 18 - Start-Up (15.04.26)/Podcast Episode 18/BOUNCE/#4_Podcast Episode 18_D13-M07-Y2026_90-BPM_48k-24b.wav | length=1887.6477708333 | time=11.652777777778
[Monday/July 13/07/2026 23:36:30] /home/yannik/Desktop/STUDENTISCHE HILFSKRAFT/PODCAST/Ep. 18 - Start-Up (15.04.26)/Podcast Episode 18/BOUNCE/#2_Podcast Episode 18_D07-M07-Y2026_90-BPM_48k-24b.wav | length=1989.8271666667 | time=2.1319444444444
[Monday/July 13/07/2026 23:37:44] /run/user/1000/doc/g4gTUXoeMZ6kZIAdSJRqdQ/Mixing Basics - EQing Teil 1 von 2.mp4 | length=3403.5 | time=0.63333333333333
[Monday/July 13/07/2026 23:37:51] /run/user/1000/doc/C_m5fXrONhtttF09cyexzQ/Mischen – die Basics - EQing.mp4 | length=405.91666666667 | time=0.35
[Monday/July 13/07/2026 23:38:07] /home/yannik/Downloads/Mixing Basics.mp4 | length=4197.574 | time=146.267
[Monday/July 13/07/2026 23:38:29] /home/yannik/Downloads/Rhythmik-Basics.mp4 | length=3789.654 | time=25.467
[Monday/July 13/07/2026 23:38:55] /home/yannik/Downloads/The Art Of Remixing.mp4 | length=3701.774 | time=111.667
[Monday/July 13/07/2026 23:39:21] /home/yannik/Downloads/Masterclass Digital Mastering.mp4 | length=3822.374 | time=3.267
[Monday/July 13/07/2026 23:39:53] /run/user/1000/doc/Q_8UAd1Gfaf2IvgbJcjONg/Electronic Music Production für Einsteiger Teil 1 von 2.mp4 | length=3625.9666666667 | time=27.8
[Monday/July 13/07/2026 23:40:03] /home/yannik/Downloads/Electronic Music Production für Einsteiger.mp4 | length=7990.014 | time=148.3
[Monday/July 13/07/2026 23:40:14] /home/yannik/Downloads/Electronic Music Production für Einsteiger.mp4 | length=7990.014 | time=525.733
[Monday/July 13/07/2026 23:40:19] /run/user/1000/doc/Q_8UAd1Gfaf2IvgbJcjONg/Electronic Music Production für Einsteiger Teil 1 von 2.mp4 | length=3625.9666666667 | time=185.23333333333
[Monday/July 13/07/2026 23:42:09] /home/yannik/Downloads/So arbeiten erfolgreiche Musikproduzenten mit Oliver Pinelli (Helene Fischer uvm.) _ HOFA-College.mp4 | length=3534.094 | time=333.6
[Tuesday/July 14/07/2026 00:06:39] /home/yannik/Desktop/STUDENTISCHE HILFSKRAFT/PODCAST/Ep. 18 - Start-Up (15.04.26)/Podcast Episode 18/BOUNCE/#4_Podcast Episode 18_D13-M07-Y2026_90-BPM_48k-24b.wav | length=1887.6477708333 | time=1715.5347222222
[Tuesday/July 14/07/2026 00:27:15] /home/yannik/Desktop/STUDENTISCHE HILFSKRAFT/PODCAST/Ep. 18 - Start-Up (15.04.26)/Podcast Episode 18/BOUNCE/#5_Podcast Episode 18_D14-M07-Y2026_90-BPM_48k-24b.wav | length=1885.3491458333 | time=345.27777777778
[Tuesday/July 14/07/2026 00:27:26] /home/yannik/Desktop/STUDENTISCHE HILFSKRAFT/PODCAST/Ep. 18 - Start-Up (15.04.26)/Podcast Episode 18/BOUNCE/#5_Podcast Episode 18_D14-M07-Y2026_90-BPM_48k-24b.wav | length=1885.3491458333 | time=1834.1875
[Tuesday/July 14/07/2026 00:27:43] /home/yannik/Desktop/STUDENTISCHE HILFSKRAFT/PODCAST/Ep. 18 - Start-Up (15.04.26)/Podcast Episode 18/BOUNCE/#4_Podcast Episode 18_D13-M07-Y2026_90-BPM_48k-24b.wav | length=1887.6477708333 | time=1717.6597222222
[Tuesday/July 14/07/2026 00:27:46] /home/yannik/Desktop/STUDENTISCHE HILFSKRAFT/PODCAST/Ep. 18 - Start-Up (15.04.26)/Podcast Episode 18/BOUNCE/#5_Podcast Episode 18_D14-M07-Y2026_90-BPM_48k-24b.wav | length=1885.3491458333 | time=1835.2152777778
[Tuesday/July 14/07/2026 00:33:38] /mnt/Data/OUT$IDERZ/VISUALS/Videos (YT + Socials)/YT Videos/IN DA PIPELINE/Außenseiter YT/1. Wer ich bin/EXP/#4_Wer ich bin_YT_26-01-26_4K-60FPS-libx264-FLAC.mp4 | length=83.136 | time=83.136
[Tuesday/July 14/07/2026 00:34:16] /mnt/Data/OUT$IDERZ/VISUALS/Videos (YT + Socials)/YT Videos/IN DA PIPELINE/Außenseiter YT/1. Wer ich bin/EXP/#3_Wer ich bin_YT_26-01-26_4K-60FPS-libx264-FLAC.mp4 | length=83.136 | time=11.75
[Friday/July 17/07/2026 13:44:12] /run/media/yannik/00D0-0110/Ep. 20 - Alumni (09.05.26)/Audio Files/SprecherIn 2#32.aif | length=1935.3599319728 | time=0.77777777777778
[Saturday/July 18/07/2026 11:07:49] /run/user/1000/doc/0Ptrfn6A5R_SgqkUJ3_MiA/Werner - Beinhart! (1990) (Ger Dub).mkv | length=5574.875 | time=4142.958
[Saturday/July 18/07/2026 11:08:55] /run/user/1000/doc/ZlVRcxVLtWQHsaL6SsRH_Q/Werner - Volles Rooäää!!! (1999) (Ger Dub).mkv | length=4825.791 | time=43.25
[Saturday/July 18/07/2026 11:08:55] /run/user/1000/doc/ZlVRcxVLtWQHsaL6SsRH_Q/Werner - Volles Rooäää!!! (1999) (Ger Dub).mkv | length=4825.791 | time=0
[Saturday/July 18/07/2026 12:42:24] /run/user/1000/doc/_7IBMN6Pn8QV9nnqSGexSQ/Werner - Gekotzt wird später! (2003) (Ger Dub).mkv | length=4801.344 | time=4671.167
[Saturday/July 18/07/2026 21:49:56] /run/user/1000/doc/lslldHojpwrHC3xWZnYqgA/3. Kill Bill - The Whole Bloody Affair (2026) (Eng Dub).mkv | length=15186.856 | time=6.215
[Saturday/July 18/07/2026 22:00:46] /run/user/1000/doc/JMcaHY9eUwIXOKZaLVkSlQ/019. Интервью LiL PEEP для «Fast Food Music» (LiL PEEP Interview).mp4 | length=724.6019047619 | time=3.5416555555556
[Saturday/July 18/07/2026 22:09:15] /run/user/1000/doc/FXoTfFoDjFHTvo0MImI5Pw/Workshop Mikrofontechnik Teil 1 von 2.mp4 | length=2876.0833333333 | time=17.05
[Sunday/July 19/07/2026 12:02:55] /mnt/Data/OUT$IDERZ/VISUALS/Cover Art/Covers/Single Covers/Cozy/2026/07. Alles verloren/EXP/#48_Alles verloren_D06-M05-Y26_3000x3000px_98.jpg | length=0 | time=0
[Sunday/July 19/07/2026 12:04:47] /home/yannik/Downloads/Applications and Effects of HOFA Diffusors _ HOFA-Akustik.mp4 | length=117.434 | time=4.28
[Sunday/July 19/07/2026 12:31:09] /run/user/1000/doc/gtfQLPcREX86whCWgjnv2g/Die Wahrheit über Google (2026) (Ger Dub) [ZDF].mp4 | length=2626.44 | time=4.4
[Sunday/July 19/07/2026 12:31:42] /home/yannik/Downloads/Becoming.Led.Zeppelin.2025.1080p.BluRay.x265.DD+5.1-Pahe.in.mkv | length=7309.395 | time=3636.508
[Sunday/July 19/07/2026 18:13:12] /run/user/1000/doc/5byvFVpf4TcYAYUEHAS4cw/The Machinist (2004) (Eng Dub).mkv | length=6115.914 | time=1592.841
[Sunday/July 19/07/2026 20:05:48] /home/yannik/Downloads/Long Story Short (2025) (Eng Dub)/01. Long Story Short - S01E01 - Yoshi's Bar Mitzvah.mkv | length=1531.776 | time=2.625
[Sunday/July 19/07/2026 20:08:38] /home/yannik/Downloads/Long Story Short (2025) (Eng & Ger Dub)/08. Long Story Short - S01E08 - The Intervention.mkv | length=1542.144 | time=57.25
[Sunday/July 19/07/2026 20:09:39] /home/yannik/Downloads/Long Story Short (2025) (Eng & Ger Dub)/08. Long Story Short - S01E08 - The Intervention.mkv | length=1542.144 | time=58.167
[Sunday/July 19/07/2026 20:09:43] /home/yannik/Downloads/Long Story Short (2025) (Eng & Ger Dub)/07. Long Story Short - S01E07 - Kendra's Job.mkv | length=1526.944 | time=66.625
[Sunday/July 19/07/2026 22:42:08] /home/yannik/Desktop/STUDENTISCHE HILFSKRAFT/PODCAST/Ep. 20 - Alumni (09.05.26)/Podcast Episode 20/Media/SprecherIn 1#35.aif | length=1935.3599319728 | time=1543.6736111111
[Sunday/July 19/07/2026 22:42:13] /home/yannik/Desktop/STUDENTISCHE HILFSKRAFT/PODCAST/Ep. 20 - Alumni (09.05.26)/Podcast Episode 20/Media/SprecherIn 2#32.aif | length=1935.3599319728 | time=295.80555555556
[Sunday/July 19/07/2026 22:42:39] /home/yannik/Desktop/STUDENTISCHE HILFSKRAFT/PODCAST/Ep. 20 - Alumni (09.05.26)/Podcast Episode 20/Media/SprecherIn 1#35.aif | length=1935.3599319728 | time=1836.0694444444
[Sunday/July 19/07/2026 22:47:20] /home/yannik/Desktop/STUDENTISCHE HILFSKRAFT/PODCAST/Ep. 20 - Alumni (09.05.26)/Podcast Episode 20/BOUNCE/#1_Podcast Episode 20_D19-M07-Y2026_90-BPM_48k-24b.wav | length=1676.5584166667 | time=1620.7222222222
[Monday/July 20/07/2026 13:46:42] /run/user/1000/doc/x7fuj5jwuzwirX01mKeJHw/01. Long Story Short - S01E01 - Yoshi's Bar Mitzvah.mkv | length=1531.776 | time=1.083
[Monday/July 20/07/2026 14:19:58] /run/user/1000/doc/x7fuj5jwuzwirX01mKeJHw/01. Long Story Short - S01E01 - Yoshi's Bar Mitzvah.mkv | length=1531.776 | time=1520.333
[Monday/July 20/07/2026 14:20:06] /run/user/1000/doc/x7fuj5jwuzwirX01mKeJHw/01. Long Story Short - S01E01 - Yoshi's Bar Mitzvah.mkv | length=1531.776 | time=7.583
[Monday/July 20/07/2026 15:13:10] /run/user/1000/doc/aB4Is0gwiwa_QJmvEcZXaw/02. Long Story Short - S01E02 - Hannah's Dance Recital.mkv | length=1521.856 | time=1411.458
[Monday/July 20/07/2026 15:13:12] /run/user/1000/doc/aB4Is0gwiwa_QJmvEcZXaw/02. Long Story Short - S01E02 - Hannah's Dance Recital.mkv | length=1521.856 | time=1412.542
[Monday/July 20/07/2026 15:48:13] /run/user/1000/doc/RdNzxS6tDUYdqXKFAdR7Cw/Harry Mack Freestyles The Web's Most Searched Questions - WIRED.mp4 | length=832.474 | time=1.752
[Monday/July 20/07/2026 15:49:01] /run/user/1000/doc/zI71_W2pfWZ1eIO4aX8_Eg/03. Long Story Short - S01E03 - There's a Mattress in There.mkv | length=1528.192 | time=1419.542
[Monday/July 20/07/2026 15:49:01] /run/user/1000/doc/zI71_W2pfWZ1eIO4aX8_Eg/03. Long Story Short - S01E03 - There's a Mattress in There.mkv | length=1528.192 | time=0
[Monday/July 20/07/2026 15:56:10] /run/user/1000/doc/CFnHuvC_p0pvcb1QHY7Ohw/04. Long Story Short - S01E04 - Shira Can't Cook.mkv | length=1524.928 | time=12.708
[Monday/July 20/07/2026 15:57:07] /run/user/1000/doc/CFnHuvC_p0pvcb1QHY7Ohw/04. Long Story Short - S01E04 - Shira Can't Cook.mkv | length=1524.928 | time=44.333
[Monday/July 20/07/2026 16:14:19] /run/user/1000/gvfs/smb-share:server=nasirjones.local,share=james%20shared/Cinematic/EINSORTIEREN/Cartoon Series/Long Story Short (2025) (Eng & Ger Dub)/08. Long Story Short - S01E08 - The Intervention.mkv | length=1542.144 | time=17.5
[Monday/July 20/07/2026 16:14:56] /mnt/Data/OUT$IDERZ/VISUALS/Cover Art/Covers/WORKING ON/Singles/Small City Sadness/Hochhäuser Cover/EXP/#8_Hochhäuser-Cover_D18-M07-Y26.png | length=0 | time=0
[Monday/July 20/07/2026 16:26:19] /home/yannik/Desktop/BEWERBUNG MUSTER 11-25/ARCHIVE/09-24/verpackt/Links/Bewerbungsbild 2019.jpg | length=0 | time=0
[Monday/July 20/07/2026 16:27:23] /run/user/1000/gvfs/smb-share:server=nasirjones.local,share=james%20shared/Cinematic/EINSORTIEREN/Cartoon Series/Long Story Short (2025) (Eng & Ger Dub)/01. Long Story Short - S01E01 - Yoshi's Bar Mitzvah.mkv | length=1531.776 | time=808
[Monday/July 20/07/2026 16:27:24] /run/user/1000/gvfs/smb-share:server=nasirjones.local,share=james%20shared/Cinematic/EINSORTIEREN/Cartoon Series/Long Story Short (2025) (Eng & Ger Dub)/03. Long Story Short - S01E03 - There's a Mattress in There.mkv | length=1528.192 | time=1410.375
[Monday/July 20/07/2026 16:30:32] /run/user/1000/gvfs/smb-share:server=nasirjones.local,share=james%20shared/Cinematic/EINSORTIEREN/Cartoon Series/Long Story Short (2025) (Eng & Ger Dub)/04. Long Story Short - S01E04 - Shira Can't Cook.mkv | length=1524.928 | time=451.958
[Monday/July 20/07/2026 16:30:39] /home/yannik/Desktop/BEWERBUNG MUSTER 11-25/ARCHIVE/09-24/verpackt/Links/IB - Zeugnis der Fachhochschulreife des Berufskollegs für Technische Dokumentation.jpg | length=0 | time=0
[Monday/July 20/07/2026 16:30:46] /home/yannik/Desktop/BEWERBUNG MUSTER 11-25/Inks/Bewerbung Muster Mediendesign 11-2025_inks.svg | length=0 | time=0
[Monday/July 20/07/2026 16:34:08] /run/user/1000/gvfs/smb-share:server=nasirjones.local,share=james%20shared/Cinematic/EINSORTIEREN/Cartoon Series/Long Story Short (2025) (Eng & Ger Dub)/04. Long Story Short - S01E04 - Shira Can't Cook.mkv | length=1524.928 | time=599.458
[Monday/July 20/07/2026 16:37:22] /run/user/1000/gvfs/smb-share:server=nasirjones.local,share=james%20shared/Cinematic/EINSORTIEREN/Cartoon Series/Long Story Short (2025) (Eng & Ger Dub)/02. Long Story Short - S01E02 - Hannah's Dance Recital.mkv | length=1521.856 | time=10.042
[Monday/July 20/07/2026 16:39:14] /run/user/1000/gvfs/smb-share:server=nasirjones.local,share=james%20shared/Cinematic/EINSORTIEREN/Cartoon Series/Long Story Short (2025) (Eng & Ger Dub)/02. Long Story Short - S01E02 - Hannah's Dance Recital.mkv | length=1521.856 | time=0
[Monday/July 20/07/2026 16:40:07] /run/user/1000/gvfs/smb-share:server=nasirjones.local,share=james%20shared/Cinematic/EINSORTIEREN/Cartoon Series/Long Story Short (2025) (Eng & Ger Dub)/02. Long Story Short - S01E02 - Hannah's Dance Recital.mkv | length=1521.856 | time=413.125
[Monday/July 20/07/2026 16:49:41] /home/yannik/Desktop/Praktische Abschlussaufgabe/Praktische Abschlussaufgabe - Vocal Pitch Correction/BOUNCE/Vocal-ReaTune_Praktische Abschlussaufgabe - Vocal Pitch Correction - Yannik Riekert.wav | length=18.544081632653 | time=14.513888888889
[Monday/July 20/07/2026 16:51:57] /run/user/1000/gvfs/smb-share:server=nasirjones.local,share=james%20shared/Cinematic/EINSORTIEREN/Cartoon Series/Long Story Short (2025) (Eng & Ger Dub)/10. Long Story Short - S01E10 - Uncle Barry.mkv | length=1530.656 | time=21.917
[Monday/July 20/07/2026 16:52:10] /home/yannik/Desktop/Praktische Abschlussaufgabe/Praktische Abschlussaufgabe - Vocal Pitch Correction/BOUNCE/Vocal-ReaTune_Praktische Abschlussaufgabe - Vocal Pitch Correction - Yannik Riekert.wav | length=18.544081632653 | time=12.930555555556
[Monday/July 20/07/2026 16:53:47] /run/user/1000/gvfs/smb-share:server=nasirjones.local,share=james%20shared/Cinematic/EINSORTIEREN/Cartoon Series/Long Story Short (2025) (Eng & Ger Dub)/05. Long Story Short - S01E05 - Yoshi & Baby.mkv | length=1525.152 | time=3.958
[Monday/July 20/07/2026 16:53:49] /run/user/1000/gvfs/smb-share:server=nasirjones.local,share=james%20shared/Cinematic/EINSORTIEREN/Cartoon Series/Long Story Short (2025) (Eng & Ger Dub)/03. Long Story Short - S01E03 - There's a Mattress in There.mkv | length=1528.192 | time=1411
[Monday/July 20/07/2026 16:54:57] /run/user/1000/gvfs/smb-share:server=nasirjones.local,share=james%20shared/Cinematic/EINSORTIEREN/Cartoon Series/Long Story Short (2025) (Eng & Ger Dub)/03. Long Story Short - S01E03 - There's a Mattress in There.mkv | length=1528.192 | time=1418.792
[Monday/July 20/07/2026 16:56:21] /home/yannik/Desktop/Praktische Abschlussaufgabe/Praktische Abschlussaufgabe - Vocal Pitch Correction/BOUNCE/Vocal-ReaTune_Praktische Abschlussaufgabe - Vocal Pitch Correction - Yannik Riekert.wav | length=18.544081632653 | time=18.544081632653
[Monday/July 20/07/2026 16:56:44] /home/yannik/Downloads/The.Breadwinner.2026.1080p.WEB-DL.x265.6CH-Pahe.in.mkv | length=5956.648 | time=4393.848
[Monday/July 20/07/2026 17:15:59] /home/yannik/Downloads/The.Breadwinner.2026.1080p.WEB-DL.x265.6CH-Pahe.in.mkv | length=5956.648 | time=4411.824
[Monday/July 20/07/2026 17:49:20] /run/user/1000/gvfs/smb-share:server=nasirjones.local,share=james%20shared/Cinematic/EINSORTIEREN/Cartoon Series/Long Story Short (2025) (Eng & Ger Dub)/04. Long Story Short - S01E04 - Shira Can't Cook.mkv | length=1524.928 | time=1415.917
[Monday/July 20/07/2026 18:16:41] /run/user/1000/gvfs/smb-share:server=nasirjones.local,share=james%20shared/Cinematic/EINSORTIEREN/Cartoon Series/Long Story Short (2025) (Eng & Ger Dub)/05. Long Story Short - S01E05 - Yoshi & Baby.mkv | length=1525.152 | time=1415.375
[Monday/July 20/07/2026 18:45:05] /run/user/1000/gvfs/smb-share:server=nasirjones.local,share=james%20shared/Cinematic/EINSORTIEREN/Cartoon Series/Long Story Short (2025) (Eng & Ger Dub)/06. Long Story Short - S01E06 - Wolves.mkv | length=1514.688 | time=1403.458
[Monday/July 20/07/2026 19:50:45] /run/user/1000/gvfs/smb-share:server=nasirjones.local,share=james%20shared/Cinematic/EINSORTIEREN/Cartoon Series/Long Story Short (2025) (Eng & Ger Dub)/06. Long Story Short - S01E06 - Wolves.mkv | length=1514.688 | time=1404.458
[Monday/July 20/07/2026 20:09:05] /run/user/1000/gvfs/smb-share:server=nasirjones.local,share=james%20shared/Cinematic/EINSORTIEREN/Cartoon Series/Long Story Short (2025) (Eng & Ger Dub)/07. Long Story Short - S01E07 - Kendra's Job.mkv | length=1526.944 | time=73
[Monday/July 20/07/2026 20:09:06] /run/user/1000/gvfs/smb-share:server=nasirjones.local,share=james%20shared/Cinematic/EINSORTIEREN/Cartoon Series/Long Story Short (2025) (Eng & Ger Dub)/06. Long Story Short - S01E06 - Wolves.mkv | length=1514.688 | time=1378.458
[Monday/July 20/07/2026 20:09:35] /run/user/1000/gvfs/smb-share:server=nasirjones.local,share=james%20shared/Cinematic/EINSORTIEREN/Cartoon Series/Long Story Short (2025) (Eng & Ger Dub)/07. Long Story Short - S01E07 - Kendra's Job.mkv | length=1526.944 | time=99.875
[Monday/July 20/07/2026 20:09:37] /run/user/1000/gvfs/smb-share:server=nasirjones.local,share=james%20shared/Cinematic/EINSORTIEREN/Cartoon Series/Long Story Short (2025) (Eng & Ger Dub)/08. Long Story Short - S01E08 - The Intervention.mkv | length=1542.144 | time=2
[Monday/July 20/07/2026 21:00:32] /run/user/1000/gvfs/smb-share:server=nasirjones.local,share=james%20shared/Cinematic/EINSORTIEREN/Cartoon Series/Long Story Short (2025) (Eng & Ger Dub)/07. Long Story Short - S01E07 - Kendra's Job.mkv | length=1526.944 | time=1413.833
[Monday/July 20/07/2026 21:38:02] /run/user/1000/gvfs/smb-share:server=nasirjones.local,share=james%20shared/Cinematic/EINSORTIEREN/Cartoon Series/Long Story Short (2025) (Eng & Ger Dub)/08. Long Story Short - S01E08 - The Intervention.mkv | length=1542.144 | time=1429.583
[Monday/July 20/07/2026 22:17:36] /run/user/1000/gvfs/smb-share:server=nasirjones.local,share=james%20shared/Cinematic/Movies/Action, Drama, Thriller, Other/The Prestige (2006) (Eng Dub).mkv | length=7818.976 | time=4.129
[Tuesday/July 21/07/2026 00:09:57] /mnt/Data/OUT$IDERZ/VISUALS/Cover Art/Covers/WORKING ON/Projects/A Broken Fantasy Cover/EXP/#11_A Broken Fantasy_Cover Art_D03-M06-Y26.png | length=0 | time=0
[Tuesday/July 21/07/2026 00:11:24] /mnt/Data/OUT$IDERZ/VISUALS/Cover Art/Covers/WORKING ON/Projects/Relikte Mixtape Cover/EXP/#39_Relikte Mixtape Cover_D03-M07-Y26.jpg | length=0 | time=0
[Tuesday/July 21/07/2026 14:56:56] /run/user/1000/gvfs/smb-share:server=nasirjones.local,share=james%20shared/Cinematic/EINSORTIEREN/Cartoon Series/Long Story Short (2025) (Eng & Ger Dub)/09. Long Story Short - S01E09 - Honoring Naomi Schwartz.mkv | length=1528.832 | time=1417.667
[Tuesday/July 21/07/2026 15:22:49] /run/user/1000/gvfs/smb-share:server=nasirjones.local,share=james%20shared/Cinematic/EINSORTIEREN/Cartoon Series/Long Story Short (2025) (Eng & Ger Dub)/10. Long Story Short - S01E10 - Uncle Barry.mkv | length=1530.656 | time=1417.333
[Tuesday/July 21/07/2026 15:22:53] /run/user/1000/gvfs/smb-share:server=nasirjones.local,share=james%20shared/Cinematic/EINSORTIEREN/Cartoon Series/Long Story Short (2025) (Eng & Ger Dub)/09. Long Story Short - S01E09 - Honoring Naomi Schwartz.mkv | length=1528.832 | time=1528.832
[Tuesday/July 21/07/2026 15:22:56] /run/user/1000/gvfs/smb-share:server=nasirjones.local,share=james%20shared/Cinematic/EINSORTIEREN/Cartoon Series/Long Story Short (2025) (Eng & Ger Dub)/10. Long Story Short - S01E10 - Uncle Barry.mkv | length=1530.656 | time=1331.542
[Tuesday/July 21/07/2026 15:23:51] /run/user/1000/gvfs/smb-share:server=nasirjones.local,share=james%20shared/Cinematic/EINSORTIEREN/Cartoon Series/Long Story Short (2025) (Eng & Ger Dub)/09. Long Story Short - S01E09 - Honoring Naomi Schwartz.mkv | length=1528.832 | time=1462.875
[Tuesday/July 21/07/2026 17:17:54] /mnt/Data/OUT$IDERZ/VISUALS/Videos (YT + Socials)/YT Videos/IN DA PIPELINE/Außenseiter YT/1. Wer ich bin/EXP/#5_Wer ich bin_YT_22-04-26_4K-60FPS-libx264-FLAC.mp4 | length=83.136 | time=8.8333333333333
[Tuesday/July 21/07/2026 17:18:04] /mnt/Data/OUT$IDERZ/VISUALS/Videos (YT + Socials)/YT Videos/IN DA PIPELINE/Außenseiter YT/1. Wer ich bin/EXP/#5_Wer ich bin_YT_22-04-26_4K-60FPS-libx264-FLAC.mp4 | length=83.136 | time=54.05
[Tuesday/July 21/07/2026 17:18:15] /mnt/Data/OUT$IDERZ/VISUALS/Videos (YT + Socials)/YT Videos/IN DA PIPELINE/Außenseiter YT/2. Wart einfach ab/EXP/#5_Wart einfach ab_YT_12-07-26_4K-60FPS-libx264-FLAC.mp4 | length=198.528 | time=189.46666666667
[Tuesday/July 21/07/2026 17:18:21] /mnt/Data/OUT$IDERZ/VISUALS/Videos (YT + Socials)/YT Videos/IN DA PIPELINE/Außenseiter YT/1. Wer ich bin/EXP/#5_Wer ich bin_YT_22-04-26_4K-60FPS-libx264-FLAC.mp4 | length=83.136 | time=79.066666666667
[Tuesday/July 21/07/2026 17:18:38] /mnt/Data/OUT$IDERZ/VISUALS/Videos (YT + Socials)/YT Videos/IN DA PIPELINE/Außenseiter YT/3. Kurt Cobain/EXP/#3_Kurt Cobain_YT_22-04-26_4K-60FPS-libx264-FLAC.mp4 | length=194.784 | time=194.784
[Tuesday/July 21/07/2026 17:18:48] /mnt/Data/OUT$IDERZ/VISUALS/Videos (YT + Socials)/YT Videos/IN DA PIPELINE/Außenseiter YT/4. Candies/EXP/#2_Candies_YT_22-04-26_4K-60FPS-libx264-FLAC.mp4 | length=112.608 | time=112.608
[Tuesday/July 21/07/2026 17:19:00] /mnt/Data/OUT$IDERZ/VISUALS/Videos (YT + Socials)/YT Videos/IN DA PIPELINE/Außenseiter YT/5. So wie ich/EXP/#2_So wie ich_YT_22-04-26_4K-60FPS-libx264-FLAC.mp4 | length=189.6 | time=186.23333333333
[Tuesday/July 21/07/2026 17:19:09] /mnt/Data/OUT$IDERZ/VISUALS/Videos (YT + Socials)/YT Videos/IN DA PIPELINE/Außenseiter YT/6. Stift und Papier/EXP/#2_Stift und Papier_YT_22-04-26_4K-60FPS-libx264-FLAC.mp4 | length=102.528 | time=102.528
[Tuesday/July 21/07/2026 17:19:22] /mnt/Data/OUT$IDERZ/VISUALS/Videos (YT + Socials)/YT Videos/IN DA PIPELINE/Außenseiter YT/7. Schlechtes Omen/EXP/#2_Schlechtes Omen_YT_22-04-26_4K-60FPS-libx264-FLAC.mp4 | length=124.8 | time=124.05
[Tuesday/July 21/07/2026 17:19:34] /mnt/Data/OUT$IDERZ/VISUALS/Videos (YT + Socials)/YT Videos/IN DA PIPELINE/Außenseiter YT/8. WIHDWV/EXP/#2_WIHDWV_YT_22-04-26_4K-60FPS-libx264-FLAC.mp4 | length=73.728 | time=73.483333333333
[Wednesday/July 22/07/2026 00:34:18] /home/yannik/Downloads/The ReaDrum Rack (The RS5K Manager) in REAPER.mp4 | length=828.654 | time=1
[Wednesday/July 22/07/2026 19:14:16] /mnt/Data/OUT$IDERZ/SONGS/Projects/2026/06-26/Stan Marsh aka Ruby/MASTER/BOUNCE/#M8_Stan Marsh_MASTER_D22-M07-Y2026_74-BPM_48k-24b_ohne-masterme.wav | length=207.96377083333 | time=2.2222222222222
[Wednesday/July 22/07/2026 19:14:22] /mnt/Data/OUT$IDERZ/SONGS/Projects/2026/06-26/Stan Marsh aka Ruby/MASTER/BOUNCE/#M8_Stan Marsh_MASTER_D22-M07-Y2026_74-BPM_48k-24b.wav | length=207.96377083333 | time=5.3333333333333
[Wednesday/July 22/07/2026 19:14:29] /mnt/Data/OUT$IDERZ/SONGS/Projects/2026/06-26/Stan Marsh aka Ruby/MASTER/BOUNCE/#M8_Stan Marsh_MASTER_D22-M07-Y2026_74-BPM_48k-24b_ohne-masterme.wav | length=207.96377083333 | time=6.75
[Wednesday/July 22/07/2026 19:14:37] /mnt/Data/OUT$IDERZ/SONGS/Projects/2026/06-26/Stan Marsh aka Ruby/MASTER/BOUNCE/#M8_Stan Marsh_MASTER_D22-M07-Y2026_74-BPM_48k-24b.wav | length=207.96377083333 | time=8.1944444444444
[Wednesday/July 22/07/2026 19:14:49] /mnt/Data/OUT$IDERZ/SONGS/Projects/2026/06-26/Stan Marsh aka Ruby/MASTER/BOUNCE/#M8_Stan Marsh_MASTER_D22-M07-Y2026_74-BPM_48k-24b.wav | length=207.96377083333 | time=7.4652777777778
[Thursday/July 23/07/2026 14:34:08] /run/user/1000/gvfs/smb-share:server=nasirjones.local,share=james%20shared/Cinematic/EINSORTIEREN/Documentaries + Education/German Documentaries/Die Wahrheit über Google (2026) (Ger Dub) [SWR].mp4 | length=2626.44 | time=0.5
[Thursday/July 23/07/2026 15:39:24] /run/user/1000/gvfs/smb-share:server=nasirjones.local,share=james%20shared/Cinematic/Documentaries + Vorträge/Documentaries/German Documentaries/The Taylor Swift Years - Schicksalsjahre eines Superstars (2026) (Ger Dub)/1. The Taylor Swift Years - Schicksalsjahre eines Superstars - Folge 1 - American Sweetheart.mp4 | length=1697.7 | time=1693.86
[Thursday/July 23/07/2026 18:31:29] /run/user/1000/gvfs/smb-share:server=nasirjones.local,share=james%20shared/Cinematic/Documentaries + Vorträge/Documentaries/German Documentaries/The Taylor Swift Years - Schicksalsjahre eines Superstars (2026) (Ger Dub)/2. The Taylor Swift Years - Schicksalsjahre eines Superstars - Folge 2 - What you made me do.mp4 | length=1627.36 | time=1626.14
[Thursday/July 23/07/2026 19:03:03] /run/user/1000/gvfs/smb-share:server=nasirjones.local,share=james%20shared/Cinematic/Documentaries + Vorträge/Documentaries/German Documentaries/The Taylor Swift Years - Schicksalsjahre eines Superstars (2026) (Ger Dub)/3. The Taylor Swift Years - Schicksalsjahre eines Superstars - Folge 3 - End of an era.mp4 | length=1552.28 | time=1541.3
[Thursday/July 23/07/2026 20:53:28] /run/user/1000/gvfs/smb-share:server=nasirjones.local,share=james%20shared/Cinematic/Documentaries + Vorträge/Documentaries/German Documentaries/The Taylor Swift Years - Schicksalsjahre eines Superstars (2026) (Ger Dub)/3. The Taylor Swift Years - Schicksalsjahre eines Superstars - Folge 3 - End of an era.mp4 | length=1552.28 | time=22.06
[Thursday/July 23/07/2026 20:53:33] /run/user/1000/gvfs/smb-share:server=nasirjones.local,share=james%20shared/Cinematic/Documentaries + Vorträge/Documentaries/German Documentaries/ANTONOV AN-225 - Das größte Flugzeug der Welt (Ger Dub) [WELT].mp4 | length=2917.741 | time=4.6
[Thursday/July 23/07/2026 20:53:49] /run/user/1000/gvfs/smb-share:server=nasirjones.local,share=james%20shared/Cinematic/Documentaries + Vorträge/Documentaries/German Documentaries/Antonov An-225 - The World's Largest Aircraft (Eng Dub).mp4 | length=2949.661 | time=78.84
[Thursday/July 23/07/2026 20:54:02] /run/user/1000/gvfs/smb-share:server=nasirjones.local,share=james%20shared/Cinematic/Documentaries + Vorträge/Documentaries/German Documentaries/ANTONOV AN-225 - Das größte Flugzeug der Welt (Ger Dub) [WELT].mp4 | length=2917.741 | time=55.12
[Thursday/July 23/07/2026 20:54:16] /run/user/1000/gvfs/smb-share:server=nasirjones.local,share=james%20shared/Cinematic/Documentaries + Vorträge/Documentaries/German Documentaries/Antonov An-225 - The World's Largest Aircraft (Eng Dub).mp4 | length=2949.661 | time=117.04
[Thursday/July 23/07/2026 20:54:29] /run/user/1000/gvfs/smb-share:server=nasirjones.local,share=james%20shared/Cinematic/Documentaries + Vorträge/Documentaries/German Documentaries/ANTONOV AN-225 - Das größte Flugzeug der Welt (Ger Dub) [WELT].mp4 | length=2917.741 | time=127.76
[Thursday/July 23/07/2026 20:57:52] /run/user/1000/gvfs/smb-share:server=nasirjones.local,share=james%20shared/Cinematic/Documentaries + Vorträge/Documentaries/German Documentaries/ANTONOV AN-225 - Das größte Flugzeug der Welt (2023) (Ger & Eng Dub) [WELT]/ANTONOV AN-225 - Das größte Flugzeug der Welt (Ger Dub) [WELT].mp4 | length=2917.741 | time=2917.64
[Thursday/July 23/07/2026 20:57:53] /run/user/1000/gvfs/smb-share:server=nasirjones.local,share=james%20shared/Cinematic/Documentaries + Vorträge/Documentaries/German Documentaries/ANTONOV AN-225 - Das größte Flugzeug der Welt (2023) (Ger & Eng Dub) [WELT]/ANTONOV AN-225 - The World's Largest Aircraft (Eng Dub) [WELT].mp4 | length=2949.661 | time=0
[Thursday/July 23/07/2026 23:20:30] /mnt/Data/OUT$IDERZ/SONGS/Projects/2023/03-23/Bronx/RPR/Bronx/MASTER/BOUNCE/#M1_Bronx_MASTER_D18-M04-Y2026_81-BPM_48k-24b.wav | length=96.788604166667 | time=21.8125
[Friday/July 24/07/2026 01:13:50] /run/media/yannik/NAS_10/move to drive/TV Shows/TV Shows/Shameless (2011-2021) (Eng Dub)/S05 (2015)/Shameless.US.S05E06.720p.BluRay.x264.400MB-Pahe.in.mkv | length=3422.452 | time=13.43
[Friday/July 24/07/2026 01:21:09] /run/user/1000/gvfs/smb-share:server=nasirjones.local,share=james%20shared/Cinematic/Movies/Action, Drama, Thriller, Other/Call Me by Your Name (2017) (Eng Dub).mkv | length=7920.352 | time=2.753
[Friday/July 24/07/2026 08:36:42] /home/yannik/Downloads/Irreversible (2002 Remaster) (Eng Dub).mkv | length=5846.218 | time=6.215
[Friday/July 24/07/2026 15:13:04] /home/yannik/Downloads/Malena (2010 Uncut) (Fre Dub).mkv | length=6486.48 | time=8.008
[Friday/July 24/07/2026 18:59:59] /home/yannik/Desktop/STUDENTISCHE HILFSKRAFT/PODCAST/Ep. 20 - Alumni (09.05.26)/Podcast Episode 20/BOUNCE/#1_Podcast Episode 20_D19-M07-Y2026_90-BPM_48k-24b.wav | length=1676.5584166667 | time=1147.3819444444
[Saturday/July 25/07/2026 17:40:13] /home/yannik/Downloads/del/Shameless (2011-2021) (Eng Dub)/S01 (2011)/Shameless.US.S01E12.720p.BluRay.x264.350MB-Pahe.in.mkv | length=3051.082 | time=7.716
[Saturday/July 25/07/2026 17:40:16] /home/yannik/Downloads/del/Shameless (2011-2021) (Eng Dub)/S01 (2011)/Shameless.US.S01E03.720p.BluRay.x264.350MB-Pahe.in.mkv | length=3154.164 | time=1.46
[Saturday/July 25/07/2026 17:40:19] /home/yannik/Downloads/del/Shameless (2011-2021) (Eng Dub)/S01 (2011)/Shameless.US.S01E04.720p.BluRay.x264.350MB-Pahe.in.mkv | length=2737.78 | time=2.961
[Saturday/July 25/07/2026 17:40:40] /home/yannik/Downloads/del/Shameless (2011-2021) (Eng Dub)/S01 (2011)/Shameless.US.S01E12.720p.BluRay.x264.350MB-Pahe.in.mkv | length=3051.082 | time=12.304
[Saturday/July 25/07/2026 17:40:48] /home/yannik/Downloads/del/Shameless (2011-2021) (Eng Dub)/S01 (2011)/Shameless.US.S01E12.720p.BluRay.x264.350MB-Pahe.in.mkv | length=3051.082 | time=0.167
[Saturday/July 25/07/2026 17:40:48] /home/yannik/Downloads/del/Shameless (2011-2021) (Eng Dub)/S01 (2011)/Shameless.US.S01E11.720p.BluRay.x264.350MB-Pahe.in.mkv | length=2764.788 | time=0.083
[Saturday/July 25/07/2026 17:40:49] /home/yannik/Downloads/del/Shameless (2011-2021) (Eng Dub)/S01 (2011)/Shameless.US.S01E10.720p.BluRay.x264.350MB-Pahe.in.mkv | length=2899.914 | time=0.167
[Saturday/July 25/07/2026 17:40:52] /home/yannik/Downloads/del/Shameless (2011-2021) (Eng Dub)/S01 (2011)/Shameless.US.S01E09.720p.BluRay.x264.350MB-Pahe.in.mkv | length=3049.076 | time=0.292
[Saturday/July 25/07/2026 17:40:52] /home/yannik/Downloads/del/Shameless (2011-2021) (Eng Dub)/S01 (2011)/Shameless.US.S01E08.720p.BluRay.x264.350MB-Pahe.in.mkv | length=2880.927 | time=0.167
[Saturday/July 25/07/2026 17:40:52] /home/yannik/Downloads/del/Shameless (2011-2021) (Eng Dub)/S01 (2011)/Shameless.US.S01E07.720p.BluRay.x264.350MB-Pahe.in.mkv | length=2689.738 | time=0.083
[Saturday/July 25/07/2026 17:40:52] /home/yannik/Downloads/del/Shameless (2011-2021) (Eng Dub)/S01 (2011)/Shameless.US.S01E06.720p.BluRay.x264.350MB-Pahe.in.mkv | length=3052.063 | time=0.083
[Saturday/July 25/07/2026 17:40:52] /home/yannik/Downloads/del/Shameless (2011-2021) (Eng Dub)/S01 (2011)/Shameless.US.S01E05.720p.BluRay.x264.350MB-Pahe.in.mkv | length=2692.724 | time=0.083
[Saturday/July 25/07/2026 17:40:53] /home/yannik/Downloads/del/Shameless (2011-2021) (Eng Dub)/S01 (2011)/Shameless.US.S01E04.720p.BluRay.x264.350MB-Pahe.in.mkv | length=2737.78 | time=0.083
[Saturday/July 25/07/2026 17:41:03] /home/yannik/Downloads/del/Shameless (2011-2021) (Eng Dub)/S01 (2011)/Shameless.US.S01E03.720p.BluRay.x264.350MB-Pahe.in.mkv | length=3154.164 | time=2.336
[Saturday/July 25/07/2026 18:18:05] /home/yannik/Downloads/del/Shameless (2011-2021) (Eng Dub)/S01 (2011)/Shameless.US.S01E01.720p.BluRay.x264.400MB-Pahe.in.mkv | length=3449.46 | time=3082.496
[Saturday/July 25/07/2026 18:19:34] /home/yannik/Downloads/del/Shameless (2011-2021) (Eng Dub)/S01 (2011)/Shameless.US.S01E01.720p.BluRay.x264.400MB-Pahe.in.mkv | length=3449.46 | time=3074.738
[Saturday/July 25/07/2026 18:47:35] /home/yannik/Downloads/del/Shameless (2011-2021) (Eng Dub)/S01 (2011)/Shameless.US.S01E01.720p.BluRay.x264.400MB-Pahe.in.mkv | length=3449.46 | time=3411.575
[Sunday/July 26/07/2026 00:34:35] /home/yannik/Desktop/Praktische Abschlussaufgabe/Praktische Abschlussaufgabe - Vocal Pitch Correction/BOUNCE/#2_Vocal-ReaTune_Praktische Abschlussaufgabe - Vocal Pitch Correction - Yannik Riekert.wav | length=18.544081632653 | time=17.527777777778
[Sunday/July 26/07/2026 00:34:43] /home/yannik/Desktop/Praktische Abschlussaufgabe/Praktische Abschlussaufgabe - Vocal Pitch Correction/BOUNCE/#3_Vocal-ReaTune_Praktische Abschlussaufgabe - Vocal Pitch Correction - Yannik Riekert.wav | length=18.544081632653 | time=17.9375
[Sunday/July 26/07/2026 01:28:10] /mnt/Data/OUT$IDERZ/VISUALS/Videos (YT + Socials)/Vertical Videos/IN DA PIPELINE/Außenseiter Vertical/1. Wer ich bin/EXP/#3_Wer ich bin_Vertical_D18-M02-Y26_4K-60FPS-FLAC.mp4 | length=12.672 | time=0.93333333333333
[Sunday/July 26/07/2026 05:15:01] /home/yannik/Downloads/Andrej.Rubljow.1966.1080p.BluRay.x265.AAC2.0-Pahe.in.mkv | length=10960.552 | time=222.958
[Sunday/July 26/07/2026 05:15:10] /home/yannik/Downloads/Andrej.Rubljow.1966.1080p.BluRay.x265.AAC2.0-Pahe.in.mkv | length=10960.552 | time=816.542
[Sunday/July 26/07/2026 05:27:33] /home/yannik/Downloads/Kennst du diese 4 Sidechain-Techniken für druckvolle Bässe.mp4 | length=276.054 | time=0.36
[Sunday/July 26/07/2026 15:06:17] /home/yannik/Downloads/del/Shameless (2011-2021) (Eng Dub)/S01 (2011)/Shameless.US.S01E02.720p.BluRay.x264.400MB-Pahe.in.mkv | length=3344.372 | time=2676.632
[Sunday/July 26/07/2026 15:11:25] "Valve Accidentally Made the Best Desktop PC I’ve Ever Used" | https://www.youtube.com/watch?v=5fXAELrljqs | length=925.921 | time=387.02438691054
[Sunday/July 26/07/2026 15:16:00] /home/yannik/Downloads/del/Shameless (2011-2021) (Eng Dub)/S01 (2011)/Shameless.US.S01E02.720p.BluRay.x264.400MB-Pahe.in.mkv | length=3344.372 | time=0
[Sunday/July 26/07/2026 16:33:10] /run/user/1000/gvfs/smb-share:server=nasirjones.local,share=james%20shared/Cinematic/Movies/Action, Drama, Thriller, Other/The Phantom of the Opera (2004) (Eng Dub).mkv | length=8464.357 | time=4.254
[Sunday/July 26/07/2026 16:33:16] /run/user/1000/gvfs/smb-share:server=nasirjones.local,share=james%20shared/Cinematic/Movies/Action, Drama, Thriller, Other/The Day After Tomorrow (2004) (Eng Dub).mp4 | length=7420.416 | time=1.9185683333333
[Sunday/July 26/07/2026 16:47:06] /home/yannik/Downloads/del/Shameless (2011-2021) (Eng Dub)/S01 (2011)/Shameless.US.S01E02.720p.BluRay.x264.400MB-Pahe.in.mkv | length=3344.372 | time=3283.488
[Sunday/July 26/07/2026 16:47:57] /home/yannik/Downloads/del/Shameless (2011-2021) (Eng Dub)/S01 (2011)/Shameless.US.S01E03.720p.BluRay.x264.350MB-Pahe.in.mkv | length=3154.164 | time=49.784722222222
[Sunday/July 26/07/2026 16:47:57] /home/yannik/Downloads/del/Shameless (2011-2021) (Eng Dub)/S01 (2011)/Shameless.US.S01E03.720p.BluRay.x264.350MB-Pahe.in.mkv | length=3154.164 | time=0
